entity_id	business_name	business_address	country
S3-580325007	Cozy Bike Shop Services	3300 Southorn Oaks Dr, Bloomington, Indiana	US
S3-130505638	सुप्रीम आईटी प्राइवेट लिमिटेड	Office No S ##07 82Haware, Centurion Plt88-91 Sec19a, Thane, MH	India
S3-475367941	Leor LLC	846 Northwood Pines Lane, KTAY CITY, Texas	US
S3-207385893	Tirupati  Solutions	1103. A-tower, Thane, Mumbai, MH	India
S3-325940811	Cardiology Health & Co		US
S3-412613954	BRIGHT ASSET LLC	1911 377, Acton, Texas	US
S3-820940672	Williams Dragon Of	201 Hartford Ln, Jacksonville, North Carolina	US
S3-280540769	Eastern + Partners Corp	#A-7, Marwah Estate Saki Vihar Road, Andheri (East), Bombay, Mumbai City, MH	India
S3-541353681	Dee-Private Limited Center	13-02, Mumbai, Panvel, MH	India
S3-984763052	Sands Stanley, Llc	Ogden, 361 SE 4th St, Iowa	US
S3-256483259	Mr Satya Solar Limited Services	Flat 301, Nishi Palace, Plot No 225, 9Th Main Road, Hrbr 1St Block, Bangalore North, Bangalore, KA	India
S3-284879468	Limited Services Orion Fuels Center	#1026, Sector-15 Part -Ii, Gurugram, Gurgaon, HR	India
S3-928474436	Cascade Partners Center	5643 Grand Floral Blvd, Houston, Texas	US
S3-168261318	Ndse Ii  Constructions Private	D-10, Third Floor, Ndse Ii, New Delhi, DL	India
S3-907098075	Mr bunited.com	801 Swapnapurti, Jeevansheela Chs Ltd, Joggers Park, Government Colony, Mumbai, MH	India
S3-129830973	Sun High Hospitality Private	Gautam Buddha Nagar, Noida, 123, Vedya Realtors Shahberi, Near Sai Mandir Greater Noida West Tehsil, UP, Block A-262 P-125	India
S3-853091823	My Hetahcare Private Limited	Rom No: Xxi/610, Chalakudy Muncipality Chungath Builders And Developers Pvt Ltd, Chalakudy, Thrissur, Keralam	India
S3-881262651	SY Hyperliquid [[LLC]]	6250 Little Ox Road, Fairfax Station, Virginia	US
S3-860282739	बाबा टेक्नोलॉजी	B-00303, Gardenia, Tupe Nagar, Sade Satra Nali, Pune, MH	India
S3-325866204	Katharine'S Gréen Software	1 Alpena Ave, Woburn, Massachusetts	US
S3-59515002	Morris  + Sotelo	Summer Street, # 4, Lynn, Massachusetts	US
S3-360219250	Suryansh Lounge Private	No 8, Nashik, महाराष्ट्र	India
S3-857886916	Pb & Sons Private Ltd		India
S3-453554116	Collete Miller Keycorp	982 Town Point Road, Chesapeake City, Maryland	US
S3-238865496	Nexzephorbi	Vasai, Thane, Flat No 28, Achole Rd, Tulini, MH, Salami Majethia Park	India
S3-762474814	Le and Wmelrgat LLC	Wisconsin, City Of River Falls, Vista Circle	US
S3-558270966	Legacy Starry Llc	300 Water Steret, Unit 365, Mobile, Alabama	US
S3-192319782	Clean Optimal	New York, ##794 54, Pennellville	US
S3-995514060	global creative energy private limited	Near Jama Maszid, Pachhim Darwaza, P.s. Khajekala, Patna., Patna City, बिहार	India
S3-961433073	Foye Paceline LLC Center	8820 Lucas And Hunt Road, Unit APT E, Saint Louis, Missouri	US
S3-573587525	Kinlaw & Watson	00706 Sleepy Hollow Drive, Franklin County, Virginia	US
S3-659994906	Disha Disha Blend-Ltd	B3/105/28, Pune, MH	India
S3-84729757	Street	##30 Taylor Drive, N/A, Reading, Massachusetts	US
S3-151016158	Pyrazeph DBA Tolbert Biologics	5645 Shimerville Road, Clarence, NY	US
S3-261951570	Krishna-Management Ltd	Khordha, Bhubaneswar, OD, Plot No-lb-86	India
S3-340487376	Evocalo Sys formerly Shiva Investment Private Limited	Rhno-52 Plno-Rh-7 Midc H, Maharashtra, Aurangabad, R.H.K.Co-Op.Hos.Soc.Ltd, Aurangabad	India
S3-543364694	Delta Madison Co	Lower Buckeye Parkway, Unit 1077, Goodyear, Arizona	US
S3-558917437	Lakshmi  Healthcare Private Limited	H.no 482 Sreerangamtempleroad, Ernakulam, Aluva, Keralam	India
S3-925002096	Sun-High Hospitality Private Limited	Block A-262 P-125, 123, Vedya Realtors Shahberi, Near Sai Mandir Greater Noida West Tehsil, Noida, Gautam Buddha Nagar, UP	India
S3-808706439	Benigno Rtokelt  LLC	680 Ohio St, Van, Texas	US
S3-524636168	Ace Defense Laboratories LP	4541a 86nd Avenue, Fl 1, Olympia, Washington	US
S3-688987295	വിഷൻ വിജയ് ഡെവലപ്പേഴ്സ് പ്രൈവറ്റ് ലിമിറ്റഡ്	Officeofthe Itschool Project, Scertbuilding, Poojapura, Thiruvananthapurarn, Trivandrum, Thiruvananthapuram, കേരളം	India
S3-670047740	ஸ்டார் டெவலப்பர்ஸ் பிரைவேட் லிமிடெட்	No-96/2, Coimbatore, தமிழ்நாடு	India
S3-761412245	... MKR Services of Coimbatore Company	D-1, Coimbatore, TN	India
S3-250745775	Deltatavo d/b/a Julita's Supply	864 Washington Avenue, Chestertown, MD	US
S3-727549253	Jaxrizax DBA Pediatric Coastal Medicine LLC	Lorain, OH, 4113 Riverside Drive	US
S3-467908195	Great Médical Center	3719 Brook Shadow Drive, Kingwood, Texas	US
S3-907875880	SMITH ENDOCRINOLOGY	301 Nevada Avenue, Mountain Home, Arkansas	US
S3-292654492	Mirakelo	H.no 381 Raj Mahal Veer Nariman Roadchurch Gate, Mumbai, MH	India
S3-539564162	Preferred Research	1131 Hidden Ridge, Irving, Texas	US
S3-369438795	72 Hour  Homecare	Unit Unit 216, 8725 209th St, Minnesota, Lakeville	US
S3-340307355	árduini, Juliane Hawaii	20992 Jefferson Road, PMB 9018, Delaware, Lincln	US
S3-715923431	Limited Silver Foods Center	19, 1St Floor, Madhu Sudan Nagar, Unit - 4, Bhubaneswar, OD	India
S3-911048897	Suman  Limited Partners	N-98-bsouth Avenue Sainik Farm, New Delhi, South Delhi, DL	India
S3-566277685	ലക്ഷ്മി ഹെൽത്ത്‌കെയർ പ്രൈവറ്റ് ലിമിറ്റഡ്	#482 Sreerangamtempleroad, Aluva, Ernakulam, Keralam	India
S3-701463662	Yolande Brown Telecom Telecom [Inc.]	1224 Second St, Mcdonald, Pennsylvania	US
S3-691792906	Gonzalez'S-Inc Services	9506 Riverland Lane, Houston, Texas	US
S3-879251123	Rosiles Armour Armour Center	Texas, 5401 Bus Hwy 83, Harlingen, Unit UNIT 316	US
S3-563349083	Dynamic Optimal Third	117 Spring St, Bessemer, Alabama	US
S3-232136811	Kotz Jpmorgan	204 Slade Ave, Pikesville, Maryland	US
S3-307682991	1084 Highland Blvd	2916 Mckinley Street, Indiana, Anderson	US
S3-974030908	DIONIS NELSON FIRST DEVELOPMENT LLC	66 Portage Street, Unit A, Arlington, Washington	US
S3-372702483	Cancer Miinseerags	Orchard Place, # Apartment 2, Lackawanna, New York	US
S3-319608373	Literacy LLC Partners	15 Dogwood Street, Denver City, Texas	US
S3-615659702	Dr Koyo Clothing Prívate Limited	C/o Mr.eanthibhooshan M S, Thrissur, KL	India
S3-44885829	The Tigadi Farming		India
S3-510306235	Cunningham And Eadie Construction Inc	560 Oklahoma Ave, Washingon, District of Columbia	US
S3-320123562	Prlemire Tax LLC	Curiel Street, Arizona, Eloy	US
S3-472350598	Hung's Printing	4623 U Street, Fort Smith, Arkansas	US
S3-4711258	Ss কনসাল্টিং প্রাইভেট লিমিটেড	2/83/A, Rabindra Nagar Rabindra Nagar, Kolkata, Howrah, Kolkata, WB	India
S3-404338542	Cindie'S  Center		US
S3-423830678	Denava Éxpress Development	Alabama, Springville, #75 Carousel Lane	US
S3-661716730	H/X Center	28103 Fm 2978, Magnolia, Texas	US
S3-997340397	Dawn Iufstrose Group Private  Limited	Palnadu, H.no #1-175, AP, Guntur	India
S3-202239621	Chiropractic Specialists Specialists	508 7th Street, Brainerd, Minnesota	US
S3-66737741	(llc) urology associates	1602 Francis St, Houston, Texas	US
S3-754390769	Dedyne	2114 Ashley Rd, PO Box 7081, Charlotte, North Carolina	US
S3-94496006	सन हाई हॉस्पिटैलिटी प्राइवेट लिमिटेड	UP, Gautam Buddha Nagar, 123, Vedya Realtors Shahberi, Near Sai Mandir Greater Noida West Tehsil, Noida, Block A-262 P-125	India
S3-871472158	Aurent Energy	1817 Dearmon Dr, Charlotte, North Carolina	US
S3-336589039	Milo Milo Pizza Associates	Camelback Road, # LOT 171, Scottsdale, Arizona	US
S3-127944910	Belovera DBA Uptown Bakery	490 Alabama Street, Unit UNIT 103, Redlands, CA	US
S3-737941737	Honesty Gas	#1, 2 Floor, Angel Complex, 1St Main Road, Bramaramba Extensin, Chamarajanagar, Chamarajanagara, C Ramasamudra, KA	India
S3-912087785	Dr Verity  Consultants Private Limited	Bhanu Nilayam, Hyderabad, తెలంగాణ	India
S3-470822323	5hiv Paint Pvt.	Hn ##881 Flat No C 303 Jai Galaxy Appartment Kodigehalli Main Road Bangalore, Bangalore, KA	India
S3-70815910	ਕ੍ਰਿਸ਼ਨਾ ਫਾਊਂਡੇਸ਼ਨ ਪ੍ਰਾਈਵੇਟ ਲਿਮਟਿਡ	Near To Govt. Girls. S. S. School, Firozpur, PB	India
S3-890749140	Eastern Total Eye Cáre P.C.	704 Dubuque Drive, Montgomery, Alabama	US
S3-103919549	Family Center Association	1003 Crystal Lane, PO Box 1927, Town Of Beloit, Wisconsin	US
S3-120565527	LLC Patriot Aviation	Cedar Bayou Lynchburg Rd, Baytown, Texas	US
S3-296273394	>> Balaji Solutions Private	Asn Starchem Private Limied C/o Mr Shailendra Gupta #26 Arogya Nagar, Kota, RJ	India
S3-167351867	Dr Rivet Industries Ltd	Kochi, Kohinoor, കേരളം	India
S3-546067499	Aryama Company Services	H.no C-17/2 Bara Mohalla, Hissar, Hisar, HR	India
S3-826977024	Surgical Heartland-Physicians Inc	Palatine, 1317 Arbor Laen, Illinois	US
S3-940404114	BOC	Villa No 47, Kismathpur, L B Prasad Eye Institute, Shaikpet, Hyderabad, Telangana	India
S3-513258945	Delhi Gabnse Private Limited	27, Delhi, North West, DL	India
S3-734597779	Nanice Espinal  Investments	41956 Venn Road, Antioch, Illinois	US
S3-933362694	Big  Cafe LLC	11571 Christmas Cholla Drive, Fl. 1, Scottsdale, Arizona	US
S3-668781175	EB	Kh No. 393, Property N No. B-1304 New Ashok Nagar, Delhi, East Delhi, Delhi	India
S3-485308518	Straight Edge Auto Body Corporation	14928-14930 Fire Lane, PMB 8450, Danbury, Wisconsin	US
S3-832316629	Superior Property [Technologies]		US
S3-304996875	Cbs Beverage Pvt  Ltd	Hn A-449 Rs.no.57 Opp. Plot No.124, Talaja, Bhavnagar, ગુજરાત	India
S3-381602851	Peterson and  Young P.C.	0419 5th Street, Blaine, Washington	US
S3-59609103	Katharine's  Green	1 Alpena Avenue, Woburn, Massachusetts	US
S3-818258100	Cardiology Care	##1809 25th St, Newport News, Virginia	US
S3-335870361	Shyam Idstrise Private Limited	#35 Kh.no. 76/15 Ground Floor, Budh Vihar Pooth Kalan, Blkh-2, DL, New Delhi	India
S3-693016582	Pediatric Medicine 0f Cimarron Hills LLC	7245 24, Unit 120, Cimarron Hills, Colorado	US
S3-509594419	Crew Global LLP	Door No 4, Vaternary Apaper Associtent, Gondhali Galli Beside Vetarnory Office, Belagavi Gondhali Galli Beside Vetarnory Office, Belgaum Csd-3, Belgaum, KA	India
S3-917906951	The Quiroz Reliable Alchemy Inc	0116 Papineau Street, Papineu, Illinois	US
S3-688076126	Sarasva India [[Limited]]	H.no 9/1/3 Kasundia 2Nd Bye Lane Lp-224/24/1, Santragachi, Howrah, WB	India
S3-254140195	Smt Starline Trading  Limited	House No 6488 Shop No Pvt, North Delhi, DL	India
S3-181248941	H/X Controls	Fm 2978, Magnolia, Texas	US
S3-750934948	Tavosolflux a/k/a @ Home 1 U LLC	416 Spickard Court, Nashville, TN	US
S3-750734057	National Convertible-L.L.C.	922 Eastern Pkwy, Brooklyn, New York	US
S3-559833756	The Primary Care Group	Jueau, Alaska, # 12D, 362 Amalga Street	US
S3-955477709	Rapid Transit	8201 1/2 Highpoint Road, Fl 0, Curtis Bay, Maryland	US
S3-925775558	M/s Hotel-Agro Private Limited		India
S3-833933487	L.L.C. Dalton, Hanson and Pierce	California, 9245 Winding Oak Dr, Fair Oaks	US
S3-100584727	Jansen Keystone-Top Co	185 Plainview Dr, Boliingbrook, Illinois	US
S3-636983524	Ganganth Energy Private-Limited	H. No. 4, Delhi, DL	India
S3-951921480	JOHNSON, GUTHRIE AND MEADOWS LLC		US
S3-13079813	oerexford.com	540-542 Darlington Trail, Fort Worth, Texas	US
S3-370862122	Ciraquo f/k/a Choice Research Holdings	10925 61st Street, Douglas County, NE	US
S3-441210740	Holyzion.Com	54 Dykes Park Rd, Clarkstown, New York	US
S3-675612540	Brit Cash Modern Proem	15758. Willow Drive, PMB 3237, Fontana Township, California	US
S3-417372286	Keston Dstribution	Church Street, PO Box 5404, Nashville, Tennessee	US
S3-363423123	Nexfaye D.B.A. Mccormick Apex Supply L.L.C.	19 Rolling Hills Drive, North Branford, CT	US
S3-118966394	கிரீன் இன்ஃபோடெக்	Erode, TN, Erode, 396, Muthampalayam Housing Unit Phase 2 Kasipalayam Post	India
S3-139761348	nanice espinal investments	41613-41617 Venn Road, Anitoch, Illinois	US
S3-20414403	Mccormick ápex Supply L.L.C.	#19 Rolling Hills Drive, No Branford, Connecticut	US
S3-330380915	Cindie's Painting	Haltom City, Texas, 5400 Sablle Ln	US
S3-420849088	Mccorvey and  Turner Chemical	616 Herring Point Circle, Seymour, Texas	US
S3-948212597	Arialyra formerly Cunningham Dynamix PC	109 Shore Drive, Greensville County, VA	US
S3-408192669	Bright North Engineering Private Ltd	H.no 00484 J-135, S/f, Rbi Enclave, New Delhi, West Delhi, DL	India
S3-537343634	Inc Clean Bright Hotses	530 Main Street, Harrisonburg City, Virginia	US
S3-991790262	Laxmi  Trading Private	Door No 1205/8 Shivaji Nagar Gagna Yamuna Flat No 6, Pune, MH	India
S3-563378709	Preferred Fresenius	Osage Street, Independence, Missouri	US
S3-478036358	Hardin Grand Origin	New York, Rocheser, 4430 Dewey Ave	US
S3-429392758	Digital Data Solutions	#100 Burning Hollow Drive, Chittenango, New York	US
S3-28971635	राम इंटरनेशनल इंफ्रा प्राइवेट लिमिटेड	C/o M/s Creation Biotech Ganganagar Colony, Behind Swasti Hospital, Bareilly, UP	India
S3-882310689	ஃபார்ச்சூன் டெக் பிரைவேட் லிமிடெட்	No.23, Salai Nagar Cuddalore Port, Cuddalore, தமிழ்நாடு	India
S3-162160497	Patana  Pocdrmr	S/o Sri Awadhesh Narain Singh F N 105 Verma Center Boring Rd Chouraha S K Puri, Patana, Patna, बिहार	India
S3-852088274	Jsm Private Limited Service	Door No 7, Bangalore South, Bangalore, KA	India
S3-203688001	Ch0ice Telephone LLC	10814 Stafford Street, Fl 0, Wichita, Kansas	US
S3-131147122	Dynamic Rapid Couture L.L.C.	Newman Lake, 05013 Farmfield Rd, Washington	US
S3-315056750	এসএস কনসাল্টিং প্রাইভেট লিমিটেড	2/83/A, Kolkata, Howrah, পশ্চিমবঙ্গ	India
S3-596730546	Eastern Total [Eye]	Alabama, Montgomery, 704 Dubuque Dr	US
S3-211525612	Superior Property Property	36 Bluefish Ln, Palacios, Texas	US
S3-433037811	Dalton, Hanson & Pierce Llc	9245 Winding Oak Dr, Fair Oaks, California	US
S3-32097394	rivetindustries.com	Kohinoor, Kochi, Ernakulam, KL	India
S3-615737373	Rizanylaevo	New York, New Windsor, 167 Taylor Road	US
S3-149195399	296-297-West Owners Corp	Wisconsin, ##18009 Icicle Rd, Town Of Sparta	US
S3-104324649	Pao Holding-Company Prabdcnes	400 Tryon St, # M5, Charlotte, North Carolina	US
S3-509916566	Apex Consumer	Wildwood Drive, Nashville, Arkansas	US
S3-553318403	Couch & Ball Mckinley L.L.C.	Grand Prairie CDP, 6959 Alcala, N/A, Texas	US
S3-149561744	AVILA MEDICAL CENTER	201 8nd Street, Ponca City, Oklahoma	US
S3-488494302	Interstate Semiconductor Solutions (LLC)	4915 Amberwell Pl, Glen Allen, Virginia	US
S3-102597948	Soex LLC-Center	24nd Ave, Nashville, Tennessee	US
S3-176356932	GONZALEZ, ROSA AND PARISE	3236 -300 Silver Sands Cir, Viirginia Beach, Virginia	US
S3-651131117	Ab Consubtancprivacte Pvt. Ltd.	43 Ramaiah Layout, Lingarajpuram, Bengaluru Urban, KA	India
S3-635337210	Jaxnex doing business as Railway Road Engineering LLP	Railway Road, Haryana, Gurgaon, Paras Dews, Sec 106 Dwarka Expressway, Pds 11	India
S3-222872281	YRN ADVERTISERS PRÍVATE PRÍVATE LIMITED	Mmb 1/171, Sitapur Rd, Lucknow, UP	India
S3-446046547	Iriarc trading as Urban International School	Sf-03, 2Nd Floor, Southern Park, Plot No.D-2, District Centre, Saket, New Delhi, Delhi	India
S3-423579335	... Solola-LLC Center	9144 West H Burges Dr, City Of El Paso, Texas	US
S3-926369760	OV Workforce Ltd	381 12-13-1274, Hyderabad, Andhra Pradesh	India
S3-288529188	Vanguard-Culture Global	1443 Alvernon Way, PO Box 6213, Tucson, Arizona	US
S3-600762337	Ceniify Consultants	1443 Teneighth Way, Sacramento, California	US
S3-162856911	Dynamic Global Private		India
S3-530731057	72hourhomecare.Com	8725 209th St, # Unit 216, Lakeville, Minnesota	US
S3-371915520	Atlantic Couroil  II	North Carolina, Beech Mountain, 30 Skiway Cir	US
S3-774376810	Sri Pragati + [Associates-Corporation]	C/o, Md. Ali Molla, Vill-, P.o.- Elahipur, Dist: Hoo, Hooghly, পশ্চিমবঙ্গ	India
S3-652116177	Western Value Beyond, Inc	Illinois, 306 Locust Street, Palmyra	US
S3-234128350	Unique & Sons Prcvate Limited	H.no 118, Hyderabad City Region, K.v.rangareddy, TG	India
S3-339053481	Internal Medicine Green-Center	5126 Lyptus Ln, Klamath Falls, Oregon	US
S3-227602631	Casper  Companie LLC	349 Briar Brae Rd, Stamford, Connecticut	US
S3-989221877	Complete Rapid-Muniyield, Inc	12502 Yorkshire Dr, Apple Valley, California	US
S3-480007268	Services Grrocey Chakra	Dodr No D/678 496, Coimbatore, TN	India
S3-200413842	sssystems.com	D. No. 127B/42, Majith Street, Dharmapuri, Pappireddipatti, TN	India
S3-16284988	carrionequitypartners.com	03934 Lupin Bush Ln, Manvel, Texas	US
S3-557013619	Mascot (Krishna)	17, Ellaiyamman Sannathi, Street, Vijayapuram, Thiruvarur, Tiruvarur, TN	India
S3-705484177	Aguirre  Evo	4949 Deer Trl, Prescott, Arizona	US
S3-829299177	Lakhani Digital Pvt	Tc 57/459-1, Trivandrum, Thiruvananthapuram, Keralam	India
S3-969320203	Bureau of Búildings	3063 Main St, Custre, Washington	US
S3-511790640	CANCER MINISTRIES	161-165 Orchard Pl, # Apartment 2, Lackawanna, New York	US
S3-564772562	Jay Private Limited Center	Flt - 4B, Priyadeep Apt., Nabapally Cirular Road, Bodai, North 24 Parganas, WB	India
S3-70184331	Supreme LLP [Services]	1-266/1, Mathrushree, Bellairu Grama, Ks Rao Nagar, Karnad, Dakshina Kannada, Mangalore, ಕರ್ನಾಟಕ	India
S3-792589757	samarthatrading.com	KL, Malapuram, Kozhikkal, Kavumpuram, Tirur, H.no 007/74A, Malappuram	India
S3-416420602	khichripur bay private limited	Khichripur, #8/439-440 Ii Floor, East Delhi, दिल्ली	India
S3-952162544	-- Galaxy Future International Private (Ltd)	A/2 Bhagabanpurindustrial Estate Patrapara, Khordha, Bhubaneswar, OD	India
S3-644696548	National Fellowship VI	Lona Ln, Albuquerque, New Mexico	US
S3-44702160	>> Unique Vijay Technology  Private Limited	H No.19-1-455 & 456 Kamati Pura, Hyderabad, Andhra Pradesh	India
S3-903156332	Big Cafe LLC Partners	11571 Christmas Cholla Dr, Fl. 1, Scottsdale, Arizona	US
S3-348731555	Dr Super Enterprises Private Ltd | www.superente.com	H.no 6 & 7, Huzur, Bhopal, MP	India
S3-765964739	Collete Miller Keycorp L.L.C.	Chesapeake City, Maryland, 982 Town Point Rd	US
S3-393911108	Urban School International	Sf-#03, 2Nd Floor, Southern Park, Plot No.d-2, District Centre, Delhi, New Delhi, DL	India
S3-690305099	Ear Nose & Throat Heritage Partners Corp	00156 Flat Shoals Avenue, Atlanta, Georgia	US
S3-441817844	ஃபார்ச்சூன் டெக் பிரைவேட் லிமிடெட்	No.23, Vilvanathan Avenue, 2Nd Gate, Salai Nagar Cuddalore Port, Cuddalore, TN	India
S3-17473631	Cunningham Dynamix	#109 Shore Dr, Greensville County, Virginia	US
S3-220174380	Jerrie Hoskins American	365 Morris Rd, Laceys Spring, Alabama	US
S3-212064515	A Cure 8 All Ltd	12214 1/2 Autumn Dale Ct, Maryland Heights, Missouri	US
S3-165225224	स्काई ट्रेडिंग प्राइवेट लिमिटेड	S 29/1/4/5 Chaitanya Clats Ic Fl 22 Dhankawadi, Pune, MH	India
S3-906530356	Suman Technologies Límited	N-98-bsouth Avenue Sainik Farm, New Delhi, South Delhi, दिल्ली	India
S3-252081808	e 4 value debt inc.	1400 32rd Ave, Bldg. Building 210, Fargo, North Dakota	US
S3-615657307	Gildlum t/a Bhishma Mercantile Private Limited	Kerala, 11/797-B Vattamkulam Panchayath Sukapuram Edappal P O, Malappuram District, Malapuram, Door No 11/797-A, Malappuram	India
S3-680402840	Peridova Lífeco Inc.	908 Isa Way, Tolar, Texas	US
S3-789445534	Fayearia	143, Iv Main Road, Malleswarm, Bangalore, Ngalore, Bangalore, Karnataka	India
S3-404167911	Shiva மீடியா பிரைவேட் லிமிடெட்	Iit Madras Research Park, Chennai City Region, Chennai, TN	India
S3-508770404	SHIV INVESTMENT PRIVATE LIMITED Enterprises		India
S3-652425939	Samarthatrading.Com	Malappuram, Door No.007/74a, KL, Malapuram	India
S3-422877851	Salazar Guaranty	4650 Fairway Dr, LS Alamos CITY, New Mexico	US
S3-239825666	North Continental Center	11422 45st Ave, Chippewa Falls, Wisconsin	US
S3-631675667	Tri-State Newbury	1021 Amity Rd, Bethany, Connecticut	US
S3-125950005	dewmendozapro.com	221- Vine Saint, Unit 2, Everett, Massachusetts	US
S3-139521656	Tirupati Solutions L.L.P.	H.no 1103. A-ower, 1St Podium, Samriddhi (S), Indralok, Thane, Mumbai, MH	India
S3-124828463	आनंद अल्फा इंडस्ट्रीज लिमिटेड	C/o Sushil Suryawanshi Netaji Nagar, Behind Zilla Parishad, Latur, MH	India
S3-135162247	Let Peoples(India) Private Limited	Sultanpur Road, Kapurthala, PB	India
S3-870580145	American Preferred-Genteariig LLC		US
S3-866675231	SPF MODERN PIONEER	3153 Cog Wheel, St Charles, Missouri	US
S3-662608856	വിഷൻ വിജയ് ഡെവലപ്പേഴ്സ് പ്രൈവറ്റ് ലിമിറ്റഡ്	Trivandrum, Scertbuilding, Poojapura, Thiruvananthapurarn, കേരളം, Thiruvananthapuram, Officeofthe Itschool Project	India
S3-663703398	primary care group	362 Amalga St, Unit 12D, Juneau, Alaska	US
S3-230817702	american committee	Indiana, Rochester, 1701 Audubon Ave	US
S3-563168432	greatinsurance.com	13219 Annika Drive, Litchfield PARK CITY, Arizona	US
S3-1728745	LLP Gujarat Bright Technologies	HR, Gmcbl City Bus Depot Sector #52, Gurgaon	India
S3-550313395	Grace Church Church	192 Roosevelt Ave, Indianapolis, Indiana	US
S3-423370673	Chastity Gowans American Míssion LLC	La Vernia, 3321 307, Texas	US
S3-176725630	Nenaia  Co	##1932 Ave P, Scottsbluff, Nebraska	US
S3-112529894	Bright Artb  LLC	1911 377, Acton, Texas	US
S3-749599438	Neelam Service  Public Limited	C/o Rajashri Ravindra, Shirol, MH, Kolhapur	India
S3-374421755	Pune 8harat	Hn 672 165, Chitradurga, KA	India
S3-329498386	Rivera Cólonial Standard LLC	469 Chicago Avenue, Chicago, Illinois	US
S3-171639099	Shiva Limited Private Investment	Rhno-52 Plno-rh-7 Midc H, R.h.k.co-op.hos.soc.ltd, Aurangabad, MH	India
S3-859366877	Fresh Pltaiium LLC	23 Winnard Rd, Hampton City, Virginia	US
S3-401533705	सुपर इंजीनियरिंग प्राइवेट लिमिटेड	Hn 350 3/56, Lucknow, UP	India
S3-348064474	Shagun Lab	R No 126 Rahul Nagar Opp, Mumbai, महाराष्ट्र	India
S3-718185034	ब्राइट नॉर्थ इंजीनियरिंग प्राइवेट लिमिटेड	DL, New Delhi, H.no 00484 J-135, S/f, Rbi Enclave, West Delhi	India
S3-954341836	ईस्ट बिजनेस प्राइवेट लिमिटेड	Kh No. 394, Delhi, East Delhi, दिल्ली	India
S3-719779871	The Brown Golden Insight	2914 16st St, Omaha, Nebraska	US
S3-53398088	Garner and Palacios Vérnal-Fargo	137 EB Prairiewood Dr, Fargo, North Dakota	US
S3-206631711	Leor  LLC	846 Northwood Pines Ln, KTAY CITY, Texas	US
S3-506373016	इंडो हॉस्पिटैलिटी प्राइवेट लिमिटेड	Flat No. B-25, East Delhi, DL	India
S3-221164642	Smt Classical Wellness (Private)		India
S3-227673203	Ram International Infra (Private)	C/o M/s Creation Biotech Ganganagar Colony, Behind Swasti Hospital, Bareilly, UP	India
S3-180162070	Kotz Jpmorgan Of Pikesville	Pikesville, 223 Slade Ave, Maryland	US
S3-582807399	madsenrithm.com	6987 Highway 278, Arkansas, OAZN	US
S3-156555434	Literacy League LLC Council	15 Dogwood Street, Denver City, Texas	US
S3-87785442	Vantagevantageio d/b/a Scholarship Council	10436 NC41, Fairmont, NC	US
S3-989804200	Cardiology Cre Inc	Alex Way, Cambridge, Maryland	US
S3-551577943	Ornelas Clear	2840 Andros Street, <NULL>, Costa Mesa, California	US
S3-368298694	Richardson élite Krakacquisition LLC	139 Concord Street, Ashland, Massachusetts	US
S3-304443633	রেড মিডিয়া প্রাইভেট লিমিটেড	Block D-493 Jutika Apartment, Howrah, WB	India
S3-600268924	LLC Clark, Hénsley & Patton	40 Webster St, Kasota, Minnesota	US
S3-393802091	इनोवेटिव बिल्डर्स लिमिटेड	#622 323, 3Rd Floor, Panchratna, Opera House, Mumbai City, Mumbai, MH	India
S3-182042096	brineyglyons.com	3941 Dunhagan Rd, Greenville, North Carolina	US
S3-566818739	Generating *** American Preferred	2731 Ar 351 Highway, Jonesboro, Arkansas	US
S3-564333701	Great Medical Center Corporation	3719 Brook Shadow Dr, Kingwood, Texas	US
S3-543716797	Damani + Soon  Ltd	1697, Hsiidc Rai Sector-38, Sonepat, हरियाणा	India
S3-589125304	LLC Martinez Tshkos	8969 SW Village Loop, Chanhassen, Minnesota	US
S3-273295438	civic vidyalaya	Vill. Gogra, Kolkata, No Block, WB	India
S3-443424215	Drexonyxdelta doing business as H/X Controls	Magnolia, 28103 Fm 2978, TX	US
S3-863056433	Jones Citizens	9521 Gooden Drive, Fayetteville CITY, North Carolina	US
S3-724216450	Dnd Sea  (lndia) Private Limited	Plot No. 5420, <NULL>, Sachin, Surat, GJ	India
S3-623490692	Sk Distributors Private Limited	112/2Sitanath Bose Lane, Howrah, Uluberia - I, WB	India
S3-253181158	Maaudyog.Com	Door No 2023, New Delhi, DL	India
S3-300333418	Waves Trading Private	Plot 102 Shyamala Towers, Salaigramam, TN	India
S3-712663227	Consultancy Classic Realty  Private Limited	1303-B 13Th Floor Hemkunt Chamber 89 Nehru Place, New Delhi, South Delhi, DL	India
S3-380180678	Silcott Silcott Heartland Security	20 Silver Gate Ct, Perry Hall, Maryland	US
S3-902340707	5oex Obic,  LLC	2495 24nd Avenue, Nashville, Tennessee	US
S3-215668981	INTERNAL MEDICINE REGIONAL CARE, INC	5408 Cinphany Ct, High Ridge, Missouri	US
S3-772139233	Baba Technology LLP	B-00303, Gardenia, Tupe Nagar, Sade Satra Nali, Pune, MH	India
S3-297520131	fbdo.com	Competition Ave, Montana, Billings	US
S3-383919263	Tatiana Bingham Kpet	1275 R Capitol Ave, # R, Atlanta, Georgia	US
S3-429939919	বোম্বে ইনফ্রা	C/o Gopal Ch Bera, Chakdah, WB	India
S3-97587065	Guru Constructions Limited Private	05-055/49/C/Nr, Ramireddy Nagar-w4, Jeedimetla Village, Quthbullahpur Mandal, Tirumalagiri, Hyderabad, TG	India
S3-990791521	happy hypnosis	2763 G Street, San Bernardino, California	US
S3-783395574	Mercado  Averin,	520 17st Street, Murphyboro, Illinois	US
S3-542901345	Verity Consultants Private	Hyderabad, TG, Hyderabad, Bhanu Nilayam	India
S3-302612044	सुपर इन्वेस्टमेंट प्राइवेट लिमिटेड	C/o Shri Suresh Rambhau, State Bank Colony Nr Tapa, Amravati, महाराष्ट्र	India
S3-185767348	इंटरनेशनल टेक्नोलॉजीज एलएलपी	601 Jolly Bhavan No 251New Marine Lines, Mumbai, MH	India
S3-263796652	garner and palacios vernal-fargo	137 EB Prairiewood Dr, # Apartment 205, Fargo, North Dakota	US
S3-514335390	ಫಾರ್ಚೂನ್ ಒನ್ ಡೆವಲಪರ್ಸ್ ಪ್ರೈವೇಟ್ ಲಿಮಿಟೆಡ್	No 18 Kno 334 Thuberahalli, Bangalore, ಕರ್ನಾಟಕ	India
S3-346296008	Newsome Focus	3040 Millers Way, Sevierville, Tennessee	US
S3-754415222	Mountain Clear	North Carolina, 4555 122, Hobgood	US
S3-723920328	Price Total Pacific Inc	1669 P, Town Of Eaton, Wisconsin	US
S3-638046287	Wilmington Pediatric Dentistry Federal Care Associates Corp		US
S3-249198535	Zephaviorbix doing business as N R Alexander Industries LLC	59 Somerset Drive, Windsor, CT	US
S3-704910669	Co Back Alley Auto Body	9005 1/2 Dorrance Dr, Louisville, Kentucky	US
S3-251195251	6anganth Energy Private Ltd	H. No. 4, Delhi, DL	India
S3-467990693	Complete Rapid Muniyield,	12502 Yorkshire Dr, Apple Valley, California	US
S3-378144702	Bharat One Consultants Pvt  Ltd	Villa No 47, Kismathpur, L B Prasad Eye Institute, Shaikpet, Hyderabad, TG	India
S3-195004170	Wilson's  Value Tax Service	10022 Switchyard Dr, Cornelius, North Carolina	US
S3-418694810	साउथ बिल्डर्स प्राइवेट लिमिटेड	The Fifth Avenue Office E-1, 4Th Floor, Dhole Patil Road, Near L & T House, Poona, Pune, MH	India
S3-514407560	Corp Gonzalez Prairie Anadreti	2465 Benton Young Rd, Unit 1, Cookeville CITY, Tennessee	US
S3-4722292	Akarshak  (India) Services Private Limited	Plot 809 143, Iv Main Road, Malleswarm, Bangalore, Ngalore, Bangalore, KA	India
S3-741606262	Paras & [Partners]	C/o Brij Kishore, Padara Road, Bareilly Region, Bareilly, UP	India
S3-970829740	Street Inc Service	Taylor Dr, N/A, Reading, Massachusetts	US
S3-138136021	continentalpaymentpartners.com	324. Mac Donough St, Brooklyn, New York	US
S3-475913760	Pediatric  Dentistry Partners LLC	112 Rolling Acres Lane, Clinton, Tennessee	US
S3-625763281	Aqualine Foundation Pvt	H.no 104, Street No. 1, Tagore Nagar, Bathinda, Bathinda, ਪੰਜਾਬ	India
S3-643878740	United Fuel-LLC	9001 Drummond Avenue, PO Box 490, Portland, Oregon	US
S3-340176813	Memetro.Com	1574. Colony Rd, Pasadena, Maryland	US
S3-976285312	86/87 KARMAN ASSOCIATES	2113 Oak Forest Dr, Orange, Texas	US
S3-703990577	Gennie  Jackson Specialists Inc	6612 Agate Rd, Shelton, Washington	US
S3-374973858	Division of Parks and Recreation Franklin Inc.	18 Chapel Hill Dr, Franklin, North Carolina	US
S3-584255348	Tolbert Biologics	564 Shimerville Road, Clarence Center, New York	US
S3-850550589	act technologies private limited	313 B, 3Rd Floor, Okay Plus Square, Madhyam Marg, Mansarovar, Jaipur, RJ	India
S3-656137545	American Committee Inc	1701 Audubon Avenue, Rochester, Indiana	US
S3-546525923	Happy Hypnosis	2763 G Street, San Bernardino, California	US
S3-339392137	Halodrex aka Vision Vijay Developers Private Limited	Officeofthe Itschool Project, Scertbuilding, Poojapura, Thiruvananthapurarn, Thiruvananthapuram, Trivandrum, Kerala	India
S3-400821432	Silver Pizza! Llc	328 Childs Ave, Ogdeen CITY, Utah	US
S3-995391284	Galaxy	A/2 Bhagabanpurindustrial Estate Patrapara, Bhubaneswar, Khordha, Orissa	India
S3-903868267	Rosiles Ínterstate [Armour]	5401 Bus Hwy 83, # UNIT 316, Harlingen, Texas	US
S3-644090197	M. Simonton Esq.	7175 Camelback Road, Unit UNIT 208, Scottsdale, AZ	US
S3-844130478	bimsolutions.com	D-532, Rajajipuram, Lucknow, UP	India
S3-490836120	Walker Better Bnb	New York, 121-32 236 Street, Rosedale	US
S3-739805682	Tech Marketing Pvt Ltd.	Flat No-8, Ground Floor, Blockb, Ddaflatligpocket-c, New Delhi, South Delhi, DL	India
S3-216349966	The Delta Capital LLC	03341 Tara Boulevard, Clarksville, Tennessee	US
S3-526392896	My Industries Private	9/608, Anantapur, AP	India
S3-756393463	Belomira	B-g-303, Jai Residency, Evershine City Near Sector 7, Thane, Vasai East, MH	India
S3-889654000	Gulf  Trust Corp	107 Grande Sky Court, Cary, North Carolina	US
S3-812953349	Services Satnam Private Limited Services	H.no 7, Cuddalore, TN	India
S3-101903811	Smt Bhavya Pvt Ltd Center	Thane, महाराष्ट्र, Room No.4060	India
S3-633595931	Kerasoft Capital-Partners Group	5953 Herpa Drive, Tucson, Arizona	US
S3-301488090	Technology Ramling Rising Private	Be-372, दिल्ली, New Delhi, First Floor Hari Nagar, West Delhi	India
S3-782700486	@quanteonmercury	908 Hempstead Blvd, Uniondale, New York	US
S3-64969903	Anderson Electric Llc	# 3, Worcester, 8 1/2 Oliver Street, Massachusetts	US
S3-114272224	Limited High Shakti Private Center	House No. 349 Ground Floor, West Delhi, DL	India
S3-617268424	Fluxtavo a/k/a Pediatric Medicine of Cimarron Hills	7245 24, Unit 120, Cimarron Hills, CO	US
S3-142773697	Garcia Mountain Bíotherapeutics PLLC	011171 Samish Island Rd, BOW CDP, Washington	US
S3-102305491	VJG Inf0rmatics (Private)	Belgaum, KA, Plot No. 351	India
S3-824505881	Hari Limited Cénter	बिहार, #2M/94, Sampatchak, Patna	India
S3-97967102	Inc P V H & Qdro	540 Cabo Dr, Washington, North Carolina	US
S3-574000479	Janessa Phelps Public Inc.	31144 99e, Shedd, Oregon	US
S3-528075226	Marshfield Imtnvative Ashford	236 Moraine Street, Marshfield, Massachusetts	US
S3-20464605	Rocky Cayson Cayson	Lake Rd, Unit Times SQ, Geneva, Ohio	US
S3-66531425	India Rainbow Hvac Pvt Ltd.	महाराष्ट्र, Mumbai, Unit No. 302, Mumbai Ii	India
S3-59409614	Ectodrex DBA Golden Business Partners	4555 Tonto Road, Unit 258, Eloy, AZ	US
S3-350959579	PARAS & (PARTNERS)	C/o Brij Kishore, Bareilly Region, Bareilly, उत्तर प्रदेश	India
S3-210709105	Frontier Braves Corporation	5109-5111 Eagle Ridge, Springfield, Illinois	US
S3-778810634	Signature-St0res	1011 Gallagher Avenue, City Of Green Bay, Wisconsin	US
S3-735440732	Marden, Espana and Guevara Llc	Baltimore, Maryland, 2505 Calverton Heights Avenue	US
S3-341179278	Jvp  Holdings	Office No. 305, Navrang, Shopping Acrade Gokhalerd, Mumbai, Bombay, महाराष्ट्र	India
S3-993236376	Rivet Inbdustmrcires	Kohinoor, Ernakulam, KL	India
S3-903356077	Silver Hypnosis Corp Services	13 Lemon St, # 3, Salem, Massachusetts	US
S3-612765588	The Magruder Prairie Services Group	30122 Nichols Sawmill Rd, Magnolia, Texas	US
S3-594126021	Desert  Asoacimon	631 Forest Glen Cir, Murfreesboro, Tennessee	US
S3-589318215	Nexflux One	C/O Sushil Suryawanshi Netaji Nagar, Behind Zilla Parishad, Latur, Maharashtra	India
S3-131056756	Ernakulam  Agro Private Ltd	Xxvii/1610nnear- Shipyard Cochin, NULL, Ernakulam, Idukki, KL	India
S3-187765762	Suman Téchnologies Téchnologies Limited	N-98-bsouth Avenue Sainik Farm, New Delhi, South Delhi, दिल्ली	India
S3-906866519	Williams Dragon	201 Hartford Lane, Jacksonville, NC	US
S3-520050005	Tulsa  Professionals Private Limited	H.no 870 C-3/6, Sch-7 Shastri Nagar, Meerut, Jagrati Vihar, उत्तर प्रदेश	India
S3-59369642	Brixflux Formerly Pao Holding Company Partners	400 Tryon Street, Unit M5, Charlotte, NC	US
S3-939862623	ग्रेट इम्पेक्स प्रा. लि.	Polt 774 Makan No 4 Pumarth Bliss, 1 Mangliya Sulakhedi, Indore, MP	India
S3-709210735	Services Orion Fuels Private	H. No. 1026, Sector-15 Part -Ii, Gurugram, Gurgaon, हरियाणा	India
S3-376199911	Vioyuma	Rocky River Road, Charlotte, North Carolina	US
S3-483736577	LLC Mutual éducation Concepts	78 Dutch Hollow Dr, Orangetown, New York	US
S3-607708502	Hardin Origin Inc Services	4430 Dewey Ave, New York, Rocheser	US
S3-843697143	OW	12-13-1274, C 204 Tarnaka, Hyderabad, Telangana	India
S3-18578444	The Health Bay Coalition PC	935 Gardner Rd, Barrren Springs, Virginia	US
S3-338840348	Aguirre  Evo Group	4949 Deer Trl, Prescott, Arizona	US
S3-850462153	Ear Nose +  Throat	Georgia, 00156 Flat Shoals Avenue, Atlanta	US
S3-174860504	Quoquopyra fka East Mortgage Inc.	200 Cove Way, Unit 620, Quincy, MA	US
S3-61327187	Huzur Cold	H No Dhv-5/85, Danish Hills View Colony, Huzur, Bhopal, मध्य प्रदेश	India
S3-427870112	Creative Center Kozhikode	029/505, Kozhikode, KL	India
S3-795946058	Delta Eastern Inc Sérvice	7143 176, Drakesboro, Kentucky	US
S3-755981445	Modern  Facleety	3006. Mesquite Drive, Sugar Land, Texas	US
S3-34091475	cácare.com	Virginia, Newport News City, ##1809 25th Street	US
S3-416124113	Carey, Tropp &  Chadwick	Cottage Grove, 7th Street, Oregon	US
S3-148770606	साउथ आईटी लिमिटेड	#303 Ward No 6, Parsauni, Sitamarhi, BR	India
S3-661575538	Price Total Pacific Incorporated	Town Of Eaton, 1669 P, Wisconsin	US
S3-619176962	BURKETT ACADEMY	Pommel Lane, Richmond, Texas	US
S3-54216714	Cooper Clean Clalicsa	909 5th Street, Cihckasha, Oklahoma	US
S3-3010960	Yorktown Holdings Services	744 Ykt Slickfield Road, Yorktown, Texas	US
S3-572174325	Sparrow Real Pvt  Ltd	Door No C-55 Babar Road, Central Delhi, New Delhi, DL	India
S3-172357617	The Homer Regional Chiropractic	##45 Cortland St, # Apartment 204, Hommer, New York	US
S3-425406780	Akshar India Limited Services	124 First Floor, Gharoli, दिल्ली	India
S3-268351055	Valley Sab ([LLC])		US
S3-379706390	Kolkata India Pivcate Limited	Vill & P.o.-rasapunja, WB, Kolkata, P.s.-bishnupur B.h. Road, Howrah	India
S3-194784928	Balakrishna Balakrishna Institute of Technology Private Limited	Ground Floor H.no. 34, Delhi, South Delhi, DL	India
S3-418367043	Private Creative Alpha Investment Ltd	C/o Radheshyam Ghanshiram Maran Karmachari Colony Mandi, Shajapur, मध्य प्रदेश	India
S3-319675658	Carbone and Duncan Japan	10637 Leclaire Ave, Oak Lawn, Illinois	US
S3-512718423	Lyryx [Launch]	410 Village Circle, New Albany, Indiana	US
S3-743819337	Beth Church Inc.	2828 A Adtms St, Seattle, Washington	US
S3-782674921	Disha Blfed  Ltd	B3/105/28, Pune, महाराष्ट्र	India
S3-526547366	The Star Marketing Union LLC	321 Saint Nicholas Avenue, Worcester, Massachusetts	US
S3-162272166	shaktibuilders.com	Farm No. 22, New Delhi, South Delhi, DL	India
S3-708363676	এসএস কনসাল্টিং প্রাইভেট লিমিটেড	2/83/A, Kolkata, Howrah, WB	India
S3-278800273	Young Optimal Strategy	127 Nedra Ct, Sacramento, California	US
S3-63997503	Foot & Physicians PC Partners	4765 Oakwood Street, Lakeside, Arizona	US
S3-735448734	Merenda & Mancino Co	Cable Rd, Pataskala, Ohio	US
S3-794332507	hóme1.com	Tennessee, null, Nashville, Spickard Ct	US
S3-951193395	साउथ बिल्डर्स प्राइवेट लिमिटेड	Poona, MH, 4Th Floor, Dhole Patil Road, Near L & T House, The Fifth Avenue Office E-1, Pune	India
S3-875539545	Midwest Cómmittee	1107 Greenway Crescent Lane, Charlotte, North Carolina	US
S3-113183098	Orthopedic Clinic Co	Valley, Bloomfield, New Mexico	US
S3-375414820	Piedmont [Services] #29550	8711d Red Heron Ln, Missouri City, Texas	US
S3-73056039	Vision  Vijay Developers Private Limited	Officeofthe Itschool Project, Scertbuilding, Poojapura, Thiruvananthapurarn, Thiruvananthapuram, Trivandrum, KL	India
S3-261950890	Honesty Gas [(India)]	#1, 2 Floor, Angel Complex, 1St Main Road, Bramaramba Extensin, Chamarajanagar, Chamarajanagara, C Ramasamudra, KA	India
S3-831954034	#rozalinandrews	211 Harbor Glen Dr, Huntsville, Alabama	US
S3-757926106	SKE  Education Private Limited	46, Bireswar Banerjee Street Near Prantick Flat, Bhadrakali, Hooghly, WB	India
S3-437732914	Tataum Corp	4202-4206 8, Fl. 1, Lexington, North Carolina	US
S3-104225021	North Coca	9971 Woodland Cort, Terre Haute, Indiana	US
S3-197082864	Thompson and Ignacio Auto Repair  Inc	Dowell Springs Blvd, Unit 310, Knoxville, Tennessee	US
S3-984924421	Jenkins Family LLC Center	208 Lynn Rd, Bartlesville, Oklahoma	US
S3-676466290	ಸುಪ್ರೀಮ್ ಸಾಫ್ಟ್‌ವೇರ್ ಎಲ್ಎಲ್‌ಪಿ	1-266/1, Mangalore, Dakshina Kannada, KA	India
S3-500899019	बाबा टेक्नोलॉजी	B-00303, Gardenia, Tupe Nagar, Sade Satra Nali, Pune, MH	India
S3-422300470	Ames LLC Keen	00905 Steelhorse Drive, North Carolina, Fuquay-Varina	US
S3-258397109	Evohalox a/k/a Big Cafe LLC	11571 Christmas Cholla Drive, Fl 1, Scottsdale, AZ	US
S3-251940799	Loving Orthopedic Associates  LLC	448 Shepard Lane, Loving, Texas	US
S3-260327805	Wexbelodelta	Virginia, Virginia Beach City, 272 Alameda Dr	US
S3-993488293	Stunning Private Limited Service	C/o Devesh Singh, Bahraich, उत्तर प्रदेश	India
S3-984111569	Seor Preferred Starling Starling LLC	Appleton, 1410 Midpark Drive, Wisconsin	US
S3-670843792	Internal Medicine First	120 Mountain Laurel Rd, Wetummpka, Alabama	US
S3-705967540	INC. CURRAN ADVISORS	Kentucky, 2309 Argillite Rd, Flatwoods	US
S3-18448015	Do Jéwels Pvt Ltd	12, 11Th Floor, Meter Cabin 4, Sureshwari Ent Cts 1599, Eksar Village, Link Road, Bori, Vali West, Mumbai, MH	India
S3-923814652	Ram Marketing Limited	#2 B G/f Block K-2, South West Delhi, DL	India
S3-645532094	Lyndy January Vanguard Square  Co	Hyattsville, Maryland, Edwards Way	US
S3-660446256	Signature Stores	1011 Gallagher Ave, City Of Green Bay, Wisconsin	US
S3-204192101	Gujarat  Enterprises Private Limited	Plot No. #8 F/f, Vardhman Plaza Lsc Sector 6, Dwarka, South West Delhi, Dwarka New Delhi, दिल्ली	India
S3-507953941	ಸ್ಟಾರ್ ಡೈನಾಮಿಕ್ ಇಂಜಿನಿಯರಿಂಗ್ ಪ್ರೈವೇಟ್ ಲಿಮಿಟೆಡ್	C/o. Karnataka Industries, #56 Nty Layout Mysore Rd., Bangalore South, N/A, KA	India
S3-89556284	>> Bay Guild VI,	1550- Worcester Road, Framingham, Massachusetts	US
S3-438157802	Doo Inc	Wolverine St, Staten Island, New York	US
S3-723197662	Clean Quartzsea L.L.C.	3120 Xyler Street, Tulsa, Oklahoma	US
S3-266571146	শ্রী লক্ষ্মী ইনভেস্টমেন্টস প্রাইভেট লিমিটেড	583 Nandan Nagar, Kolkata, North 24 Parganas, WB	India
S3-740171795	wildlifefederationvi.com	58. Barberry Drive, Berea, Ohio	US
S3-603167006	Inc DMW Express,	837-A Gehl Ln, Village Of Hilbert, Wisconsin	US
S3-501912842	Aqualine Fioundatin Pvt Ltd		India
S3-406790766	Mendenhall Blue Tóp Inc.	0311 1/2 College Dr, Decorah, Iowa	US
S3-646076591	বোম্বে ইনফ্রা	C/o Gopal Ch Bera, Chakdah, Nadia, WB	India
S3-996703602	Coastal Sécurity Services	#908 Woodtick Road, Waterbury, Connecticut	US
S3-629947111	Moreno's-Publishing PLLC	609 Holmes Blvd, York County, Virginia	US
S3-464869082	Baptist First	280 14th St, Newark, Ohio	US
S3-515300608	The Gulf Custom Athena LLC	Lake Oswego, 4909 Parkview Dr, Oregon, # #H	US
S3-722770845	बॉम्बे मीडिया	Door No 2 & 3, Mumbai, Mulund (West), MH	India
S3-242546828	summitprogram.com	Silver Maple Court, Chesterfield County, Virginia	US
S3-201304468	great ínsurance ltd	13219 Annika Dr, Litchfield PARK CITY, Arizona	US
S3-439121960	Tataum Corp	4202-4206 8, Fl 1, Lexington, North Carolina	US
S3-639123970	(Center) Anand Alpha Limited	C/o Sushil Suryawanshi Netaji Nagar, Behind Zilla Parishad, Latur, MH	India
S3-663704449	Street Inc	##30 Taylor Dr, N/A, Reading, Massachusetts	US
S3-933794732	High Projects Ltd	P.no.57, Vittala Rao Nagar Madhapur, Hyderabad, TG	India
S3-876475336	Georgianne Brumfield Supreme Iii,	Hartland, 3623 Nagawicka Shoers Dr, Wisconsin	US
S3-446495959	Great Perjt	03402 Pendleton Drive, null, Silver Spring, Maryland	US
S3-68379930	Madsen Service	6987 Highway 278, OAZN, Arkansas	US
S3-580474124	M/s Sauhard Society Welfare Limited	North West, DL, Shop No.2-6 & 27, New Delhi	India
S3-462987330	Great Conncol Corp	Hampton Ct, Jacksonville, North Carolina	US
S3-437825443	Soleus Xrp	18818 Charter Elm Drive, Hockley, Texas	US
S3-654037499	LLP HEALTHY & SONS	Bangalore, Medreich House, KA, Bangalore	India
S3-610185702	Sri Axis  Egmore Nungambakkam Center	32, Lakshmi Talkies Road, Egmore Nungambakkam, Chennai, TN	India
S3-48446318	HAGAMAN ECONOMIC DEVELOPMENT TRUST	80B Hagaman Ave, <NULL>, Amsterdam, New York	US
S3-151231809	Held,-Franze & Reynolds Lending Inc	0771 Harvest Pointe Dr, South Carolina, Fort Mill	US
S3-68893449	Greenwood Keystone Électric	2423 Coker Street, Greenwood, Arkansas	US
S3-494395299	Koyo Limited Private Clothing	C/o Mr.santhibhooshan M S, Thrissur, KL	India
S3-87195779	Sanjhi (India) Private Limited (ID: 87756)	Bangalore North, Az Gh Suurve, Trust No 615/20/28/1-1, Bangalore, KA	India
S3-703236777	Center Cornerstone L.L.C.	1475 Manitowoc Rd, City Of Menasha, Wisconsin	US
S3-528604301	Gore Oneim Inc	1704 Glacier Ln, Edmond, Oklahoma	US
S3-764849412	High Projects [Ltd]	P.no.57, Vittala Rao Nagar Madhapur, Hyderabad, TG	India
S3-898480086	గ్రేట్ హాస్పిటాలిటీ లిమిటెడ్	H.no 889 Sy No 34 Raidurga Nav Khalsa Serilingampally, K.v.rangareddy, Hyderabad, తెలంగాణ	India
S3-652515671	3763lakeboulevardcom	504 Redbird Circle, Town Of Ledgeview, Wisconsin	US
S3-926768387	शिव अरिहंत ट्रेडिंग प्राइवेट लिमिटेड	No 1/26 Housing Board, 1St Floor, Sriganganagar, Ganganagar, RJ	India
S3-766697977	Services Órion Fuels Private Limited	H. No. 1026, हरियाणा, Gurugram, Gurgaon	India
S3-834011814	Gonzalez, Rosa [and]	3236 -300 Silver Sands Cir, Virginia Beach, Virginia	US
S3-125659507	Brit Cash Módern Proem Co #41961	15758. Willow Dr, Fontana Township, California	US
S3-320416707	Capital Optimal Mckinley	2115 Maryland Avenue, PO Box 7297, Washington, District of Columbia	US
S3-909653178	Georgianne Brumfield Supreme Iii,	3623 Nagawicka Shores Dr, Hartland, Wisconsin	US
S3-467845895	Ujjain Network Límited	Door No ##27/3 Udhyogpuri Agar Road, Indore Region, Ujjain, MP	India
S3-547358135	Valley Fund Corporation	0332 Oxford Way, Pelham, Alabama	US
S3-531102613	sungoldfoundation.com	Plot No. B-18, Shendra Five Star Industrial Area Midc, Aurangabad, महाराष्ट्र	India
S3-510567868	Division of Transportation Clinic Co	00369 Brown St, Bluf City Township, Tennessee	US
S3-518496335	Fortune Lotgs Care Private Limited	Hyderabad, TG, Secunderabad, 7-70/10	India
S3-244661009	Black Infra  Private	E-0049/5, New Delhi, DL	India
S3-140825015	Pediatric Physicians Ltd	7350 Tenefly Rd, Portageville, New York	US
S3-524741348	ELK Telefonica Custom	001575 Belmont Ave, Baton Rouge, Louisiana	US
S3-243401299	Dental All Care Associates	5805 W Gate Blvd, Austin, Texas	US
S3-903695330	Drexsolpyra DBA: Cornerstone Investments L.L.C.	City Of Menasha, WI, 1475 Manitowoc Road	US
S3-107694026	Sree Ss Systéms Prfite Limited	D. No. 127B/42, Pappireddipatti, Dharmapuri, தமிழ்நாடு	India
S3-617030001	*** Collete Milller Keycorp LLC	Chesapeake City, 982 Town Point Rd, Maryland	US
S3-189433394	Straight Edge Auso Body	14928-14930 Fire Ln, Danbury, Wisconsin	US
S3-361295799	Murliwala International  School	#27 New G T Road, Ground Floor Uttarpara, Hooghly, WB	India
S3-352984136	Rocky-Cayson (ID: 86303)	5465 Lake Road, Geneva On The Lake, Ohio	US
S3-717365959	Seor Preferred LLC Services	1410 Midpark Drive, Appeton, Wisconsin	US
S3-352640665	Baptist First	280 14th St, Newark, Ohio	US
S3-154593156	Clairvoyant Rceoad Private (Limited)	1St Floor, Sehore, Madhya Pradesh, MP	India
S3-303776971	Koyo Clothing Private Private Limited	C/o Mr.santhibhooshan M S, Thrissur, KL	India
S3-813288207	Thomas, Jenn Capital Gráde L.L.C.	##7622 Camelback Rd, # UNIT 2, Scottsdale, Arizona	US
S3-221238318	Department Finance [of]	Van Etten, 022 Front Street, New York	US
S3-170774292	Sk Distributors Private	Door No 112/2Sitanath Bose Lane, Uluberia - I, Howrah, WB	India
S3-417919805	Dandy  Alliancebernstein	Winter Park Court, Gaithersburg, Maryland	US
S3-104003305	Madsen Rithm Corp		US
S3-258522271	Valley Fund	Oxford Way, Pelham, Alabama	US
S3-991580266	Wi1mington Pediatric Deontistry Federal Care Associates	27 Meadow View Rd, Vermont, Wilmington	US
S3-195318801	King Federal Inc. Colombier	550 Forest Park Ct, Dayton, Ohio	US
S3-71990665	careerdna.com	5/274/5, Darul Ameen, Pulikkalthazham, Kozhikode, KL	India
S3-488749455	Xyloecto née Apex Consumer Advisors	1416 Wildwood Drive, Nashville, AR	US
S3-373506055	Black Infra	E-49/5, First Flr Okhla, Industrial Area Phase Ii, New Delhi, Delhi	India
S3-685932041	Aguilar Center Center	151 Shoreline Drive, Peters Township, Pennsylvania	US
S3-320821876	Vantagevantage D.B.A. All Producer Private Limited	Bhopal, Madhya Pradesh, A Bda, Complex, Flat No. 505, Huzur	India
S3-848363360	Kelozeph a/k/a Chiropractic Care Associates Care	2405 Morning Glory Court, IN, Crown Point	US
S3-121120557	Mountain Clear Clear	122, Hobgood, North Carolina	US
S3-650500042	Onyxbelo+ a/k/a Kira Dacosta Anchor Muniholdings Inc	1280 21st Street, Unit 306, Washington, DC	US
S3-769077870	#rbrinternational	4-A Rizvi Park 5-Aaltamount Road, Mumbai, MH	India
S3-814183345	ସିଲଭର୍ ଫୁଡ୍ସ୍ ପ୍ରାଇଭେଟ୍ ଲିମିଟେଡ୍	OD, 1St Floor, Madhu Sudan Nagar, Unit - 4, No 19, Bhubaneswar	India
S3-595295173	Lyraonyx DBA Kameko's Partners	1261 Cornell Avenue, Unit UNIT A, Redlands, CA	US
S3-566189766	Vergara Federal Cléan	1297 Schodack Valley Rd, Castleton On Hudson, New York	US
S3-641636866	Benigno Rócket LLC	680 Ohio St, Van, Texas	US
S3-825691773	Rbr International  (School)	No 4-A Rizvi Park 5-Aaltamount Road, Mumbai, MH	India
S3-367508224	Bryant's Precision Skin	1403 Adams Circle, Hampton City, Virginia	US
S3-316836493	patriotcollege.com	105 Hill St, # Apt 4, Norwalk, Wisconsin	US
S3-653203325	Mountain Clear (Webster) | www.mountainc.com	122, Hobgood, North Carolina	US
S3-586688399	Peters0n And Young P.C.	0419 5th Street, Blaine, Washington	US
S3-893683138	മൈ ഹെൽത്ത്‌കെയർ പ്രൈവറ്റ് ലിമിറ്റഡ്	Room No: Xxi/610, Chalakudy Muncipality Chungath Builders And Developers Pvt Ltd, Chalakudy, Thrissur, Keralam	India
S3-396586359	Innotech Limited Holdings	Vill. - Krishnanagar (Patpur), P.o. - Sihar, Bankura, P.s. - Kotalpur, WB	India
S3-970432151	The Physical Therapy Care	5606 90, Mobile, Alabama	US
S3-73015375	Ariazeph Sys	S.No 46/C, H.No. 1/2, Gala No. 112, Jrt Ind. Etat Vasai Palghar Vasai-Virar City, Vasai, Thane, Maharashtra	India
S3-768997033	Mendenhall Mendenhall Blue Top LLC	30739 College Drive, Decorah Township, Iowa	US
S3-25243576	Ear Nose and Throat Heritage	00156 Flat Shoals Ave, Atl, Georgia	US
S3-282212096	Estele'S Estele'S Cónsultants	853 Trenton Pl, Tucson, Arizona	US
S3-362290144	Williams Dragon of	201 Hartford Lane, Jacksonville, North Carolina	US
S3-239523545	Danit Danit Rowland, Service	3556 Summerfield Lane, Winston-Salem, North Carolina	US
S3-535230666	Anil State	GJ, 8, Panch Mahals, Godhara	India
S3-650913305	सुप्रीम फूड्स प्राइवेट लिमिटेड	F No. 928 Tf/b, Nagpur, MH	India
S3-581730204	Blue Pvt Ltd Center	Block B-802 H-19/157, Sector-7 Rohini, New Delhi, DL	India
S3-38800830	Caloyumadelta aka Charles Brown, Inc	2501 Loloa Drive, Kingsville, MD	US
S3-241362131	OD Toaorl Bdc Ínc	2265 Joyner Bridge Rd, Four Oaks, North Carolina	US
S3-685051421	Cardiology Care,-LLC	893 Woodmere Blvd, Wooodmere, New York	US
S3-81360642	ब्लू बिल्डर्स एलएलपी	S. No. 3349, North Delhi, Delhi, DL	India
S3-702436989	Tedfne [PC]	240 Allen Bachman Way, Allen, New York	US
S3-653218097	KELLY, GAUGER & KUBAT LLC	1734- Spring Lane, Osage Beaach CITY, Missouri	US
S3-97779893	*** Julita's Supply Inc	864 Washington Avenue, Chestertown, Maryland	US
S3-698719429	FW Fuels Private Limited	No.824 / 6 & 7, Byramangalam Village Kelamangalam Road, Denkanikottai Taluk, Dharmapuri, Krishnagiri, தமிழ்நாடு	India
S3-756088720	LLC C1yora Miutsbashi	##1236 Fairway Ridge Dr, West Jefferson, North Carolina	US
S3-923209207	Womens Health Rocky Care Associates Incorporated	38641 Shilling Drive, SICO, Oregon	US
S3-271893020	SKH	1St Floor, Elenza Crest, Sindhubhavan Road, Bodakdev, B-103, Ahmedabad, Gujarat, Ahmadabad City	India
S3-566664194	Beejay & Partners	T C Iv/22381, Manjuvilagam House Kuravam Konam, Trivandrum, KL	India
S3-171757688	Pinnacle  LLC	Hailey, Idaho, 181 Hyndamn View Dr	US
S3-722287653	Cevernet-Signature Marketing		US
S3-518252787	Spam Credit Prívate Limited-Services	Fl No 101 Pt No 143A, Srisai Priya Heights, Ghatkesar, Hyderabad, తెలంగాణ	India
S3-307603223	Mutual Esuchtoin Concepts LLC	78 Dutch Hollow Dr, Orangeburg, New York	US
S3-465395826	ear nose & throat mountain partners-chicago	2101 Kildare Ave, Chicago, Illinois	US
S3-578511039	Shakti Builders	Farm No. 22, New Delhi, DL	India
S3-636637994	Everest Asset	3217 48th Street, Indianapolis, Indiana	US
S3-140478202	Dee Films Prívate Limited	13-02, Tower-3, Indiabulls Finance Center Sb Marg, Elphinstone Road (West), Mumbai City, Panvel, MH	India
S3-212208232	Youth Center Inc.	3012 Amber Way, Schererville, Indiana	US
S3-898746104	Primary Care Omtgmial Physicians  LLC	George Urban Boulevard, Floor Floor 2, Buffalo Townsihp, New York	US
S3-353610826	Smt Premier Fínance	Sr.no.63/1/8, Plot No. 32, Lane No. -4, Matoshree Apartment, Rajaram Patil Nagar, Kharadi, Pune, MH	India
S3-116468364	Underwood, Care and Monroe Stowe	FT Orth, Texas, 5018 Waddell St	US
S3-70353233	Belohalo d/b/a Atlantic Foundation	3425 Beret Lane, Silver Spring, MD	US
S3-624087864	டைனமிக் குளோபல் பிரைவேட் லிமிடெட்	H.no 306 Rajendra Apartments, Perambur Purasawalkam, TN	India
S3-596952756	Loreen Welch Keen	1338 Mystic River Lane, Rosenberg, Texas	US
S3-397491565	Rapid Tránsit Laboratories Cise	Curtis Bay, Maryland, 8201 1/2 Highpoint Rd	US
S3-865440238	শ্রী লক্ষ্মী ইনভেস্টমেন্টস প্রাইভেট লিমিটেড	No 583 Nandan Nagar, North 24 Parganas, পশ্চিমবঙ্গ, Kolkata	India
S3-865395865	Services Satnam Technologies Private Ltd	H.no 7, Cuddalore, TN	India
S3-204459283	Newsome  (Focus)	3040 Millers Way, Unit 11, Sevierville, Tennessee	US
S3-59012359	Edeline'S Pizza Inc.	Merrick Road, # Suite 302, Rockville Centre, New York	US
S3-743519564	TJ Consultants Private (Ltd)	4A, Narendra Chandra Dutta Sarani 2Nd Floor, Unit No. 205, Kolkata, Kolkata, Howrah, WB	India
S3-544394634	Odonnell and Love	49 107th Ave, Killdeer, North Dakota	US
S3-760288172	Railway Road Engineering-LLP Engineering-LLP	HR, Pds 11, Gurgaon, Railway Road	India
S3-58315117	Black Builders लिमिटेड	C/o- Baleshwar Mahto, Samastipur, बिहार	India
S3-532447812	Pv Innovation	Door No 87, 1St Floor, 4Th Cross, Street, Thirumalai Nagar, Kanchipuram, தமிழ்நாடு	India
S3-276135225	Schendel LLC Center	1312 Elmwood Ave, Sioux Falls, South Dakota	US
S3-908481083	Gonzalez Prairie Andretti Corp	2465 Benton Young Rd, # 1, Cookeville CITY, Tennessee	US
S3-104811719	Private Lakshmi Glboaal Limited	Hyderabad, K.v.rangareddy, TG, 7-4	India
S3-214283152	Calovantagevera aka Pune Bio Private Limited	Maharashtra, Pune, C3 Prathama Nagariprashant Society S.No128/2B/ 12 Sus Road Pashan, Pune	India
S3-82508817	பாரத் ஃபுட்ஸ் பிரைவேட் லிமிடெட்	3/581, Singaravelar, 1St Cross St, Neelankarai, Kancheepuram, Kanchipuram, தமிழ்நாடு	India
S3-218442943	5uperior Medical Associates	15420-15422 Sequoia Street, Unit UNIT A, Hesperia, California	US
S3-839602817	cccálisa.com	909 5th St, Cihckasha, Oklahoma	US
S3-35539362	Carey, Tropp & Chadwick	Cottage Grove, 276 7th Street, Oregon	US
S3-836570062	Kozhikode Creative	029/505, T K Complex, Koduvally, Kozhikode, KL	India
S3-799485491	A Cure áll 8	12214 1/2 Autumn Dale Court, Maryland Heights, Missouri	US
S3-621971143	nizamabad basera company	H.no -6-372, Yellammagutta, Nizamabad, TG	India
S3-979416417	Orbievo doing business as Womens Health Rocky Care Associates Inc	38641 Shilling Drive, Scio, OR	US
S3-267536603	básaltcompania.com	8935 Sr 26, Marietta, Ohio	US
S3-751073317	Golden Clgdnneg Service	123 Main St, Shoshoni, Wyoming	US
S3-761689993	Bhilwara  Commercial Private Limited	Bhilwara, RJ, Bhilwara, Near Guruji Ki Hotel Pur Road	India
S3-401464949	Tri-State Capital Láfayette	406 Esat Breckinridge St, Louisville, Kentucky	US
S3-95117240	Fayeflux	602 Pasadena Blvd, Ohio, Toledo	US
S3-354449287	The Midwest Virtus LLC	607 Walston Ln, Houston, Texas	US
S3-226872444	Preferred Dfnelne Ventures LLC	1802 Cruiser Ln, # UNIT 214, Belgrade CITY, Montana	US
S3-206274425	Couch and Ba1l  Mckinley	6959 Alcala, N/A, Grand Prairie CDP, Texas	US
S3-461626113	hyderabadsolutions.com	Plot No.141, Flat No.301 Sb Residency, Snehapuri Colony, Motinaga, R, TG, Hyderabad	India
S3-14951056	oncologyalliedspecialists.com	Illinois, 985  Serendipity Drive, Aurora	US
S3-92957334	Mi & Co	H.no 3-4 Mehta Housed P Wadi Gholapdeo Byculla, Mumbai, Mumbai City, MH	India
S3-512450874	L.L.C. Womens Health First Clinic	03508 38th St, Texas, Lubbock	US
S3-684666034	West Generation Inc Center	4865, SALT LAKE CTY, Utah	US
S3-275966255	Young  Optimal Strategy LLC	127 Nedra Court, # APT 3, Sacramento, California	US
S3-66854894	>> Anchor Payment LLC Center	6224 Stafford St, Prescott Valley, Arizona	US
S3-826470499	Verrium Bitcoin	1679- Lancaster Dr, Ohio, Youngstown	US
S3-278460273	*** Bright  Ctrsne Private Limited	401, Tambe Apartment, Dr. Ansari Road, Thane, MH	India
S3-37380150	Ltd Ujjaora Pvt Center	325 Laxmikrupa Odhav Chs Ltd Arbudanagar Nr Chhaganbhai-s Well Odhav, Ahmedabad, ગુજરાત	India
S3-266802085	Foods Stepin Services Private	Plot No. 32, Sy. No. 12, Navodaya Co-operative Housing Society, Road No. 14, Banjara Hills, Hyderabad, TG	India
S3-412983151	Newsome Partners	3040 Millers Way, Unit 11, Sevierville, Tennessee	US
S3-575480840	watsonkinlaw.com	00706 Sleepy Hollow Dr, Wirtz, Virginia	US
S3-901868349	Aryama Enterprises	No C-17/2 Bara Mohalla, Hisar, Hissar, HR	India
S3-772946590	0bsidianutility.com	1578 Laguna Street, Adelanto, California	US
S3-278489529	servicessatnamtechnologies.com	No.7, Cuddalore, TN	India
S3-148857865	Vsg  Scientific Private Limited		India
S3-955871655	Char1es Br0wn, Inc	2501 Loloa Dr, Kingsville, Maryland	US
S3-875920804	Lewis And Fink Dynamix Llc	Andermann Drive, Naperville, Illinois	US
S3-83263707	LLC Mclivn Bnb	11 Orchard Ave, Clarkstown, New York	US
S3-307472962	Johnson, Guthrie and Meadows LLC	40 Battery Street, Unit 109, Boston, Massachusetts	US
S3-131884627	jenkins family office llc	208 Lynn Road, Bartlesville, Oklahoma	US
S3-236461288	OLN Anchor Gene LLC	121 Red Tank Rd, South Middleton Township, Pennsylvania	US
S3-914554628	FH FH Business Pvt Ltd.	6Th Floor, Crystal Mall, Bani Park, Jaipur, 602, RJ	India
S3-459629267	ELK Telefonica Center	001575 Belmont Avenue, Baton Rouge, Louisiana	US
S3-118607807	Private Royal (India) Consultancy Limited	D-424 New Sabzi Mandiazadpur, New Delhi, Jahangirpuri, DL	India
S3-599469767	*** Thompson And Ignacio Auto Repair Incorporated	1400 Dowell Springs Blvd, Unit 310, Knoxville, Tennessee	US
S3-110040645	Russell Cascade Rivlernrth	14673 Olivine Street, Ramsey, Minnesota	US
S3-387877131	साउथ बिल्डर्स प्राइवेट लिमिटेड	The Fifth Avenue Office E-1, 4Th Floor, Dhole Patil Road, Near L & T House, Poona, Pune, महाराष्ट्र	India
S3-296083105	Mutual Education-Concepts LLC	Dutch Hollow Drive, Orangetown, New York	US
S3-329179592	பாரத் ஃபுட்ஸ் பிரைவேட் லிமிடெட்	3/581, Singaravelar, 1St Cross St, Neelankarai, Kancheepuram, Kanchipuram, TN	India
S3-663588799	Vrisa Solutions  Limited	49-4-12/122, Aadarsh Colony, Vijayawada (Urban), NULL, ఆంధ్రప్రదేశ్	India
S3-414882291	Urology-Associates-LLC	Texas, Houston, 1602 Francis Saint	US
S3-23234025	Arckelo Labs DBA Pediatric Physicians	7350 Tenefly Road, Unit Site 69, Pike, NY	US
S3-141803758	சிவா மீடியா பிரைவேட் லிமிடெட்	தமிழ்நாடு, Iit Madras Research Park, 1 Fa, I Floor Kanagam Road, Taramani, Adayar, Chennai City Region, Chennai	India
S3-396388188	Petronilla Shirkey  United Floating	5295 Riverchase Drive, Building 5, Phenix City, Alabama	US
S3-425919758	Bentley Empire Figegaht Corp	2224 Lakelet Drive, Mckinney, Texas	US
S3-108112247	સ્માર્ટ એનર્જી પ્રાઇવેટ લિમિટેડ	Bhudia Vadi Sheri No 5, Vishal Nagar, Junavas, Bhuj, Kachchh, GJ	India
S3-50499218	Leeway Ltd Center	Plot No. 164, Jaipur, RJ	India
S3-622387993	Deltaquo F/K/A Pao Valley Toyo	134 Chownings Drive, Sanford, NC	US
S3-351380572	Chiropractic  Center LLC	22 Douglas Drive, New Gloucester, Maine	US
S3-224829648	सिल्वर सॉल्यूशंस लिमिटेड	2Plot No 2 Ground Floor Kamrvddin Nagar, New Delhi, North Delhi, DL	India
S3-593164298	White Financial  LLC	18036 Pheasant Lake Drive, Tinley Park, Illinois	US
S3-317425004	Rodriguez Group Better	3971 Rebel Road, Linden, North Carolina	US
S3-737890146	Torres and Tegeler Llc	120 Lawson Ave, Saint Paul, Minnesota	US
S3-717341859	Vanguard  Global Culture	Arizona, 1443 Alvernon Way, Tucson	US
S3-429207001	Curran Advisors	2309 Argillite Rd, Flatwoods, Kentucky	US
S3-522888225	Anspach Spa,  Inc	0467 Palmerston Drive, Cincinnati, Ohio	US
S3-58157776	Quanteon Mercury L.L.C.	908 Hempstead Boulevard, Hempstead, New York	US
S3-926578054	Regional Regional Aehniacne		US
S3-786268320	Bonzer Law [Chambers] #95943	110, Gh-12, Sector 21 D, Lalleshwari Vatika, Faridabad, HR	India
S3-125128129	Cardiology Care-Associates	##1809 25th Street, Newport News City, Virginia	US
S3-598273679	Halomira DBA: Vision Center LLC	10701 750, Amboy, IN	US
S3-462762396	Fluxveo f/k/a Federal Committee Inc	3358 Colorado Blue Court, Gastonia, NC	US
S3-633780653	Minerva-Trading Private	Door No 49, Indore, Ring Road, MP	India
S3-910173292	Bombay  Infra	Chakdah, C/o Gopal Ch Bera, WB	India
S3-278386593	FF Móuntain O1d	Mc Intosh Ln, Unit APT 1A, Indiaapolis, Indiana	US
S3-742342130	footanklephysicians.com	4765 Oakwood Saint, PMB 3277, Lakeside, Arizona	US
S3-60959987	United-Managed L.L.C.		US
S3-460366526	earnosethroat.com	Lambiance Court, Clarkstown, New York	US
S3-382676909	Medix India  Private Limited	Basement, Gurugram, Gurgaon, हरियाणा	India
S3-890058022	Services International Ahmed Corporation	C/o Pramod Kumarsector-7-18, Divreportingcircle, Palam Road, HR	India
S3-33731945	Surgical Health	Massachusetts, Central Street, Bldg 7, Leominster	US
S3-873454384	Hrv Traders Private	359, Barahani, Chandauli, Chandauli, UP	India
S3-27236093	Grand Grand Connecticut LLC	351- Hoxie Ave, Calumet City, Illinois	US
S3-507373068	Allied Heritage	4804 Elm St, Spokane CTY, Washington	US
S3-28001797	Dandy Allcancebernstern	Winter Park Court, Gaithersburg, Maryland	US
S3-731441142	Knowles LLC Services	California, Elk Grove, 5516-C Claudied Way	US
S3-863192490	Consultancy-Classic Realty Private Limited	1303-B 13Th Floor Hemkunt Chamber 89 Nehru Place, South Delhi, New Delhi, DL	India
S3-576185902	Blue  Builders	DL, Delhi, S. No. 3349, Ground Floor, Peepal Mahadev, Hauz Kazi, Near Chawdi Bazar Metro Stati, On, North Delhi	India
S3-179461596	... underwood, stowe & monroe care	Texas, FT Orth, 5018 Waddell St	US
S3-475650667	Innovative  Custom	3449 Creek Road, Porter, New York	US
S3-569626575	Katerine Wbirgh, MD, M.D., P.C.	4116- Orleans Place, Alexandria City, Virginia	US
S3-848006438	Services Oirrino Fuels Private Limited	H.no 1026, Gurugram, Gurgaon, HR	India
S3-35547134	Nexbrix	Tennessee, 798 Nelson Rd, Milliington	US
S3-492097041	Zephyr [Pllc]	2107 Primrose Pass Drive, Richmond, Texas	US
S3-964162996	Alfreda Wheat  Great	Maryland, 10207- Greenside Dr, Cockeysville	US
S3-439300687	Interstate College LLC	Grant 19, Grapevine, Arkansas	US
S3-443380000	Strategic Cóllective Infrastructure	##687 185th Street, Cleveland, Ohio	US
S3-862242661	My Zips  Private Limited	#1 Floor 3 Plot 78/80 Abbas Manzil, Sarang Street, Crowford Market, Mandvi, Mumbai, Mumbai City, MH	India
S3-561270232	Garcia Mountain  Biotherapeutics PLLC	011171 Samish Island Rd, BOW CDP, Washington	US
S3-146988726	#patanapower	S/o Sri Awadhesh Narain Singh F N 105 Verma Center Boring Rd Chouraha S K Puri, Patana, Patna, BR	India
S3-741178898	Beejay Partners Service	T C Iv/22381, Manjuvilagam House Kuravam Konam, Trivandrum, കേരളം	India
S3-210490011	JD Logistics Limited [Services]	KA, Shri Balaji Nivas, Dharwad, Dharwar	India
S3-874021854	Dental All Care Associates	West Gate Boulevard, Austin, Texas	US
S3-431009047	Vipul Investment Limited Center	S No.545/a/b, Pi No. 433, Salisbury Park Gultekadi, Pune City, Pune, MH	India
S3-669007312	Milo Pizza-Center	08100 Camelback Road, # LOT 171, Scottsdale, Arizona	US
S3-634875131	Family Émpire Partners LLC	2716b Valdez Dr, Temple, Texas	US
S3-425018858	PCC	Fayetteville, 473 Smith Mill Road, TN	US
S3-27434997	Brown  Classic	537 1/2 81 St, New York	US
S3-525004988	CHEREY GANDY, PH.D.	18 Fair Oaks Drive, Saint Louis, Missouri	US
S3-45684235	E Debt Value 4 Inc.	32st Ave, Fargo, North Dakota	US
S3-847882944	Primary Care Optimal	41 George Urban Blvd, PO Box 9034, Buffalo, New York	US
S3-88895770	Health Behavioral Silver Associates Clinic	352 Old Stage St, Adamsville, Tennessee	US
S3-859004795	Kolkata Energy Pvt. Limited	94 Girish Ghosh Road, 5Th Floor, Flat A Belur, Kolkata, Howrah, WB	India
S3-673696896	Dermatology Summit Physicians L.L.C.	317 Circle Drive, Salem, Illinois	US
S3-767711507	LLC Metro Fortune	6020-A 78th Street Court, # #A301, Lakewood, Washington	US
S3-674463429	wolf navios	852 County Road 3479a, Cleveland, Texas	US
S3-180824488	Goble Enterprises	100 3rd Street, Lincoln, Illinois	US
S3-143829508	Robertson-All	1605c River Road, Lavaa, Arkansas	US
S3-974104096	Honeywell  Creations Company	Chennai, H.no 3-21, TN	India
S3-952907186	ajitreal.com	No. 0676 A-202, 2Nd Floor, Chandravijay Society, Mahatma Phule Road, Mulund, Mumbai City, MH	India
S3-493112855	Ariaecto doing business as Basalt Compania	8935 Sr 26, Marietta, OH	US
S3-417520978	Novyx Ínc Center	35973 Bushwacker Pass Street, San Tan Valley, Arizona	US
S3-91715363	CAPITAL OPTIMAL MCKINLEY INC	2115 Maryland Ave, # 302, Washington, District of Columbia	US
S3-326964816	2223 Park Avenue	123 Beach Street, Unit 403, Bosotn, Massachusetts	US
S3-930357614	Urgent Care Meddicine Inc	3936a Johnson Pl, Scio, New York	US
S3-1753628	CONTINENTAL TRADING L.L.C.	2001 Little Mountain Road, Alexis, North Carolina	US
S3-492649822	Leeway Traders Ltd.	164, Jaipur, RJ	India
S3-461733293	इनोवेटिव बिल्डर्स लिमिटेड	H.no 622 323, Mumbai, Mumbai City, MH	India
S3-395671584	Tais Tiat LP	4 Park Dr, # Apartment 103, Pleasant Valley, New York	US
S3-931037353	anderson electric llc	8 1/2 Oliver Street, # 3, Worcester, Massachusetts	US
S3-511014292	Jones's Shop Service	4319 1/2 Oakleaf Drive, Topeka CITY, Kansas	US
S3-69610536	National National Fellowship VI	009404 Lona Ln, Albuquerque, New Mexico	US
S3-105556888	*** Dynamicproducerprivate.Com	H.no 10 Ground Floor Gautam Nagar, Delhi, New Delhi, दिल्ली	India
S3-408453633	Mcmann P.C. Corporation	3224 Pot Royale Lane, Phoenix, Arizona	US
S3-560628000	Sri Spam  (India) Credit Private	Hyderabad, Fl No 101 Pt No 143A, Srisai Priya Heights, తెలంగాణ, Ghatkesar	India
S3-536138644	Bright  Asset LLC	1911 377, Acton, Texas	US
S3-475374909	Cure Ice Cream Corp	Washington, Kelso, 1009 1/2 7rd Avenue	US
S3-629604917	Star Trrades Private [Limited]	C-21 Basement, Right Side Panchsheel Vihar, Malviya Nagar, New Delhi, South Delhi, DL	India
S3-458032524	scnidhiprivate.com	New Delhi, Shop Rz B-4 Raghu Nagar, दिल्ली, South West Delhi	India
S3-364029795	apex consumer advisors | www.apexconsu.com	Nashville, 1416 Wildwood Drive, Arkansas	US
S3-700438418	Strategic	687 185th Street, Euclid, OH	US
S3-964621780	Carrion Equity Partners	03934 Lupin Bush Ln, Manvel, Texas	US
S3-693877095	Preferred Consultants Inc	684 Foothill Blvd, Rialto, California	US
S3-393548592	Randolph, Rolls And Zacharias Care	403 Wilson Dr, Oklahoma, Midwest City	US
S3-887209935	Bright-Electric	1644 Rosemont Drive, Baton Rouge, Louisiana	US
S3-851860230	North Chrac Chrac LLC	9971 Woodland Court, Terre Haute, Indiana	US
S3-162797226	FH Business Pvt-Ltd.	602, Jaipur, RJ	India
S3-782335109	Metro Fortune	6020-A 78th Street Court, Unit #A301, Lakewood, Washington	US
S3-867606804	Premier LLC (Center)	201C Curiel St, Eloy, Arizona	US
S3-748593779	Inc B Five Aguinaga U	#605 El Camino Ave, Unit APT 6, Sacramento, California	US
S3-183207421	Martinez, Kipp Aspac	5158 1100, Mattoon, Illinois	US
S3-421323099	Chiropractic CARE Associates CARE	2405 Morning Glory Court, Crown Point, Indiana	US
S3-285706249	Katerine Wright, MD, M.D., [LLC]	4116- Orleans Pl, Alexandria City, Virginia	US
S3-39841469	Kolkata Metal [Prívate]	#51B, Kolkata, পশ্চিমবঙ্গ	India
S3-78311942	Gagndy,, Cherey Ph.D.	Missouri, St Louis, 18 Fir Oaks Dr	US
S3-81756328	HE Shetkari Pvt	Tc 1/2256 Kazhakkoottam Village, Thiruvananthapuram, കേരളം	India
S3-225331068	Green  Flex	#35 Scotch Cap Rd, Waterford, Connecticut	US
S3-442349448	Birch LLC Services	16844 Cedar Key Ave, Baton Rouge, Louisiana	US
S3-687779072	Deleon	3595 Valley View Boulevard, Williams, AZ	US
S3-625632795	TRICHY TECHNOLOGIES LIMITED	Plot 126 No:379, Second Street, Amman Nagar, East Extension, Kattur, Tiruchirappalli, Trichy, TN	India
S3-933916480	w l selby ímperii	194 Office Street, Incorporated, Illinois	US
S3-84654538	My Zips  Private Limited	1 Floor 3 Plot 78/80 Abbas Manzil, Mumbai, Sarang Street, Crowford Market, Mandvi, MH, Mumbai City	India
S3-611865286	Trichy Technologies	Plot 126 No:379, Second Street, Amman Nagar, East Extension, Kattur, Trichy, Tiruchirappalli, TN	India
S3-730033553	bhishmamercantile.com	11/797-A., 11/797-B Vattamkulam Panchayath Sukapuram Edappal P O, Malappuram District, Malappuram, Malapuram, KL	India
S3-33491880	Baba Infotech Private (Limited)	B-513, Faridabad, HR	India
S3-239871146	Peak Smart Services	166 Essex Streht, Montauk, New York	US
S3-610207860	Dental All Care Associates	Austin, 5805 West Gate Boulevard, Texas	US
S3-227332129	New Enterprises Private Ltd | www.newenterp.com	S.f.no.62/1, Atthanur - Post, Atthanur, TN	India
S3-463450945	Lotus Exports Private Ltd	H.no 265, Basai, Enclave Part Ii, East Delhi, Gurgaon, HR	India
S3-955440685	गुड Hitech एस्टेट प्राइवेट लिमिटेड	No 772 14, Mumbai, MH	India
S3-324805724	Northern LLC Services	8010 Tanglewood Road, Rogers, Arkansas	US
S3-564311980	Vsg Scientific Private  Limited	Sriperumbudur, H.no 570/2, TN, Kanchipuram	India
S3-305631623	Agro Products Corp	Plot No. X-0037, Ansal Sushant City-ii Block-x, Village- Manchwa, Kalwad Road, Jaipur, RJ	India
S3-8797064	Mofdhr, Jere Floating Inc	646 Kara Cuort, Lebanon, Indiana	US
S3-5284984	Jeanette Fisher LLC Center	4314 Cobblewood Court, Independence, Kentucky	US
S3-244247706	Lyndyjanuary.Com	9224 Edwards Way, PMB 4754, Hyattsville, Maryland	US
S3-900227260	Míracalo	46 Wolverine Street, Staten Island, New York	US
S3-297804184	Capital Lafayette Tri-State	406 East Breckinridge Saint, Louisville, Kentucky	US
S3-739227565	>> Mays Investments Llc	7506- Taylor Ln, Portland, Oregon	US
S3-923406123	Urgent Care Health Direct	65 Agamenticus Avenue, York, Maine	US
S3-373934280	-- tommiehenzecpa.com	160-D Cedar Wood Avenue, Branson, Missouri	US
S3-860639872	Cabrera ánd Fleming	2656 Jasper Butte Drive, San Tan Valley, Arizona	US
S3-985888700	L.L.C. Parrow, Rcno & Reinbold Alphabet	Alexander City, Alabama, 271 Little John Loop	US
S3-763776663	ब्राइट नॉर्थ इंजीनियरिंग प्राइवेट लिमिटेड	No 00484 J-135, S/f, Rbi Enclave, New Delhi, West Delhi, DL	India
S3-84692113	Silver Foods Limited Partners	Plot No. 19, 1St Floor, Madhu Sudan Nagar, Unit - 4, Bhubaneswar, ଓଡ଼ିଶା	India
S3-560337030	Pediatric Coastal Medicine  LLC		US
S3-22858953	Verapyraveo D.B.A. Waves Trading Private Limited	Shyamala Towers, Iii Floor No.136 Arcot Road, Saligramam, Chennai, Tamil Nadu	India
S3-725868820	Royal Investment Ventures Ínc.	68-72 Woodruff Avenue, Brooklyn, New York	US
S3-248297853	Tatiana-Bingham Kpet	Georgia, # R, Atlanta, 1275 R Capitol Atenue	US
S3-20411716	Casper Companies  L.L.C.	349 Briar Brae Road, Stamford, Connecticut	US
S3-445200403	Modern-Flaherty	3006. Mesquite Dr, Sugar Land, Texas	US
S3-804893096	Zee [Consultants]	At/po:areikana Balichandrapur, Jajpur, OD	India
S3-909098448	Huzur Cod LLP	H No Dhv-5/85, Bhopal, मध्य प्रदेश	India
S3-846558711	The Best Network Studios	Ninth Street, Guymon, Oklahoma	US
S3-79114439	of Division Transpotrion Clinic	00369 Brown St, Bluf City Township, Tennessee	US
S3-272809343	Rcj Chandra	A ##19 Pratap Nagar, Post Manas Nagar, Lucknow, UP	India
S3-860685356	East Business Limited Private	Kh No. 394, Delhi, East Delhi, DL	India
S3-504869306	Ashish Pens-Partners	117/N/496, Rani Ganj, Kakadeo, Kanpur, उत्तर प्रदेश	India
S3-185966257	@freshplatinum	Virginia, Hampton City, 23 Winnard Road	US
S3-319386324	116	29651 181, Daphne, AL	US
S3-100683148	माय गुरु प्रोडक्ट्स प्राइवेट लिमिटेड	Building No 18, Pune City, Pune, MH	India
S3-608862225	Paras Energy Có	Hn ##785 C/o P.manikantha, Nabarangpur, OD	India
S3-978491801	Cure Ice  Cream	1009 1/2 7rd Ave, Kelso, Washington	US
S3-346868566	bureaubuildings.com	3063 Man St, Custre, Washington	US
S3-810495476	*** #Sefloify Republic (LLC)	N2261 Prairie River Ave, Merrill, Wisconsin	US
S3-518718405	Blasya LLC	626 Dianne St, Hempstead, New York	US
S3-575772735	Act Technologies Private Limited	RJ, No 313 B, Jaipur, 3Rd Floor, Okay Plus Square, Madhyam Marg, Mansarovar, Jaipur	India
S3-782985267	Limited Khichripur Bay Services	8/439-440 Ii Floor, Khichripur, East Delhi, दिल्ली	India
S3-132540785	Dedra Clark, D.0.	##3 King Arthurs Way, # Unit 2, Neington CITY, Connecticut	US
S3-730943764	Ynes Fox Mountain Center - 9741660482	Utah, 1665 1/2 Brampton Way, Salt Lake City	US
S3-289357431	Sky Tnig Private Limited	Pune, MH, S 29/1/4/5 Chaitanya Class Ic Fl 22 Dhankawadi	India
S3-295083966	Dr Jai Jai Memorial Ttt	Shruti Enclave, S. No. 38/3, Nr. Celina Rahatani, Flat 4, Pune, MH	India
S3-992043884	RANDOLPH, ROLLS AND ZACHARIAS CARE	403 Wilson Drive, Midwest City, Oklahoma	US
S3-258979711	BRIT CA5H MODERN PROEM CO	15758. Willow Drive, Fontana Township, California	US
S3-170880102	Price Pacific Inc Center	Wisconsin, 1669 P, Town Of Eaton	US
S3-976069257	OLN ANCHOR GREEN LLC	121 Red Tank Road, Pennsylvania, Boiling Springs	US
S3-830067306	United Mánaged L.L.C.	Church Hill Rd, Centreville, Maryland	US
S3-105630600	Regional Alliance Inc.	411 Main Ave, PMB 7750, Hankinson, North Dakota	US
S3-688209842	Jones Citizens Llc	9521 Gooden Dr, Fayetteville CITY, North Carolina	US
S3-178632861	-- GK Value Illumination L.L.C.	7501 W Shore Dr, Edina, Minnesota	US
S3-118597001	LLC Zephyr	10243 1/2 Occidental Ave, Seattle, Washington	US
S3-201466768	Little Institute Corp	A-272/1 Sathe Colony, Mulshi, Pune, Bhoirwadi, Pune, महाराष्ट्र	India
S3-603047654	desert society inc	4038 Talmadge Road, # 102, Toledo, Ohio	US
S3-578131957	ईस्टर्न मार्केटिंग प्राइवेट लिमिटेड	Urban Estate, हरियाणा, Karnal, Sco - 29 1St Floor Mugal Canal Above Canara Bank	India
S3-784946119	Juliane Arduini Hawaii	20992 Jefferson Rd, PMB 9018, Lincln, Delaware	US
S3-43792643	Liberty Institute of	202 Baja Circle, Los Fresnos, Texas	US
S3-212589641	Homer Chiropractic  Regional	##45 Cortland Street, # Apartment 204, Hommer, New York	US
S3-491460140	Cornerstone  Investments L.L.C.	Manitowoc Road, City Of Menasha, Wisconsin	US
S3-352573144	Bshnaiyf LLC	Dianne St, Hempstead, New York	US
S3-618823714	Orbifaye	147 Northville Road, Northville, New York	US
S3-874789032	OE Rexford, L.L.C.	540-542 Darlington Trl, Fort Worth, Texas	US
S3-814568723	Best Mobility Gobla	4926 Discovery Ridge Ct, Silverdale, Washington	US
S3-859911190	Noviarclum	No A-7, Bombay, Mumbai City, MH	India
S3-876344691	International  Technologies LLP	601 Jolly Bhavan No 251New Marine Lines, Mumbai, MH	India
S3-539960809	Castro And Mcqueen	115 Rutherford Dr, Rockwall CDP, Texas	US
S3-323605300	Golden  Bistro	124 Dierdre Drive, Irondequoit, New York	US
S3-273093704	Pediatric Physicians	7350 Tenefly Rd, Unit Site 69, Portageville, New York	US
S3-995275630	Maddox Modern Abacus  LLC	District of Columbia, Washington, # 4, 812 Jefferson Street	US
S3-430432165	... Ace Transit 5ystems [LLC]	130 Reebcca Hammond Ct, Floor 0, Brooklyn, Maryland	US
S3-336321691	WW Quality 8iotechnology LLC	1511. Dry Fork Road, Ashland City, Tennessee	US
S3-90032435	Ajit Real Private	H.no 0676 A-202, 2Nd Floor, Chandravijay Society, Mahatma Phule Road, Mumbai City, Mulund, MH	India
S3-837509008	Dedra-Clark, D.O. Corp	##3 King Arthurs Way, Neington CITY, Connecticut	US
S3-836019296	GULF TRUST	107 Grnade Sky Ct, Cary, North Carolina	US
S3-644880921	यूनाइटेड फाइनेंस प्राइवेट लिमिटेड	#405, 4Th Floor Prashant Chhaya Apt. B Wing, Diva District Thane, Thane, महाराष्ट्र	India
S3-672727018	ketech inc	1310 Bagley Drive, Kokoom, Indiana	US
S3-740045180	CURRAN ADVISORS INC.	2309 Argillite Road, Flatwoods, Kentucky	US
S3-435291270	The X+ Globa  Inc	5218 A Delridge Way, Seattle, Washington	US
S3-860727544	E 4 Value Debt-Inc	North Dakota, 32rd Ave, Fargo, Bldg Building 210	US
S3-198777214	Belocira DBA: Rev It Up Pizza! LLC	272 Robbins Drive, Greenwood, IN	US
S3-325842198	Industries  Trio	51/6, Howrah, WB	India
S3-683553527	(Llc) Soleus Xrp	18818 Charter Elm Drive, Hockley, Texas	US
S3-84266720	Eastern Invsent LLP	C/o Pramad Kumar Dubey, Village Baragaon, Pindra, Varanasi, UP	India
S3-921776678	Allissa Edss-D.D.S. Center	7744- Allen Street, Midvale, Utah	US
S3-273913097	Smt Agro Products Co	Plot No. X-0037, Ansal Sushant City-ii Block-x, Village- Manchwa, Kalwad Road, Jaipur, RJ	India
S3-166656800	Ames-Ken LLC	00905 Steelhorse Drive, Fuquay Varina, North Carolina	US
S3-396261751	Primero Consultancy (India) Private	1789 Lal Kuan, New Delhi, DL	India
S3-421260810	LLC Midwest Viaratus	607 Walston Ln, Houston, Texas	US
S3-505577031	vision partners pllc	Texas, Tomball, Tobiano Park Drive	US
S3-617292987	Hayes & Shaver LLC Cénter	862 Right Fork Of Jesse Fork Rad, Saint Albans, West Virginia	US
S3-625814114	Malone's Technologies LP	23 Flora Way, Normal, Illinois	US
S3-149810745	Smith Endocrinology	301 Nevada Avenue, Mountain Home, Arkansas	US
S3-538670730	ಬಾಬಾ ಲಾಜಿಸ್ಟಿಕ್ಸ್ ಪ್ರೈವೇಟ್ ಲಿಮಿಟೆಡ್	No.284, 2Nd Stage, 5Th Main Road Kodigehalli, B T Pura, Bengaluru, Bangalore, KA	India
S3-652698763	[L.L.C.] Abernathy Pinnacle Hub	8700 97th Ave, Bismarck, North Dakota	US
S3-449888125	Transcontinental Trading	Carlisel, Pennsylvania, 9 Old Stonehouse Road	US
S3-494705343	बालाजी Solutions प्राइवेट लिमिटेड	Asn Starchem Private Limited C/o Mr Shailendra Gupta #26 Arogya Nagar, Kota, RJ	India
S3-597944569	Black Care Pvt Limited	A-3-a, Dod Ballapur, Kannamangala, KA	India
S3-591094339	SHIV TRADERS PVT LTD	C-35/387, Koonamthai, Ernakulam, KL	India
S3-551211349	Bernadette Páce, Ph.D.	4225 Regents Park, Hamburg, New York	US
S3-585487325	Innovative Wireless Innovations  Inc		US
S3-132401560	Avizeta d/b/a Baon Inc.	740 Lanoir Street, East Ridge, TN	US
S3-301472944	Prívate FW Fuels Limited	No 824 / 6 & 7, Byramangalam Village Kelamangalam Road, Denkanikottai Taluk, Krishnagiri, Dharmapuri, TN	India
S3-99519749	Team Air Pvt. Limited	Flat No:1-101, Anuska Towers, Opp. Mercedes Benz Show Room, Lakdi- Ka, -Pool, Hyderabad, Andhra Pradesh	India
S3-799164756	Walker  Better Bnb Inc	121-32 236 St, Rosedale, New York	US
S3-488832318	Pinnacle Corporation-Austin Services	Gamma Way, Austin, Texas	US
S3-420077786	ALLIED PAN INC	Jefferson St, Williamsburg, Virginia	US
S3-432536555	Mceachern, Anderea, CPA, DDS	Indiana, 6515 Christmas Tree Rd, Campbellsburg	US
S3-796163805	Cardiology Cme Associates	##1809 25th Street, Newport News City, Virginia	US
S3-383374757	Ss Consulting প্রাইভেট লিমিটেড	2/83/A, Rabindra Nagar Rabindra Nagar, Kolkata, Kolkata, Howrah, WB	India
S3-292521295	Morris & Sotelo	555 A Summer St, Unit 4, Lynn, Massachusetts	US
S3-156773105	Keloyuma trading as Wolf Navios	TX, Cleveland, 852 County Road 3479A	US
S3-586911363	Deleon Clear Harmony	3595 Valley View Blvd, Arizona, Williams	US
S3-217569261	Flack, Jenna Emerging [LLC]	1627 Judy Street, Oklahoma, Purcell	US
S3-77756912	Smart Mánagement Private Limited | www.smartmna.com	Hn 460 C-15-e Mig Flat, New Delhi, Maya Puri, DL	India
S3-848564347	Pune Bharat	Hn 672 165, Chitradurga, KA	India
S3-408490856	Danit Rowland, CPA [Ltd]	3556 Summerfield Ln, Winston-Salem, North Carolina	US
S3-596985700	Clean LLC Quartzsea	Oklahoma, 3120 Xyler Street, Tulsa	US
S3-836694717	Hannum Service Empire	6352 Hungerford Point, Town Of Saint Croix Falls, Wisconsin	US
S3-976153284	índianlogistics.com	#10Th Floor, Mfar Building, Embassy Manyata Tech Park, Bangalore North, Bangalore, KA	India
S3-902594971	Cs Ioida Private Limited	S. No. 136/P Opp. Ganga Ceramic, Tal. Wankaner, Vaghasia, GJ	India
S3-853898307	Crowley Alliance	640 State St, Lovington, Illinois	US
S3-267013109	Cunningham And Eadie Construction	560 Oklahoma Avenue, Washingon, District of Columbia	US
S3-354940625	Strategic Infrastructure  Collective - 8821006632	##687 185th Street, Cleveland, Ohio	US
S3-388111630	Strategic Strategic Scuti	24 Garfield Pl, PMB 237, Brooklyn, New York	US
S3-359993662	The Cardiology-Care, LLC	893 Woodmere Boulevard, Wooodmere, New York	US
S3-487021856	qq rocky federal inc	798 Orange Twp Rd 944, Ashland, Ohio	US
S3-693683170	Jodhpur Cabs	House No -1, GJ, Ahmedabad, Jodhpur	India
S3-334600243	Rózalinandrewsnational.Com	211 Harbor Glen Drive, Huntsville, Alabama	US
S3-301053476	Sri Narayan Shopping Associates Limited	C-804/1 Imperial Heights 150 Feet Ring Road - Opp. Big Bazar, Rajkot, GJ	India
S3-854074219	Legacy	AL, Mobile, Unit 365, 300 Water Street	US
S3-983382825	Ridge III Fellowship	130A Thirteenth Street, Laurel, Montana	US
S3-445795007	6-Legged Dog	Midway Rd, Dallas, Texas	US
S3-807580876	Thompson and Ignacio Áuto Repair Inc	1400 Dowell Springs Boulevard, Unit 310, Knoxville, Tennessee	US
S3-728765748	Dalton, Hanson  & Pierce LLC	9245 Winding Oak Drive, Fair Oaks, California	US
S3-215293918	Vanguard Mobility	Maryland, NULL, BIG POOL, 10307 National Pike	US
S3-251640233	Walters Preparat0ry	731 Kivett St, # 30A, Asheboro, North Carolina	US
S3-963437602	Star Marketing LLC Services	Saint Nicholas Ave, Worcester, Massachusetts	US
S3-747789147	Urgent Care	0010483 Plahm Ct, Worth, Illinois	US
S3-54462431	Precision Cargo Concepts	473-477 Smith Mill Rd, Tennessee, Fayetteville	US
S3-985350718	Kanishka Cmeibsesn Private Limited	528, Gurgaon, HR	India
S3-238607407	India Seva Pvt. Ltd. Partners	C/o Shobhnath Yadav, Vill Malak Inside Raja Rahul City Po Nilmatha, Lucknow, Lucknoe, UP	India
S3-139262287	Pao  Valley Toyo	134 Chownings Drive, Sanford, North Carolina	US
S3-257617767	പെർഫെക്റ്റ് ഐടി പ്രൈവറ്റ് ലിമിറ്റഡ്	Door No. 52/3028. D, Ernakulam, Cochin, KL	India
S3-108691309	Silver Solutions	Shop No 2Plot No 2 Ground Floor Kamrvddin Nagar, North Delhi, New Delhi, DL	India
S3-448598919	R D Docter Open LLC	Glenn Valley Drive, NULL, Athens, Alabama	US
S3-416535175	Pao Holding Company Partners	400 Tryon Street, Unit M5, Charlotte, North Carolina	US
S3-432511374	Limited Pune Private Service	C#3 Prathama Nagariprashant Society S.no128/2b/ 12 Sus Road Pashan, Pune, महाराष्ट्र	India
S3-273182727	Agro Products	Plot No. X-0037, Jaipur, RJ	India
S3-548122608	Allied Heritage Pineapple	4804 Elm St, Spokane CTY, Washington	US
S3-787859876	0CO Systems Prívate (Limited)	#323 D 35 Keshav Nagar, Numaish Camp, Saharanpur, UP	India
S3-824573196	Mccorvey and  Turner Chemical	616 Herring Point Cir, Seymour, Texas	US
S3-506357567	dionis nelson first development llc	66 Portage Street, # A, Arlington, Washington	US
S3-409304951	Vargas Total  Printing	005 Silva St, PO Box 1772, Carver, Massachusetts	US
S3-521494107	Environmental Ministries-Corp	2605- Anklam Rd, Tucson, Arizona	US
S3-572074730	Clary Towsley Innovative [LLC]	798 Nelson Road, Milliington, Tennessee	US
S3-195525493	Sungold Foundation Corporation	Plot No. B-18, Aurangabad, MH	India
S3-190182435	Peak Integrated 5mart Co	166 Essex St, Montauk, New York	US
S3-875856300	Kate Stoddard Génetics Care Ltd	New York, Babylon, 604 Cassata Drive	US
S3-789775319	Lambodar Softwares Ltd	B-702, Surat, ગુજરાત	India
S3-664646874	Jeri Care Liberty Kleinschmidt	60 King Philip Road, Brewsteer, Massachusetts	US
S3-8746814	atlanticfoundation.com	3425 Beret Ln, Silve Rspring CDP, Maryland	US
S3-352456266	RPW Federal Cayson Inc	161 Bronco Ln, North Pole, Alaska	US
S3-461209822	Ujjaora Finance Pvt	H.no 325 Laxmikrupa Odhav Chs Ltd Arbudanagar Nr Chhaganbhai-s Well Odhav, Ahmedabad, ગુજરાત	India
S3-308550033	Jsm Limited Private Products		India
S3-855427481	Korxyloaria Co F/K/A Lewis Ribbon LLC	2724 Alameda Drive, Virginia Beach City, VA	US
S3-535057563	A All 2 Cure PLLC	60th Ave East, Collinsville Township, Oklahoma	US
S3-280058477	Yolandachaudhryall.Com	010808 Massasoit Avenue, Chicago Ridge, Illinois	US
S3-246970342	SY-Hyperliquid	6250 Little Ox Rd, Fairfax County, Virginia	US
S3-690151407	Satya Slar Private Limited	Flat 301, Nishi Palace, Plot No 225, 9Th Main Road, Hrbr 1St Block, Bangalore, Bangalore North, KA	India
S3-387026046	Clean Quartzsea	3120 Xyler Street, Tulsa, Oklahoma	US
S3-322519593	Pkr Sérvices (India) Group	Ahmedabad, ##102 Straft Luxuria Opp Saurabh Garden Nr Vijay Char Rasta, GJ, Ahmedabad	India
S3-737630368	Quiroz Reliable Alchemy	0116 Papineau St, Papineu, Illinois	US
S3-651020082	Mr Trip Welfare Society Co	1/254, Baraban Khurd Thana Kakori, Lucknow, उत्तर प्रदेश	India
S3-181219831	Mova	1315 Adams Street, Nashville, Tennessee	US
S3-233269099	KT Lab, [LLC]	354 Sixth Ave, Guin, Alabama	US
S3-649223264	MCMANN CORPORATION P.C.	Arizona, Shaw Butte, 3224 Port Royale Ln	US
S3-117202076	Bright Care Private	401, Tambe Apartment, Dr. Ansari Road, Thane, MH	India
S3-735350384	Pioneer Power  Private	D 149 Inudstrial Areaphase Vii Mohali Ropar, Sas Nagar Mohali, Punjab, PB	India
S3-118095598	leoglobal.com	#26941 Locust Grove Rd, Creola, Ohio	US
S3-819164964	Sherye Craven Krakacquisition Ltd	Missouri Loop, Mandan, North Dakota	US
S3-235555059	Strategic Infrastructure  Collective	##687 185th St, Cleveland, Ohio	US
S3-845228548	लोटस फाउंडेशन प्राइवेट लिमिटेड	1/2234, Ram Nagar Shahdara, Near Pandit Chowk, Delhi, Delhi, East Delhi, दिल्ली	India
S3-838546346	Funidea + Associates  Company	B-73, Pandav Nagar Complex, East Delhi, DL	India
S3-713474562	Mr Tu1sa Professionals Private Limited	H.no 870 C-3/6, Sch-7 Shastri Nagar, Meerut, Jagrati Vihar, UP	India
S3-35358348	Physical Therapy Care	5606 90, Alabama, Mobile	US
S3-896271961	Strategic Collective Center	185th Street, Cleveland, Ohio	US
S3-797118108	Essex Sgurie		US
S3-520432017	Limited Astron Opportunities Public	Hal Ii Stage Indiranagar, KA, Bangalore, Bengaluru, #3566	India
S3-245187744	Jaipur Technologies Limited Services	P-309, Jaipur, RJ	India
S3-970714334	Davis Family (Office)	88 Olive Cir, Lebanon, Tennessee	US
S3-297176021	Literacy Lbeduae LLC	Texas, Denver City, Unit 215, 15 Dogwood Street	US
S3-169219392	Behavioral Health National Partners Corp	1201 Valleybook Ct, # Apartment K, Baltimore, Maryland	US
S3-761494916	शक्ति बिल्डर्स लिमिटेड	Farm No. 22, South Delhi, DL	India
S3-42865747	Sun High Hospitality Limited Center		India
S3-754781367	Pinnacle Corporation-Austin Mortgage	2604 Gamma Way, Austin, Texas	US
S3-565232057	Infinix Ieg Private Limited	Block D-##30 C/o Kalyani Devi, H.no. 1, Road No. 7, North Jai Prakash Nagar, Po- Ashiana, Patna, बिहार	India
S3-481188031	Young Optimal LLC Strategy	127 Nedra Ct, # APT 3, Sacramento, California	US
S3-943220543	PRIMARY CARE OPTIMAL PHYSICIANS LLC	PO Box 9034, 41 George Urban Boulevard, Buffalo, New York	US
S3-256012267	Smt Gmp Gallery Private Límited	MH, B-1, Kalyan, Thane	India
S3-741932778	Innovative Builders Limited	Mumbai City, MH, Mumbai, H.no 622 323	India
S3-661673850	Haloumbrax	OH, Middletown, 6797 Bexhill Drive	US
S3-600547476	Hung'S Printing Group	4623 U St, Fort Smith, Arkansas	US
S3-992635793	Orthopedic Prime Pártners Corp	2608-2610 Occidental Drive, Fairfax County, Virginia	US
S3-967444448	Limited Innotech Holdings	P.s. - Kotalpur, WB, Bankura, Vill. - Krishnanagar (Patpur), P.o. - Sihar	India
S3-396787805	bluemedia.com	New Delhi, H-19/157, New Delhi, DL	India
S3-528395237	Inc. King Federal Cooabmirf	550 Forest Park Ct, # B, Dayton, Ohio	US
S3-116175958	@glyphyxfuturecrest	Sulligent, Alabama, 627 East Street	US
S3-139823540	Cozy Shop Bike	3300 Southenr Oaks Drive, Bloomington, Indiana	US
S3-716445195	M5  Consultancy Corp	Pune, MH, Pune, Shymala Appts 1St Floor Flat No. 4 Opp Ratna Hospital Sb Road In Haveli	India
S3-242739203	Llc Valley Devices	Unit 312, 116 Kenendy Ridge Way, Mooresville, North Carolina	US
S3-281144175	Preferred-Remseragth LLC	1131 Hidden Ridge, # 3107, Irving, Texas	US
S3-761298840	Wolf Navios	852 County Road 3479a, Cleveland, Texas	US
S3-747297402	leor.com	KTAY CITY, 846 Northwood Pines Lane, Texas	US
S3-198626202	रियल केयर प्रा. लि.	BR, Patna, 301	India
S3-532090297	Inc. Royal Investment Véntures	68-72 Woodruff Ave, Brooklyn, New York	US
S3-531611140	Roots &  [Co]	##2 Jogendra Kaviraj Row, 2Nd Floor, Kolkata, Kolkata, Howrah, WB	India
S3-516790407	Daniels Shore Co	2743 Franklin Blid, Sacramento, California	US
S3-648280736	Maa Udyog Private	Flat No. 2023, New Delhi, दिल्ली	India
S3-969811933	GK Illumination LLC Service	7501 West Shore Drive, Edina, Minnesota	US
S3-811849473	Wi1mington Pediatric Dentistry Federal Care Associates	27 Meadow View Rd, Wilmington, Vermont	US
S3-675944636	@Saidinterests	5 Glen Street, Framingham, Massachusetts	US
S3-873469886	गुजरात ब्राइट टेक्नोलॉजीज एलएलपी	हरियाणा, Gurgaon, 53 Near Rapid Metro Rail Depot Gurugram, Gmcbl City Bus Depot Sector #52, Gurgaon	India
S3-615068807	-- Gold  Logistics Private Limited	No 4 G2 Viswas Enclave, Veeraih Amman Koil, 2Nd Street, Pallikaranai, Chennai, Chennai, தமிழ்நாடு	India
S3-400901132	Oyster Marketing Limited Center	S.no 6/C, H.no. 1/2, Gala No. 112, Jrt Ind. Etat Vasai Palghar Vasai-virar City, Thane, Vasai, MH	India
S3-194595158	Ram Services Enterprises		India
S3-454751213	Foye Piedmont Paceline		US
S3-287869437	Elysia Mendoza Metro Dté	1574. Colony Rd, Pasadena, Maryland, Fl 0	US
S3-327551962	Kolkata Private Metal Limited	#51B, Kolkata, Howrah, WB	India
S3-971585197	Sterling Payment	43. Barnes Road, Watertown, Connecticut	US
S3-280707982	Piedmont Dental Corporation	Grand Forks, 02420 2rd Ave, North Dakota	US
S3-609166608	Damani  & Sons Ltd	1697, Hsiidc Rai Sector-38, Sonepat, हरियाणा	India
S3-443736390	Jeanette Fhbsr Alliance LLC	Cobblewood Ct, Independence, Kentucky	US
S3-430510340	Silver Trading Private Limited	Door No 3 Rd-fr;fl-f, 17K/18 Dakshindari Road, North 24 Parganas, NULL, WB	India
S3-633873729	Innovative	13560 Mason Drive, Tell City, IN	US
S3-773948613	Addia Roque Southern	447 Saddleview Drive, <NULL>, White House, Tennessee	US
S3-275764959	Ariadelta	Rangareddy, TG, Flat. No. B ##908	India
S3-949355478	T0lbert Biologics LLC	564 Shimerville Road, Clarence Center, New York	US
S3-803823029	Vanguard Global  Culture Co	1443 Alvernon Way, Arizona, Tucson	US
S3-436000	Colon And Smith	New Lexington, 592 Pine Hill Dr, Ohio	US
S3-442429174	Ram Educational  Society Corp	Door No 9 Huda Mansion1st Floor Kolsa Street Paidhonie, Mumbai, MH	India
S3-983428753	Nonaex LLC Center	4131 Cobbletsone Ln, City Of Janesville, Wisconsin	US
S3-146429045	American Complete	5209. Avalon Drive, Randolph, Massachusetts	US
S3-273712295	Acumen Crown Private		India
S3-571297818	BROWN CLASSIC PHARMACEUTICAL, LLC	New York, 81 Street	US
S3-482015598	Flint Cháin	51573 Ehley Street, E. Paletsine, Ohio	US
S3-615032668	Unified Sémiconductor-Holdings Inc.	503. Lakeside Way, Mattawa, Washington	US
S3-803659652	Optimal Gulf		US
S3-544326906	Junina A. Borden, P.A. Corporation	6520-D 173rd Place, Tinley Park, Illinois	US
S3-401469619	All Food प्राइवेट लिमिटेड	Flat 004, Ground Floor, B Wing Saileela Chsl, Rcf Mahul Road, Chembur, Mumbai, Mumbai City, MH	India
S3-547273207	Center Borden, P.A. Junina	6520-D 173rd Pl, Tinley Park, Illinois	US
S3-850608588	Mr Caesar Marketing Co	Flat. No. B ##908, Niharika Exotica, Rangareddy, TG	India
S3-165006890	Bharat Impex Private (Ltd)	House No. 661, Faridabad, Sector - 19, HR	India
S3-953911625	jaipur c0nstruction pvt ltd	Jaipur, Arya Nagar, RJ, No 00225, Jaipur	India
S3-453660042	Apex Consumer-Advisors	1416 Wildwood Drive, Nashville, Arkansas	US
S3-986804760	MS Corp Services	Shymala Appts 1St Floor Flat No. 4 Opp Ratna Hospital Sb Road In Haveli, Pune, MH	India
S3-690516951	Vergara Feerll Clean		US
S3-171087667	rivetindustries.com	Kohinoor, Kochi, കേരളം	India
S3-11579765	Great Reliable Origin Llc	8st Ave, Edmonds, Washington	US
S3-81746359	Heart LLC Institute	6119 1/2 159nd St, null, Omaha Township, Nebraska	US
S3-637199322	Golden Cleaning Stlree	Main St, Shoshoni, Wyoming	US
S3-971933394	ames keen llc	00905 Steelhorse Dr, Fuquay-Varina, North Carolina	US
S3-346765267	Seor Starling LLC Center	1410 Midpark Drive, Appleton, Wisconsin	US
S3-291774005	Infinix Ites Private [Ltd]	Block D-##30 C/o Kalyani Devi, H.no. 1, Road No. 7, North Jai Prakash Nagar, Po- Ashiana, Patna, BR	India
S3-914099847	oln anchor green llc		US
S3-307180478	Y0rktown Holdings Partners	744 Ykt Slickfield Rd, Yorktown, Texas	US
S3-285566225	Timber Inc.	11504 1/2 Spruce Canyon Dr, Austin, Texas	US
S3-691310934	Midwest Virtus Llc	Walston Ln, Houston, Texas	US
S3-455472972	FF Mueanin Old	7053 Mc Intosh Lane, Unit APT 1A, Indiana, Indiaapolis	US
S3-227695565	janessaphelpspublic.com	31144 99e, Shedd, Oregon	US
S3-333078193	Marshfield Inn0vative  Ashford	Moraine Street, Marshfield, Massachusetts	US
S3-784349383	Clark, Hensley & Patton L.L.C.	40 Webster St, Kasota, Minnesota	US
S3-909227287	Janet Knauer PC Partners	New York, Colonie, 1785 Central Avenue	US
S3-525119913	X+  Globa Inc	5218 A Delridge Way, Seattle, Washington	US
S3-894359166	rivera colonial standard llc	469 Chicago Ave, Chicago, Illinois	US
S3-206228453	Family Partners	9707-9709 230th Pl, Kent, Washington	US
S3-731740762	North Coca	9971 Woodland Ct, Terre Haute, Indiana	US
S3-751226792	Prime Fargo	100 Norwood Drive, Georgetown, Texas	US
S3-620317621	Cardenas  Preferred		US
S3-853088236	limited suman technologies	N-98-bsouth Avenue Sainik Farm, New Delhi, South Delhi, DL	India
S3-873509300	Junina A. Borden, P.A. LP	6520-D 173rd Pl, Tinley Park, Illinois	US
S3-521617265	होटल एग्रो प्राइवेट लिमिटेड	202, Mumbai, Mumbai City, MH	India
S3-805699381	3763 Lake B0ulevard	Wisconsin, Town Of Ledgeview, 504 Redbird Cir	US
S3-377551819	Managed United L.L.C.	904 Church Hill Road, Centreville, Maryland	US
S3-631330745	Summit  Program	17220 Silver Maple Ct, Chesterfield County, Virginia	US
S3-755699323	Ss-Estate Private Limited	Plt No 1, Sy.no 87 Part, Maalaxmi Residency, Behind Chandra Reddy Gardens, Nalgonda, Hyderabad, TG	India
S3-651114132	Great Council Corp Federation	Hampton Ct, Jacksonville, North Carolina	US
S3-915014240	Limited Baba Private Center	A-44, Noida, Gautam Buddha Nagar, UP	India
S3-692987950	PAO VALLEY [TOYO]	134 Chownings Drive, Sanford, North Carolina	US
S3-380588608	सिल्वर सॉल्यूशंस लिमिटेड	No 2Plot No 2 Ground Floor Kamrvddin Nagar, New Delhi, North Delhi, DL	India
S3-776163828	llc wingate's tire shop	8106 Maplegate Place, GENN DALE, Maryland	US
S3-765700213	Kira Dacosta  Anchor Inc Service	1280 Twenty First Street, District of Columbia, # 306, Washingon	US
S3-580674537	Surgical Heartland Physicians  Inc	1302 Arbor Ln, Illinois, Palatine	US
S3-558836015	Herrera Platinum Research Corporation	107 Ocala Ct, Cary, North Carolina	US
S3-313080887	Nr Estates	Door No 77 Basundhara Colony Tonk Road, Jaipur, RJ	India
S3-864189639	Consultancy Classic Realty Private [(Limited)]	1303-B 13Th Floor Hemkunt Chamber 89 Nehru Place, New Delhi, South Delhi, DL	India
S3-961923978	Hardin	4430 Dewey Avenue, Greece, NY	US
S3-225558114	United Fuel LLC	9001 Drummond Ave, Portland, Oregon	US
S3-314496167	Said	5 Glen Street, Framingham, MA	US
S3-334606148	Moore,  Dorthy Global Plus	0214 Sugar Creek Rd, Mocksville, North Carolina	US
S3-469259505	Patsy's  Vanguard	Camelback Road, Phoenix, Arizona	US
S3-933483459	Private Anilesh Lnbabs Limited	310, Surat, GJ	India
S3-633243555	The Novyx Networks lnc	35973 Bushwacker Pass Street, San Tan Valley, Arizona	US
S3-935738710	International Cfd Global (LLC)		US
S3-25987313	Llc Stag	14nd Avenue, Unit #E7, Gig Harbor, Washington	US
S3-842128402	1084 Highland Blvd Properties P.C.	2916 Mckinley Saint, Anderson, Indiana	US
S3-944779724	Lewis & LLC Dynamix (Fink)	59W 222 Andermann Drive, Naperville, Illinois	US
S3-131576795	Jaipur Cmnstruction Pvt Ltd	00225, Jaipur, RJ, Arya Nagar	India
S3-851901421	Department of Finance Ltd	022 Front St, Van Etten, New York	US
S3-607369442	Digital	C/O Vikram Singh, Mohammadpur Gaunti, Fatehpur, Uttar Pradesh	India
S3-649694559	Asset Buiilinig (Program)	Arizona, 2322 Lustre, Tucson	US
S3-847751813	Brixaria	211 Harbor Glen Drive, Huntsville, Alabama	US
S3-651512595	runwaytrading.com	C-230, Solaris I Sakivihar Road Powai, Mumbai, Mumbai, Mumbai City, MH	India
S3-62506091	Daugherty Charter	8411 Ada St, Chicago, Illinois	US
S3-678309600	Vaught Pioneer Magna	1383-1387 Pine Ct, Hempstead, New York	US
S3-783404171	बॉम्बे आईटी प्राइवेट लिमिटेड	House No. 15, Kaushalya Park Hauz Khas, New Delhi, New Delhi, South Delhi, DL	India
S3-302519129	eastenergyprivate.com	Dhandrood, Ujjana, हरियाणा, 401A/11 Dhand Road, Kaithal	India
S3-714074185	Mount Synagogue	Reagan Drive, Fishers, Indiana	US
S3-153917288	Division of Parks  and Recreation Franklin	North Carolina, Franklin, 18 Chapel Hill Drive	US
S3-302370078	आनंद अल्फा इंडस्ट्रीज लिमिटेड	C/o Sushil Suryawanshi Netaji Nagar, Behind Zilla Parishad, Latur, महाराष्ट्र	India
S3-156311976	विजन Consultancy प्राइवेट लिमिटेड	Flat No-a-007. Shivprerna, Kalyan, Thane, महाराष्ट्र	India
S3-760413894	Mahi &	3-4 Mehta Housed P Wadi Gholapdeo Byculla, Mumbai, Mumbai City, MH	India
S3-738902150	superengineering.com	Hn 350 3/56, Lucknow, उत्तर प्रदेश	India
S3-143832185	Cardiology Health Corporation	14839 Elmtex Dr, Humble, Texas	US
S3-283541327	Mari 5ousa Pearl LLC	114 Main St, # Unit A, Norristown, Pennsylvania	US
S3-417064940	Forge Inc.	455- Central Park, New York	US
S3-429982117	ग्लोबल क्रिएटिव एनर्जी प्राइवेट लिमिटेड	Near Jama Maszid, Pachhim Darwaza, P.s. Khajekala, Patna City, Patna., BR	India
S3-46542178	capitaltriumph.com	700C Adelynn Ln, # 4G, Greensboro, North Carolina	US
S3-481804527	West Integrated Generati0n	Utah, SALT LAKE CTY, 4776 4865	US
S3-511001874	Superior Medical	15254 Sequoia Street, # UNIT A, Hesperia, California	US
S3-423066515	My  Guru Products Private Limited	Building No 18, Flat No 3, Rakshak Nagar, Phase No 1, Pune City, Pune, MH	India
S3-798931087	Price Total Pacific Inc	1669 P, Town Of Eaton, Wisconsin	US
S3-733188369	beejaypartners.com	T C Iv/22381, Trivandrum, KL	India
S3-655942787	Jere Mnr Floating Inc	Kara Court, Lebanon, Indiana	US
S3-569232260	Interstate College LP	2035-2039 Grant 19, Grapevine, Arkansas	US
S3-746853103	Anilesh Labs	310, Surat, GJ, Surat	India
S3-68091475	Ridge Clear  Navios	18- Monroe St, Pelham, New York	US
S3-888704708	The  Cardiology Care Associates	Newport News City, Virginia, ##1809 25th Street	US
S3-545273438	Eastern  Total Eye	704 Dubuque Dr, Montgomery, Alabama	US
S3-470136901	Pediatric Physicians LLC LLC	4229 Cortina Rd, Baldwinsville Township, New York	US
S3-260852905	ಬಾಬಾ ಲಾಜಿಸ್ಟಿಕ್ಸ್ ಪ್ರೈವೇಟ್ ಲಿಮಿಟೆಡ್	No.284, 2Nd Stage, 5Th Main Road Kodigehalli, B T Pura, Bengaluru, Bangalore, KA	India
S3-289375129	Choice Research  Holdings	10925-10929 61st Street, Omaha, Nebraska	US
S3-78042034	Sri Primero Consultancy-(India) Private Limited	1789 Lal Kaan, New Delhi, DL	India
S3-650501674	Mountain Center	158 Irene Circle, Greenbrier, Arkansas	US
S3-709243972	OE Rexford LLC	540-542 Darlington Trail, Fort Worth, Texas	US
S3-858811791	nationalconvertible.com	Brooklyn, New York, 922 Eastern Pkwy	US
S3-574141900	HARI Software Limited		India
S3-923832336	FLOR NORRIS THIRD INC	905 Bird'S Fort Trail, Arlington, Texas	US
S3-569734745	Bhilwara Commercial Private	Near Guruji Ki Hotel Pur Road, Bhilwara, RJ	India
S3-729270953	Pediatric Specialists-P.C.	3780 Rocky River Road, Charlotte, North Carolina	US
S3-795112544	Emilia Sterne Liberty Boral L.L.C.	Luverne, Alabama, 240 1st Street	US
S3-121110242	Clean Bright Hotels	530 Main St, Harrisonburg City, Virginia	US
S3-452395543	Finex Hospitality  Limited	H.no #83, Sai Baba Nagar, Nagpur, MH	India
S3-473690527	Cooper Clean	909 5th Street, Cihckasha, Oklahoma	US
S3-855293015	சிவா மீடியா பிரைவேட் லிமிடெட்	Iit Madras Research Park, 1 Fa, I Floor Kanagam Road, Taramani, Adayar, Chennai City Region, Chennai, TN	India
S3-244487201	Innovative Cloud Technologies	1714 Jenkins Rd, Pasadena, Texas	US
S3-683224672	Dr Zee Center	At/po:areikana Balichandrapur, Jajpur, OD	India
S3-331195925	Safalya Clothing Private Ltd	##23, Divreportingcircle, New Delhi, DL	India
S3-234332983	भारत इम्पेक्स प्राइवेट लिमिटेड	House No. 661, Sector - 19, Faridabad, HR	India
S3-764167858	Upper Otpial Materials LLC	Ireland Drive, Waunakee, Wisconsin	US
S3-792833085	Internal Internal Medicine Reigognal Care, Inc	Cinphany Ct, High Ridge, Missouri	US
S3-593153478	parrowringoreinbold.com	271 Little John Loop, Alexander City, Alabama	US
S3-247765233	syscfl.com	51, Second Floor, Bootstart Co Work, Rishab Arcade, Sanjay Nagar, Bangalore, Bangalore North, KA	India
S3-439280253	Pyraev0vera	Khasra 295/296, Lucknow, UP	India
S3-795867452	National VI Fellowship LLC	009404 Lona Ln, Albuquerque, New Mexico	US
S3-564651532	Arcvantage trading as Marshfield Innovative Ashford	236 Moraine Street, Marshfield, MA	US
S3-575472972	Briney G. Lyons, L.C.S.W.		US
S3-593060742	Cevernet Signature Marketing Corporation	1559 Hemlock Drive, Oak Harbor, Washington	US
S3-64637573	Piedmont-Dental	2rd Avenue, Grand Forks, North Dakota	US
S3-816136172	ಸುಪ್ರೀಮ್ ಸಾಫ್ಟ್‌ವೇರ್ ಎಲ್ಎಲ್‌ಪಿ	1-266/1, Mathrushree, Bellairu Grama, Ks Rao Nagar, Karnad, Mangalore, Dakshina Kannada, KA	India
S3-909891057	Avila  Medical Center Corp	201 8nd St, Ponca City, Oklahoma	US
S3-269285564	ravitech task private limited	F No-301, Visakhapatnam, Vishakhapatnam, AP	India
S3-366996711	Services Satnam Technologies Private  Limited	Door No 7, Cuddalore, தமிழ்நாடு	India
S3-265740647	Secure Corp Digital	405 Mclemoresville Rd, Huntingdon, Tennessee	US
S3-731306463	Eastern Total  Eye Care P.C.	Alabama, Montgomery, 704 Dubuque Drive	US
S3-449332082	Signature Stores	1011 Gallagher Avenue, City Of Green Bay, Wisconsin	US
S3-36252833	Gulf Culemo Athena LLC	4909 Parkview Drive, # #H, Lake Oswego, Oregon	US
S3-326396669	Mars Institute Of Technology	2-55, Chinna Golkonda, Shamshabad, Kv Ranga Reddy, K.v.rangareddy, Shamshabad, TG	India
S3-46156884	Private Hrv Traders Ltd	Chandauli, Barahani, Chandauli, Chandauli, 359, UP	India
S3-900034481	Green Robotics International LP LP	11830 Kerr Pkwy, PO Box 4778, Lake Oswego, Oregon	US
S3-965994079	Nylazeta	400 Tryon Street, Charlotte, North Carolina	US
S3-502751107	Preferred  Fresenius [LLC]	Independence, Missouri, 1819 Osage St	US
S3-831485145	Family Fellowship III Inc	104 Fleming Avenue, Geneva, Alabama	US
S3-671183161	साउथ सिस्टम्स प्राइवेट लिमिटेड	Vishwas Garden, H. 4, Pl. No. 63, Sec.16, Pcndta, Pune City, Pune, MH	India
S3-959122070	vanguardglobal.com	1443 Alvernon Way, Tucson, Arizona	US
S3-817802788	LLC NATIONAL CONVERTIBLE	922 Eastern Parkway, Brooklyn, New York	US
S3-796962673	बाबा प्रोजेक्ट्स प्राइवेट लिमिटेड	A-44, Noida, Gautam Buddha Nagar, UP	India
S3-339567025	Hayes and Shaver	862 Rigmt Fork Of Jesse Fork Road, Saint Albans, West Virginia	US
S3-158229247	tacticalservicesindia.com	Plot 0903 C/o Khalif Mohammd Soyat Road Susner, Agar, Shajapur, मध्य प्रदेश	India
S3-528612711	Melonie Rodriguez [Debt]	281 Dellwood Drive, Parma, Ohio	US
S3-642088701	Private Balakrishna Institute of Technology (Limited)	DL, South Delhi, Gaound Floor H.no. 34, Delhi	India
S3-762135892	Urgent Care Apex Clinic	Bristolville, Ohio, 6153 St Rte 45	US
S3-74266980	Mazzola	Bronx, New York, 217 252 Street	US
S3-706552925	Caesar Marketing	Flat. No. B ##908, Niharika Exotica, Rangareddy, తెలంగాణ	India
S3-948859664	Northern Bilwes LLC	8313 Tanglewood Rd, Rogers, Arkansas	US
S3-147770781	Vijay Infra Private Límited - 6449622107		India
S3-172175900	Garner And Palacios Vernal-Fargo LLC	137 EB Prairiewood Dr, North Dakota, Fargo	US
S3-43672552	Smt 5afalya Clothing Limited Center	##23, Divreportingcircle, Iind Floor Parmanand Colony, DL	India
S3-465068677	... Jain Hospitality Hospitality Ltd	B-54, Karni Nagar, Near Karni Bhawan Palace Hotel, Lalgarh, Bikaner, राजस्थान	India
S3-86423481	Quanteon-Mercury LLC LLC	Hempstead Boulevard, Uniondale, New York	US
S3-237091039	American	Randolph, MA, 5209 Avalon Drive	US
S3-916564889	Hari	H. No 2M/94, B.H. Colony, Kankarbagh, Sampatchak, Patna, Bihar	India
S3-280685120	Nakshatra Nakshatra Solar Cómpany	No 381 Raj Mahal Veer Nariman Roadchurch Gate, Mumbai, महाराष्ट्र	India
S3-900920408	Disha International Pvt	Door No 4, Mumbai, Mumbai (SUBURBAN), MH	India
S3-423543341	Nénaia	##1932 Ave P, Scottsbluff, Nebraska	US
S3-375905155	Continental Páyment Partners Co		US
S3-848890867	Delta LLC Partners	3725- Waterton Leas Ct, Charlotte, North Carolina	US
S3-325609353	A1 (India) Mercantile (Limited)	Indicon Viva, 3Rd Floor 53A, Leela Roy Sarani, Gariahat, Howrah, Golpark, WB	India
S3-891350134	Star Union LLC Partners	321 Saint Nicholas Avenue, Worcester, Massachusetts	US
S3-938536310	M/s Saving Investments	Nawabganj, Housing, Property, Nawabganj, 137 Gacga Nagar, उत्तर प्रदेश	India
S3-675424442	Avihaloarc	200- Cove Way, # 620, Quincy, Massachusetts	US
S3-54050948	Magdaia Abe Premium	Trail Drive, Linden, Tennessee	US
S3-722678414	Olsen, Thompson + Abreu Company | www.olsentho.com	15111 Chronicle Rd, MEDA, Washington	US
S3-974873387	Behavioral Health Cáre Associates of Dunlap	1309 Old Union Road, Dunlap, Tennessee	US
S3-849395868	Dr NCK CONSULTANTS PRIVATE LIMITED	Rzf 734/B, Plot No-2, Kh. No. 47/12/2 F/f Raj Nagar Part-2, Palam Colony, South West Delhi, New Delhi, DL	India
S3-910279724	क्लासिक इंजीनियरिंग प्राइवेट लिमिटेड	#42 Mahavir Ind Estateoff Andheri Kurla Road Sakinaka, Mumbai, MH	India
S3-415992608	SF	F No. 928 Tf/B, Pratibha, Apartment, Sujata Nagar, Nagpur, Maharashtra	India
S3-457449145	Smt Balaji Hospitality Limited Services	H.ho.169, F/f, Village- Ali, K Mpur Near Dsiidc Comple, Delhi, Central Delhi, DL	India
S3-239382118	Silver  Pizza!	328 Childs Avenue, Ogdeen CITY, Utah	US
S3-679571431	Ab Consultancyprivate Pvt.	No.43 Ramaiah Layout, Bangalore, Bengaluru Urban, KA	India
S3-751787904	The Rosiles Interstate Armour	Harlingen, # UNIT 316, Texas, Bus Hwy 83	US
S3-888549398	Continental  Trading LLC	2001 Little Mountain Road, Alexis, North Carolina	US
S3-585034654	LLC 5oex Otgst	24th Ave, Nashville, Tennessee	US
S3-194840044	India Rbianbhow Hvac Pvt Ltd	Unit No. 302, Mumbai Ii, Mumbai, MH	India
S3-991480342	Internal Center Green Medicine	5126 Lyptus Ln, Klamath Falls, Oregon	US
S3-851565434	ब्राइट केयर प्राइवेट लिमिटेड	401, Tambe Apartment, Dr. Ansari Road, Thane, MH	India
S3-135817745	Dna-Career	5/274/5, Darul Ameen, Pulikkalthazham, Kozhikode, KL	India
S3-411397276	Keziah's  Physical	5105 Indianola Ave, Edina, Minnesota	US
S3-978629745	Nexkelo formerly: Morbi Ram Private Limited	Plot No. 24P, Pruthviraj, Plot, Near Shakti Ice, Morbi, Rajkot, Gujarat	India
S3-567385735	Mazola Holdings	217 252 Street, Bronx, New York	US
S3-813562861	Shri Verafayemira	House No 4/82 Madanlal Bohara Kapad Market Ichalkaranji, Kolhapur, महाराष्ट्र	India
S3-958944302	Murliwala International (School)	#27 New G T Road, Ground Floor Uttarpara, Hooghly, WB	India
S3-840851609	Pacific LLP Service	H.no 43 68-5-1, Rajahmundry, East Godavari, AP	India
S3-201035689	Private Vipul Invlnet Limited	S No.545/a/b, Pune City, Pune, MH	India
S3-808470869	directuniondefense.com	560 St Rte 60, Greenwich, Ohio	US
S3-27701680	Dovapyraorbi+ née Hussain, Carter and Goodwin	605 Hall Street, Village Of Redgranite, WI	US
S3-499180047	Bright Electric [P.L.L.C.]	1644 Rosemont Dr, Baton Rouge, Louisiana	US
S3-217651110	Randolph, Rolls And [Zacharias]	403 Wilson Drive, Midwest City, Oklahoma	US
S3-374454270	Stout, Ktf, O.D.	2330 H Avenue, New Castle, Indiana	US
S3-355402862	Loreen Welch Keen  LLC	Texas, 1338 Mystic River Lane, Rosenberg	US
S3-868933959	YRN Advertisers Limited Center	Mmb 1/171, Sitapur Rd, Lucknow, UP	India
S3-405508813	Milind Bróthers Ltd		India
S3-332793998	Three-Technology	0018Th Floor, 1801, A Wing, Rustomjee Elanza, Mindspace, Link Road Malad (W), Mumbai, Mumbai Metro, MH	India
S3-464564697	welcometrustpartners.com	Kakinada, Vighneswara Nagar, Valasapakala, #722 3-154, AP, East Godavari	India
S3-389614863	स्काई ट्रेडिंग प्राइवेट लिमिटेड	S 29/1/4/5 Chaitanya Class Ic Fl 22 Dhankawadi, Pune, MH	India
S3-404159975	Digital Partners  Services	C/o Vikram Singh, Fatehpur, Prem Nagar, उत्तर प्रदेश	India
S3-523797609	Danit Rowland, Rowland, #43623		US
S3-502872791	Underwood, Stowe & Monroe Cáre	5018 Waddell St, FT Orth, Texas	US
S3-692012713	Miraorbi fka United Boards Limited	801 Swapnapurti, Jeevansheela Chs Ltd, Joggers Park, Government Colony, Mumbai, Maharashtra	India
S3-172050259	Satya Services Private Ltd	120, Coimbatore, TN	India
S3-322745815	Odonnell And Love	North Dakota, Killdeer, 49 107th Avenue	US
S3-295108538	Ace Transit Systems Llc	130 Rebecca Hammond Ct, Fl 0, Brooklyn, Maryland	US
S3-579636339	Smt Blue Builders	North Delhi, S. No. 3349, Ground Floor, Peepal Mahadev, Hauz Kazi, Near Chawdi Bazar Metro Stati, On, DL, Delhi	India
S3-685004187	Drexumbraumbra	3236 -300 Silver Sands Cir, Virginia Beach, Virginia	US
S3-996419152	Engineering Anil Trading Center	C-9, Maharani Bagh, New Delhi, DL	India
S3-515362882	Leor LLC	846 Northwood Pines Lane, KTAY CITY, Texas	US
S3-7372333	Timber  Inc	11504 1/2 Spruce Canyon Dr, Austin, Texas	US
S3-625392851	Waves Trading Pdiehdaiee Limited	Plot 102 Shyaamla Towers, Salaigramam, தமிழ்நாடு	India
S3-644703425	Dandy Alliancebernstein		US
S3-89968099	OV Limited Workforce	No 381 12-13-1274, Hyderabad, Andhra Pradesh	India
S3-650994508	Magruder Prairie Servicis (Gróup)	30122 Nichols Sawmill Road, Magnolia, Texas	US
S3-182045112	Mendez's Excabatsibo PLLC	Anoka, Minnesota, 914 Charlotte Dr	US
S3-646624983	King Fdeerl Colombier Inc.	550 Forest Park Court, Dayton, Ohio	US
S3-188175052	INTERSTATE SEMICONDUCTOR SOLUTIONS LLC	Virginia, 4933 Amberwell Pl, Glen Allen	US
S3-919066015	Trc Computers Private	Malani House, Murtizapur, Akola, MH	India
S3-932502077	सिल्वर सॉल्यूशंस लिमिटेड	Shop No 2Plot No 2 Ground Floor Kamrvddin Nagar, New Delhi, North Delhi, DL	India
S3-877673649	Modern  Flaherty	3006. Mesquite Drive, Sugar Land, Texas	US
S3-841324138	mórbiram.com	Plot No. 24P, Pruthviraj, Plot, Near Shakti Ice, Rajkot, GJ	India
S3-274797199	Bonzer Law Chambers Corp	110, Faridabad, HR	India
S3-926930944	Ceniify-Consultants	California, 1443 Teneighth Way, Sacramento	US
S3-376191303	Castro And Mcqueen Llc	115 Rutherford Drive, Rockwall CDP, Texas	US
S3-879713790	Acumen Private Limited Center		India
S3-769620972	Mumbai  Trading Limited Center	Bombay, Navi Mumbai, 52Mittaltowera'Wing, MH	India
S3-83595778	Veoyuma doing business as Moreno's Publishing PLLC	609 Holmes Boulevard, York County, VA	US
S3-683280967	Shiv Pvt Ltd Services	C-35/387, Ernakulam, Koonamthai, KL	India
S3-535510201	TATIANA BINGHAM KPET	1275 R Capitol Avenue, # R, Atlanta, Georgia	US
S3-855327933	Ear Nose & Throat Mountain	210 Kildare Avenue, Chicago, Illinois	US
S3-744954016	innotechholdings.com	P.o. - Sihar, P.s. - Kotalpur, WB, Vill. - Krishnanagar (Patpur), Bankura	India
S3-648334393	Department of Finance LP	022 Front Street, Van Etten, New York	US
S3-413028729	@deltacoinshares	3725- Waterton Leas Ct, Charlotte, North Carolina	US
S3-90225817	W L Selby Imperii LP	194 Office St, Braidwood, Illinois	US
S3-192002686	All Private Limited Services	Flat 004, Mumbai, Mumbai City, MH	India
S3-368595193	Smith Partners	301 Nevada Ave, Mountain Home, Arkansas	US
S3-687857173	X+ Globa  Inc	5218 A Delridge Way, Seattle, Washington	US
S3-148221435	charterdaugherty.com	Ada St, Chicago, Illinois	US
S3-331879186	UI Bny	43 Windmill Ln, Clarkstown, New York	US
S3-479349512	యూనిక్ విజయ్ టెక్నాలజీ ప్రైవేట్ లిమిటెడ్	H No.19-1-455 & 456 Kamati Pura, Hyderabad, Andhra Pradesh	India
S3-745213977	Oncology Specialists Allied		US
S3-448060584	Prime Fargo LLC	100 Norwood Dr, Georgetown, Texas	US
S3-580169249	Mumbai Trding Private Limited	Bombay, 52Mittaltowera'Wing, 5Thfloor210Narimanpoint, Navi Mumbai, MH	India
S3-376148402	Sherye Craven Center	#2080 Missouri Loop, Mandan, North Dakota	US
S3-15712480	Shri >> South-Systems Private Limited	Vishwas Garden, H. 4, Pl. No. 63, Sec.16, Pcndta, Pune City, Pune, MH	India
S3-306514850	M/s Vipul Investment Prívate Limited	S No.545/a/b, Pi No. 433, Salisbury Park Gultekadi, Pune City, Pune, MH	India
S3-478502946	Ganganth Energy Private (Ltd)	H. No. 4, Delhi, New Delhi, DL	India
S3-957762679	platinum health partners llc		US
S3-640423499	CARDIOLOGY MEDICINE MEDICINE	10342 Elizabeth St, Goshen, Ohio	US
S3-880346082	behavioral health center	12 Tenth St, Coucnil Grove, Kansas	US
S3-841020990	Quality	1511 Dry Fork Road, Ashland City, TN	US
S3-701336150	prairie capital partners pllc		US
S3-694821422	Preferred Defense Ventures,	1802 Cruiser Ln, Belgrade CITY, Montana	US
S3-637080396	South  It Limited	#303 Ward No 6, Parsauni, Sitamarhi, बिहार	India
S3-205164784	Gujarat Gujarat Systems Pvt		India
S3-974128830	lobatocapital.com	343 Ferguson Court, Goldstream, Alaska	US
S3-726444173	Odonnell & Love LLC Services	49 107th Ave, Killdeer, North Dakota	US
S3-156364994	PE	Nabarangpur, C/O P.Manikantha, Po-Charamula, Telengashi, Nabarangpur, Orissa	India
S3-988582377	Animal Welfare Premier [Trust]	1107 40rd St, Austin, Texas	US
S3-601806725	Orthopedic Center	21 Valley, Bloomfield, New Mexico	US
S3-700651493	The M0va	1315 Adams St, # 303, Nashville, Tennessee	US
S3-227680136	Smith Services	301 Nevada Ave, Mountain Home, Arkansas	US
S3-972795028	inc gago grupo	303 Pitman Avenue, Wentzville, Missouri	US
S3-699958110	Pediatric  All Health LLC	141 Forest Drive, # 31, Annapolis, Maryland	US
S3-884787091	-- Jaxcira	271 Little John Loop, Alexander City, Alabama	US
S3-596760546	Mendenhall Bl Tóp	30739 Cllege Dr, Decorah Township, Iowa	US
S3-819467159	Limited Eastern Marketing Center	Sco - 29 1St Floor Mugal Canal Above Canara Bank, Karnal, Urban Estate, HR	India
S3-671353640	Mirazeta fka Anchor Payment Labs LLC	6224 Stafford Street, Prescott Valley, AZ	US
S3-538474062	Delta Madimon	Lower Buckeye Pkwy, # 1077, Goodyear, Arizona	US
S3-448621645	Gulf Trusted Highland LLC	5565 Dixie Rd, Mauckport, Indiana	US
S3-874041669	United Initiative Inc	Tennessee, Jackson, 1096 Royal St	US
S3-996590532	Narayan Ass0ciates Center	C-804/1 Imperial Heights 150 Feet Ring Road - Opp. Big Bazar, Rajkot, GJ	India
S3-980536186	bridgette rivas internet-prince edward county	Prince Edward County, 105 Haskins Ln, Virginia	US
S3-216498754	Mitechnology.Com	2-55, Chinna Golkonda, Shamshabad, Kv Ranga Reddy, Shamshabad, K.v.rangareddy, TG	India
S3-966199589	Carey, Tropp + Chadwick	276 Seventh St, Cottage Grove, Oregon	US
S3-253618640	Hung's Printing LLC	4623 U St, Fort Smith, Arkansas	US
S3-959527353	VWB Prime Live LP	Young Road, Bremen, Ohio	US
S3-855659275	Co1on and Smith [LLC]	592 Pine Hill Drive, New Lexington, Ohio	US
S3-750435471	Davi & Adams Corp	2734 Wallcrest Blvd, Columbus, Ohio	US
S3-785969699	Rabun LLC Boral	225 87 St, NEW ORK, New York	US
S3-108918171	Innovative Builders [Limited]	H.no 622 323, 3Rd Floor, Panchratna, Opera House, Mumbai City, Mumbai, MH	India
S3-285690118	Creative Alpha Investment	C/o Radheshyam Ghanshiram Maran Karmachari Colony Mandi, Kalapipal, Shajapur, मध्य प्रदेश	India
S3-322718515	Quodovajax t/a Complete Rapid Muniyield, Inc	Apple Valley, 12556 Yorkshire Drive, CA	US
S3-964111969	pacific center	3253 152nd St, Seatac, Washington	US
S3-466779540	Cozy  Bike	Indiana, 3300 Southern Oaks Dr, Bloomington	US
S3-473904923	olsenthompsonabreu.com	Chronicle Road, MEDA, Washington	US
S3-403803327	[Inc] Saltsman Martin	0739 Hebron Drive, Evansville, Indiana	US
S3-911967637	Onyxnexlyra a/k/a 3763 Lake Boulevard Company	504 Redbird Circle, WI, Town Of Ledgeview	US
S3-980125188	danielsshore.com	2743 Franklin Blvd, Sacramento, California	US
S3-36000179	Sholes SAFE INC	1437 Arthur Avenue, Lakewood, Ohio	US
S3-493426584	Trc Computers-Private-Limited	Malani House, Akola, Murtizapur, MH	India
S3-542979539	OV Workforce	No. 381 12-13-1274, C 204 Tarnaka, Hyderabad, Andhra Pradesh	India
S3-16386324	Mr Ab Consultancyprivate Pvt. [Ltd.]	Bengaluru Urban, No.43 Ramaiah Layout, KA	India
S3-179239885	DMW Erpress, Inc	837-A Gehl Lane, Village Of Hilbert, Wisconsin	US
S3-497992050	Esther Dodd Apple  Group	N76w24766 Ridgefield Dr, Sussex, Wisconsin	US
S3-860524901	Lewis Ribbon L.L.C.	272 Alameda Drive, Virginia Beach City, Virginia	US
S3-978673476	American Preferred  Generating LLC	2731 Ar 351 Highway, Jonesboro, Arkansas	US
S3-546707465	लोटस फाउंडेशन प्राइवेट लिमिटेड	1/2234, Ram Nagar Shahdara, Near Pandit Chowk, Delhi, Delhi, East Delhi, दिल्ली	India
S3-190075471	નોર્થ સર્વિસીસ પ્રાઇવેટ લિમિટેડ	S-13, Sarthak The Mall, Gandhinagar, Gandhinagar, Gandhi Nagar, ગુજરાત	India
S3-127700561	1  800 Flowers	1003 4390 Road, Ft Towson, Oklahoma	US
S3-671467846	SREE & SONS	A 03, Radhe Krishna Society, Kapodara Patiya Gidc, Ankleshwar, Bharuch, GJ	India
S3-765867523	Abernathy Pinnacle Hub	8700 97th Avenue, Bismarck, North Dakota	US
S3-436057271	Ketech	1310 Bagley Dr, Kokoom, Indiana	US
S3-227561745	Moreno's PLLC Publishing	609 Holmes Boulevard, Yorktown, Virginia	US
S3-20280355	Profound Security Private Ltd	5/593 Z 79, 3Rd Floor Daliya Kpees Avenue, Uphill, Malappuram, Malappuram, Malapuram, KL	India
S3-202341754	sy hyperliquid llc	6250 Little Ox Rd, Fairfax County, Virginia	US
S3-275783780	Zephyr L.L.C.	10243 1/2 Occidental Avenue, Seattle, Washington	US
S3-210117950	Pediatric Specgcasts P.C.		US
S3-965833905	Sree Investments Prívate Ltd	3/54/C4, Pattavayal, Pattavayal Post, Moonnad 1, Pandalur, Gudalur, Nilgiris, TN	India
S3-83300655	ornelasclearbaincom	Andros Street, <NULL>, Costa Mesa, California	US
S3-1754732	Veoorbi formerly Youth Center	Schererville, 3012 Amber Way, IN	US
S3-741976349	Metro  Fortune	Lakewood, Washington, 6020-A 78th Street Court	US
S3-724488070	Gonzalez's  Dental Inc	9506 Riverland Ln, Houston, Texas	US
S3-347279111	GREAT COUNCIL CORP	123 Hampton Court, North Carolina, Jacksonville	US
S3-76187042	Southern Infinite, Ínc	47144 Ridge Trl, Buxton, North Carolina	US
S3-949352080	Gulf Trústed Highland PC	5565 Dixie Road, Mauckport, Indiana	US
S3-329727683	Tulsa Professionals Private	H.no 870 C-3/6, Sch-7 Shastri Nagar, Meerut, Jagrati Vihar, उत्तर प्रदेश	India
S3-784337306	Peterson and Yóung P.C.	0419 Fifth Street, Blaine, Washington	US
S3-194706797	India Sccfeva Innovations Pvt. Ltd.	UP, Lucknoe, Lucknow, C/o Shobhnath Yadav, Vill Malak Inside Raja Rahul City Po Nilmatha	India
S3-32179074	Axis Technologies Egmore Nungambakkam Corp	32, Egmore Nungambakkam, Chennai, TN	India
S3-725235386	vargowagnergardner.com	North Carolina, # 106, Cary, 15 Dudley Park Loop	US
S3-386671269	Mirazeta formerly: Gonzalez Prairie Andretti Corp	Unit 1, Putnam County, TN, 2465 Benton Young Road	US
S3-156980592	Corp Donmiia	10290d Galena Road, Yorkville, Illinois	US
S3-940463762	Evoyumavantage	101 A Hari Nagarashram Chowk, New Delhi, South Delhi, Delhi	India
S3-136374798	Rivera Colonial-5tandard L.L.C.	469 Chicago Avenue, Chicago, Illinois	US
S3-361447877	Moreno's PLLC Service	609 Holmes Boulevard, York County, Virginia	US
S3-352112360	रॉयल इम्पेक्स प्राइवेट लिमिटेड	C/o Smt. Indra Jha, W/o- Ramanand Jha Near- Mamta Appt. Shivpuri, Shastri Naga, R, Patna, BR	India
S3-124904830	Royal Packaging Corporation  Partners	1104 Freedley St, Conshohocken Borough, Pennsylvania	US
S3-384594171	Pyralumio f/k/a Division of Parks and Recreation Franklin	188 Chapel Hill Drive, Franklin, NC	US
S3-591269894	Preferred  Inc Center	Foothill Blvd, Rialto, California	US
S3-625661210	रियल केयर प्रा. लि.	Patna, Divreportingcircle, BR, 301	India
S3-570572149	urgent care apex clinic llc	6153 St Rte 45, Ohio, Bristol Twp	US
S3-684532517	Medina Pioneer  Hancock	Washington, 3223 57nd Avenue, Spokane	US
S3-332801830	Mascot Krishna Private Ltd	17, Tiruvarur, Thiruvarur, தமிழ்நாடு	India
S3-708404310	Royal Corporation Packaging Partners	Conshohocken Borough, 1104 Freedley Street, Pennsylvania	US
S3-607434485	Medina Píoneer Hancock Inc	3223 57nd Avenue, Spokane, Washington	US
S3-499938874	Pinnacle Mortgage Corporation-ustin	2604 Gamma Way, Austin, Texas	US
S3-483517945	Rbr International School Ltd	4-A Rizvi Park 5-Aaltamount Road, Mumbai, MH	India
S3-590453053	Private Global Creative Energy Limited	Near Jama Maszid, Pachhim Darwaza, P.s. Khajekala, Patna., Patna City, BR	India
S3-96577433	Om Limited Private Infotech	Door No 103, First Floor, Universal Plaza 13/20, W.e.a, Karol Bagh, New Delhi, DL	India
S3-369281101	Guru Constructions Private Ltd	05-055/49/C/Nr, Ramireddy Nagar-w4, Jeedimetla Village, Quthbullahpur Mandal, Tirumalagiri, తెలంగాణ	India
S3-760506647	-- Equinox	11703 Plumpoint Dr, Houston, Texas	US
S3-620905670	(Incorporated) Urgent Care Medicine	3936a Johnson Place, Scio, New York	US
S3-785652803	My Industries Pridivare Limited	9/608, Gorantla Village, Gorantla, Anantapur, ఆంధ్రప్రదేశ్	India
S3-112066788	Georgianne Brumfield Supreme [Iii,]	3623 Nagawicka Shores Dr, City Of Delafield, Wisconsin	US
S3-749297005	Baptist First	280 14th Saint, Newark, Ohio	US
S3-777651590	Keloaria DBA Midwest Assets, Inc	18222 Stockton Springs Drive, Spring, TX	US
S3-790733873	Best  Interstate	659-663 Declan Avenue, Galena, Ohio	US
S3-625057582	Emblem & Sóns Private Limited	654 Site Two Km, Stone Takht Gussain, Moradabad, Sambhal, UP	India
S3-95127321	1084 Highland Blvd Properties LLC	2916 Mckinley St, PMB 9730, Anderson, Indiana	US
S3-739441622	Petronilla Shirkey United [Floating]	Riverchase Dr, Phenix City, Alabama, PMB 2243	US
S3-285394589	Cure2allcom	14840-14844 60th Ave E, Collinsville Township, Oklahoma	US
S3-291839051	Quanteon Mercury Llc	908 Hempstead Blvd, Hempstead, New York	US
S3-381065115	Automotive Cóllege	1St- Floor, City Palace, Durga Badi, Surajkund Road, Gorakhpur, UP	India
S3-369363608	BIM Private  Limited Center	D-532, Lucknow, UP	India
S3-471736729	Aarvva-Chit Private  Limited	Diamond Motors, N.h -8 Sukher, Udaipur, RJ	India
S3-38568561	Capital Tri-State-Partners	406 East Breckinridge St, Louisville, Kentucky	US
S3-75140104	Estele's Consultants	853 Trenton Pl, Oro Valley, Arizona	US
S3-28687748	Tais LP Center	4 Park Drive, Unit Apartment 103, Pleasant Valley, New York	US
S3-950784712	गुजरात एंटरप्राइजेज प्राइवेट लिमिटेड	Plot No. #8 F/f, South West Delhi, Dwarka New Delhi, DL	India
S3-39130073	Innovative Wireless Innovations INC	13560 Mason Dr, Tell City, Indiana	US
S3-933505659	Piedmont Dental	02420 Second Ave, Grand Forks, North Dakota	US
S3-133762216	Automotive Véntures Pvt Ltd	C/o Shri Prabhakar Agre Ujwal Nagar Wardha Road Somalwada, Nagpur, महाराष्ट्र	India
S3-9199395	Behavioral Hlth Silver Associates Clinic	352 Old Stage St, Adamsville, Tennessee	US
S3-544354078	*** Kameko's-Partners	1261 1/2 Cornell Ave, Redlands, California	US
S3-502846006	Odonnell and Love	49 107th Avenue, Killdeer, North Dakota	US
S3-645831157	The Apex Consumer Advisors	1416 Wildwood Drive, Nashville, Arkansas	US
S3-465291587	*** VWB Prime Live Ltd	10155 Young Road, Bremen, Ohio	US
S3-392711845	Choice Telephone-Llc	10814 Stafford St, Fl 0, Wichita, Kansas	US
S3-665400572	FW Fuels Private Límited	No.824 / 6 & 7, Byramangalam Village Kelamangalam Road, Denkanikottai Taluk, Krishnagiri, Dharmapuri, TN	India
S3-282309817	Vision Private Limited Service	Apt Nr Abhinav School, Thane, MH, Flat No-a-007. Shivprerna	India
S3-592814717	India Rainbow Pvt Ltd (Service)	Uint No. 302, Dombivli, MH	India
S3-792384313	Industries Trio Note Co	51/6, Ho-chi-minh Sarani, Flat 10, Fourth Floor, Kolkata, Howrah, Calcutta, পশ্চিমবঙ্গ	India
S3-360939853	Thsarpy Physical Care	90, Mobile, Alabama	US
S3-592797490	Synder [Big,]	454 Summerside Lane, Vinita, Oklahoma	US
S3-743024904	Belodova dba Balaji Producer LLP	F-43, Green Wood City Sector - 46, Gurgaon, Delhi	India
S3-157889860	Gujarat Private Limited Center	52/162, Jaipur, RJ	India
S3-493949390	Hunter Mánaged	#550 Asbury Road, Candler, North Carolina	US
S3-421378513	Ventures Aazhi Agencies-Corporation	Plot No-2-10/a, Balanagar, Hyderabad, TG	India
S3-494612950	*** Royal  Packaging	Freedley St, Conshohocken Borough, Pennsylvania	US
S3-809725982	Vioorbi	H. No. 1026, Sector-15 Part -Ii, Gurugram, Gurgaon, Haryana	India
S3-279354742	Patsy's Corporation Advertising Vanguard	3710 Camelback Road, # 139, Maryvale, Arizona	US
S3-68633941	Indrraj Pvt Ltd (Services)	दिल्ली, A-1/296, Janakpuri New Delhi, New Delhi	India
S3-785883482	Pediatric Medicine óf Cimarron Hílls	24, Unit 120, Cimarron Hills, Colorado	US
S3-165325177	Pvt Shiv Paint Ltd	Hn ##881 Flat No C 303 Jai Galaxy Appartment Kodigehalli Main Road Bangalore, Bangalore, KA	India
S3-637799232	Shri Hari Software Ltd	#2M/94, B.h. Colony, Kankarbagh, Sampatchak, BR	India
S3-2515523	National LLC Convertible	922 Eastern Pkwy, Brooklyn, New York	US
S3-561832243	Silver Pisz!A (Llc)	328 Childs Avenue, Ogdeen CITY, Utah	US
S3-315326126	Classic Engineering Private [Limited]	Door No 42 Mahavir Ind Estateoff Andheri Kurla Road Sakinaka, Mumbai, MH	India
S3-434349181	[Center] Davis Adams Corp	2734 Wallcrest Blvd, Columbus, Ohio	US
S3-426917130	Walton Líberty Eureka	Oak Park, 929 Oak Park Ave, Illinois	US
S3-934645690	Trí-State Capital Lafayette	406 East Breckinridge St, Louisville, Kentucky	US
S3-399614463	Allied Adou	1084-1086 Esther Ln, Milan, Tennessee	US
S3-769204952	pricetotalpacific.com	1669 P, Town Of Eaton, Wisconsin	US
S3-153417633	Unique & Sons	#118, 119 Syno:190, Ip Chandanvelly, Hyderabad City Region, K.v.rangareddy, TG	India
S3-484396916	Quiroz Reliable Alchemy	Illinois, 0116 Papineau Street, Papineu	US
S3-335189051	BIM  Solutions Private Ltd	D-532, Rajajipuram, Lucknow, UP	India
S3-839553476	Animal Welfare Premier Trust	1107 40rd Street, Austin, Texas	US
S3-457263150	davis & adams corp	Wallcrest Boulevard, Columbus, Ohio	US
S3-602847606	United Bcas Bcas Limited	801 Swapnapurti, Jeevansheela Chs Ltd, Joggers Park, Government Colony, Mumbai, MH	India
S3-73922686	Tolbert Biologics Inc	564 Shimerville Road, Clarence Center, New York	US
S3-295751482	Pioneerestate.Com	Door No 59 A/2, Kalu Sarai, South West Delhi, New Delhi, DL	India
S3-845156719	Riveracolonialstandard.Com	469 Chicago Ave, Illinois, Chicago	US
S3-644167034	Dedra C1ark, D.0.	Neington CITY, # Unit 2, ##3 King Arthurs Way, Connecticut	US
S3-615142744	Nakshatra 5olar	H.no 381 Raj Mahal Veer Nariman Roadchurch Gate, Mumbai, महाराष्ट्र	India
S3-64928251	@Íjtechnologies	Block G-##25 Dr. Ambar Pare Naturopathy Centre, Harda, MP	India
S3-623508511	Great Project Foundation	03402 Pendleton Drive, null, Silver Spring, Maryland	US
S3-485240976	Quiroz Reliable [Alchemy]	0116 Papineau St, PMB 4651, Pappineau, Illinois	US
S3-485982571	Mr Spam (India) Credit Private	Fl No 101 Pt No 143A, Srisai Priya Heights, Ghatkesar, Hyderabad, TG	India
S3-890584090	The Noriega Oneim Inc.	1125 Spring Street, Grinnell, Iowa	US
S3-500989549	Health W0mens Specialists of (Chandler)	Arizona, Chandler, 512 Jentilly Lane	US
S3-664301965	ऑल प्रोड्यूसर प्राइवेट लिमिटेड	#0505, A Bda, Complex, Bhopal, Huzur, मध्य प्रदेश	India
S3-700939320	Jenkins Óffice Family LLC	Oklahoma, Bartlesville, Lynn Road	US
S3-276503007	Clairvoyant Record Private	1St Floor, Sehore, Madhya Pradesh, मध्य प्रदेश	India
S3-136058376	Unique Vijay Technology Private Limited	H No.19-1-455 & 456 Kamati Pura, Hyderabad, Andhra Pradesh	India
S3-62367946	Nesta'S Graphics [Inc]	424 Queen Street, Portsmouth City, Virginia	US
S3-52542025	Indo Services Ltd	Door No 04, Sengazhani Amman Koil Street Puzhuthivakkam, Madras, Chennai, தமிழ்நாடு	India
S3-780637157	Zephorbi DBA: YZL Software Pvt. Ltd.	S No 199/1, 2/5 Gala No 04 Nr Sundara Palace Saikrupa Trade Center, Malegaon, Nashik, Maharashtra	India
S3-34237704	Pv Innovatron Limited	TN, Perungudi, 1St Floor, 4Th Cross, Street, Thirumalai Nagar, #87	India
S3-216475081	Jansen Keyst0ne Top	Illinois, 185 Plainview Drive, Boliingbrook	US
S3-372311761	Strategic Genomic  Daigiiacot, LLC	#200 Birch Saint, N/A, Village Of Woodville, Wisconsin	US
S3-62172630	आदित्य टेक प्राइवेट लिमिटेड	P-##5, MH, Mumbai, Bombay	India
S3-512909927	Patana Power Corp		India
S3-549888013	Sungold  Foundation	Plot No. B-18, Aurangabad, Shendra Five Star Industrial Area Midc, MH	India
S3-124437852	Knowles LLC Factory	Claudied Way, Elk Grove, California	US
S3-29968761	Hayes  and Shaver LLC	862 Right Fork Of Jesse Fork Road, Saint Albans, West Virginia	US
S3-670711982	Behavioral Health Silver Associates Clinic	352 Old Stage Street, Adamsville, Tennessee	US
S3-483402295	बालाजी हॉस्पिटैलिटी Private Limited	H.ho.169, Central Delhi, दिल्ली	India
S3-241602459	LLC Fresh P1atinum	23 Winnard Rd, Hampton, Virginia	US
S3-503506440	Grand Connecticut	351- Hoxie Avenue, Calumet City, Illinois	US
S3-904286941	Ear Nose & Throat Mountain Center	210 Kildare Avenue, Chicago, Illinois	US
S3-983355785	East Inc. Mortgage		US
S3-634515700	ஃபார்ச்சூன் டெக் பிரைவேட் லிமிடெட்	Dogr No 23, Vilvanathan Avenue, 2Nd Gate, Salai Nagar Cuddalore Port, Cuddalore, தமிழ்நாடு	India
S3-265733658	Eastern Partners (Service)	Bombay, Mumbai City, MH, Marwah Estate Saki Vihar Road, Andheri (East), Plot No. A-7	India
S3-225668181	Premier-Tri-State Tankers	119 Mountain Ivy Ln, Boone, North Carolina	US
S3-590899769	Huzur Cdo LLP	H No Dhv-5/85, Huzur, Bhopal, मध्य प्रदेश	India
S3-695074022	S0ex Obic, LLC	2495 24nd Avenue, Nashville, Tennessee	US
S3-776153755	Ndse Ii Constructions Private Límited	D-10, Third Floor, Ndse Ii, New Delhi, DL	India
S3-132244597	Heart Institute	6119 1/2 159nd Street, null, Omaha Township, Nebraska	US
S3-64768625	Indo Hospitality Private Ltd	East Delhi, DL, Flat No. B-25	India
S3-730990231	Clean Bríght Hotels	530 Main Street, Harrisonburg City, Virginia	US
S3-233589225	Urban Projects Private  Limited	1143, Indian Overseas Bank Building Beml Layout, 3Rd Stage, Rajarajeshwari N, Agar, Bangalore, KA	India
S3-482729906	Loreen Welch Keen	1338 Mystic River Lane, Rosenberg, Texas	US
S3-119951408	Curran Avdsors Inc.	2309 Argillite Road, Flatwoods, Kentucky	US
S3-646289315	Homer Régional Chiropractic	##45 Cortland St, Unit Apartment 204, Hommer, New York	US
S3-79825361	Reliable Cloud Enterprises LLC	22nd Ave, Phoenix, Arizona	US
S3-494762322	Super Engineering Private	Hn 350 3/56, Lucknow, UP	India
S3-275502034	8riney G. Lyons, L.C.S.W. Inc	3941 Dunhagan Rd, Greenville, North Carolina	US
S3-389837087	Kate Stoddard Genetics	597- Cassata Drive, Babylon, New York	US
S3-730298847	Carrion Equity Partners Inc. | www.carrioneq.com	03934 Lupin Bush Lane, Manvel, Texas	US
S3-390265657	Edeline's	NY, Rockville Centre, Unit Suite 302, 371 Merrick Road	US
S3-200130057	legacystarry.com	Alabama, Mobile, Unit 365, 300 Water St	US
S3-737875605	Couch and [Ball]	6959 Alcala, N/A, Grand Prairie CDP, Texas	US
S3-976602756	Briney G Lyons, LCSW PC	3941 Dunhagan Road, Greenville, North Carolina	US
S3-714238060	गुजरात एंटरप्राइजेज प्राइवेट लिमिटेड	Plot No. #8 F/f, Vardhman Plaza Lsc Sector 6, Dwarka, New Delhi, Dwarka New Delhi, दिल्ली	India
S3-285439588	Delta-LLC Coinshares	3725- Waterton Leas Ct, Charlotte, North Carolina	US
S3-503056553	olsen, thompson & abreu co	MEDA, 15111 Chronicle Rd, Washington	US
S3-269227816	Maharshi Foods Llp	Ahmedabad, B 21 Akshar Industrial Park B/h Vshala Estate, GJ	India
S3-737543666	Best Food Private	707, Mumbai, MH, Level 6 & 7, Maker, Maxity No. 4 North Avenue	India
S3-642502568	Ínc Timber	1150414 Spruce Canyon Dr, Austin, Texas	US
S3-350448069	Paras Énergy	Hn ##785 C/o P.manikantha, Po-charamula, Telengashi, Nabarangpur, OD	India
S3-865654253	Llc Stag	3025 14nd Ave, # #E7, Gig Harbor, Washington	US
S3-495976304	damanisons.com	1697, Hsiidc Rai Sector-38, Sonepat, हरियाणा	India
S3-289296110	Prastuti Hospitality Private Limited Sérvice	Gurgaon, Delhi, H.no 3022 S/f Kucha Nil Kant Daryaganj, दिल्ली	India
S3-644535965	Associates Pizza Milo	08100 Camelback Rd, Unit LOT 171, Scottsdale, Arizona	US
S3-242899845	Super Investment Private	C/o Shri Suresh Rambhau, State Bank Colony Nr Tapa, Amravati, MH	India
S3-847400927	Jaipur Private Limited Services	Jaipur, RJ, P-309, Jaipur	India
S3-853704562	Dandy Allianecbeoonhesin	18313-18317 Winter Park Ct, Gaithersburg, Maryland	US
S3-209902525	बालाजी प्रोड्यूसर एलएलपी	दिल्ली, Green Wood City Sector - 46, Door No 209 F-43, Gurgaon	India
S3-687649739	Satya Services Private		India
S3-784432121	Aguayo Daslna Chárles	104-42 118 St, South Richmond Hill, New York	US
S3-14704292	EYN  Opportunity LLC	411. Scholastic Drive, Winston-Salem, North Carolina	US
S3-429617447	Mr Anil State	8, Huzefa Apartment, 2Nd Floor Nr. Jamali Masjid, Vohrawad, Amli Faliya, Godhara, Panch Mahals, ગુજરાત	India
S3-81184628	Zepfyr LLC LLC	10243 1/2 Occidental Ave, Seattle, Washington	US
S3-128626732	Family Center	1003 Crystal Ln, Town Of Beloit, Wisconsin	US
S3-334718620	VICTORIA'S PIZZA #45743	6 Somerset Pl, Collinsville, Illinois	US
S3-258740186	Flor  Norris Third Inc	905 Bird'S Fort Trail, Arlington, Texas	US
S3-881075087	creative inc	265- Blake St, Connecticut, New Haven, Unit Unit 23	US
S3-254547042	Fcgngrige	455- Central Park, New York	US
S3-938838849	Mirasol	Flat No:1-101, Anuska Towers, Opp. Mercedes Benz Show Room, Lakdi- Ka, Hyderabad, -Pool, Andhra Pradesh	India
S3-869766598	Engineering Classic Private Limited	Door No 42 Mahavir Ind Estateoff Andheri Kurla Road Sakinaka, Mumbai, MH	India
S3-87436312	Smt Zee Consultnats		India
S3-375539033	timber inc	Spruce Canyon Drive, Austin, Texas	US
S3-133568997	Medix India Private Limited	Basement, Gurugram, Gurgaon, HR	India
S3-372776972	Jvp Holdings	Office No. 305, Navrang, Shopping Acrade Gokhalerd, Bombay, Mumbai, महाराष्ट्र	India
S3-463384515	Sri My Healthcare Private  Limited	Rtom No: Xxi/610, Chalakudy, Thrissur, Keralam	India
S3-883311216	Melonie Rodriguez	281 Dellwood Dr, Parma, Ohio	US
S3-874948421	Dioni Nelson First Development LLC	66 Portage St, Arlington, Washington	US
S3-857450512	2237mountainview.com	357 Oak Street, Marion, Ohio	US
S3-213967824	Tirupati Construction Limited Center	27Th Main, Hsr Sector-2, KA, Bengaluru, 334, Bengaluru	India
S3-119547099	Wildlife Federation	58. Barberry Dr, Berea, Ohio	US
S3-956406763	Jaxkelo	C/o Shri Prabhakar Agre Ujwal Nagar Wardha Road Somalwada, Nagpur, महाराष्ट्र	India
S3-8577926	Smt @skdistributors	Dbor No 112/2Sitanath Bose Lane, Salkia, Howrah, Uluberia - I, Howrah, পশ্চিমবঙ্গ	India
S3-382813507	Private Indian Limited Logistics	Door No 10Th Floor, Bangalore, Bangalore North, ಕರ್ನಾಟಕ	India
S3-143210918	Verity Consultants Prívate Ltd	Bhanu Nilayam, Hyderabad, TG	India
S3-334623127	Lewis LLC Ribbon	272 Alameda Dr, Virginia Beach, Virginia	US
S3-312627427	Indo Global Private	Plot No 128 179, Sai Balaji Township, Saroornagar, K.v.rangareddy, Andhra Pradesh	India
S3-739718106	Family  Empire	Valdez Dr, Temple, Texas	US
S3-115894427	*** Suryansh Lounge Limited Center	Flat No. 8, Nashik, MH	India
S3-584549231	Cure Ice Cream Inc	7rd Avenue, Kelso, Washington	US
S3-859841544	GREAT (PROJECT)	03402 Pendleton Dr, null, Silver Spring, Maryland	US
S3-198293329	Ace Defense LP Services	4541a 86nd Avenue, Fl. 1, Olympia, Washington	US
S3-909121794	United Managed	Maryland, Centreville, 904 Church Hill Road	US
S3-97147490	Axis Technologies Egmore Nungambakkam Ltd	32, Lakshmi Talkies Road, Chennai, Egmore Nungambakkam, தமிழ்நாடு	India
S3-700049101	Animal Woohae Premier Trust	1107 40rd St, Austin, Texas	US
S3-435758399	M/s Ram-Merktneg	#2 B G/f Block K-2, South West Delhi, DL	India
S3-686733188	Golden Cleaning	123 Main St, Shoshoni, Wyoming	US
S3-550269888	ಬಾಬಾ ಲಾಜಿಸ್ಟಿಕ್ಸ್ ಪ್ರೈವೇಟ್ ಲಿಮಿಟೆಡ್	H.no 284, 2Nd Stage, 5Th Main Road Kodigehalli, B T Pura, Bengaluru, Bangalore, KA	India
S3-718816440	Gulf Trust	107 Grande Sky Ct, Cary, North Carolina	US
S3-265169853	Newsome Focus	3040 Millers Way, # 11, Sevierville, Tennessee	US
S3-305197851	Capitaltristatelafayette.Com	406 E Breckinridge St, Louisville, Kentucky	US
S3-514461449	Od Total Bdc Inc	2265 Joyner Bridge Rd, Four Oaks, North Carolina	US
S3-301658769	prois, inc	1555 Ocotillo Rd, # 8, Phoenix, Arizona	US
S3-382251430	Stewart PLLC International	0213 Dahlia St, Fairfield, California	US
S3-662458828	Cardiology Metro Care Asfsogiadmrts Inc | www.cardiology.com	1138 Trimble Creek Drive, West Jordan City, Utah	US
S3-661809582	Bryant's Precision Skin Care Ltd	1403 Adams Cir, Hampton, Virginia	US
S3-950624451	Frontier  Braves	PMB 8141, Illinois, 5109-5111 Eagle Ridge, Springfield	US
S3-897143503	Ectokelo doing business as Vision Consultancy Private Limited	Maharashtra, Apt Nr Abhinav School, Flat No-A-007 Shivprerna, Thane, Kalyan	India
S3-550254437	Automotive Ltd Pvt Ventures	C/o Shri Prabhakar Agre Ujwal Nagar Wardha Road Somalwada, Nagpur, महाराष्ट्र	India
S3-248459271	jjfact.com	15280 Wadsworth Road, Wadsworth, Illinois	US
S3-712525885	olsen, thompson & abreu co		US
S3-13069900	Regional-Alliance Corp	411 Mani Ave, PMB 7750, Hankinson, North Dakota	US
S3-506371359	ji consultancy		India
S3-999992063	maharshifoodscom	B 21 Akshar Industrial Park B/h Vshala Estate, Ahmedabad, GJ	India
S3-496158024	Bridgette Roivs Internet-Prince Edward County	Virginia, 105 Haskins Ln, Rice	US
S3-50508811	Arccira formerly known as Glad's Therapy Group	6201 Shelby Ridge Street, Spokane, WA	US
S3-863872632	A-Cure	Autumn Dale Ct, Maryland Heights, Missouri	US
S3-161790170	Cunningham and Eadie Construction	560 Oklahoma Ave, Washingon, District of Columbia	US
S3-743117507	kestondistribution.com	814-816 Church St, # 305, Nashville, Tennessee	US
S3-947222923	creative consultants private limited	No. 311/26, I Floor, 6Th Cross I Stage, I Phase, Mathikere, Bangalore, KA	India
S3-78533677	krishnamanagement.com	Plot No-lb-86, Badagada Brit Colony Ps-badagada, Khordha, Bhubaneswar, ଓଡ଼ିଶା	India
S3-128027752	Sherye  Cgaen Krakacquisition	#2080 Missouri Loop, Mandan, North Dakota	US
S3-596442972	Belosolx trading as DMW Express, Inc	837 Gehl Lane, Village Of Hilbert, WI	US
S3-284174400	Kolkata Allied  Private Limited	Door No 240 Jessore Road, Lp-3/80/1, Kolkata, Kolkata, N/A, পশ্চিমবঙ্গ	India
S3-927311050	Sri SKILLS & BROTHERS PRIVATE LIMITED	A/c-01, Sh 5 Mini Market, Chs Ltd A-wing, Ground Bp, Thane, Palghar, MH	India
S3-514510048	Yolande Brown Telecom  Inc.	1224 2nd St, Robinson Township, Pennsylvania	US
S3-769778088	Transcontinental Trading Solutions Llc	Carlisel, Pennsylvania, 9  Old Stonehouse Rd	US
S3-20026718	Surgical Heartland Physicians Physicians Inc	1317 Arbor Ln, Palatine, Illinois	US
S3-727847038	Lumhalonovi	##7622 Camelback Rd, # UNIT 2, Scottsdale, Arizona	US
S3-736549151	Aditya Tech Private Limited	P-##5, Studio Anjaneya, One Avighna Park, Mahadev Palav Marg, Parel, Bombay, Mumbai, MH	India
S3-193455407	Allied Auto Corporation	1084-1086 Esther Ln, Milan, Tennessee	US
S3-396206291	M/s SRUJAN PLASMA (INDIA) LLP	C-502 Mahima's Panorama Near Srn International School, Jaipur, RJ	India
S3-659955365	Infinix Ites Private Ltd	Block D-##30 C/o Kalyani Devi, Patna, BR	India
S3-195276105	Mackie and  Jimenez Inc	15 Pennewell Drive, Wilmington, Delaware	US
S3-577727462	ऑल प्रोड्यूसर Private Limited	0505, Huzur, Bhopal, MP	India
S3-4125230	Zephdrexpyra D.B.A. First Presbyterian Church LP	1685 1071, Tyner, KY	US
S3-762175268	सुपर एंटरप्राइजेज प्राइवेट लिमिटेड	No 6 & 7, Sector D, Industrial Area, Govindpura, Huzur, Bhopal, MP	India
S3-207677145	LLC Dew & Mendoza Pro	Massachusetts, Everett, 221- Vine Street	US
S3-970324413	Williams Dragon of Jacksonville	201 Hartford Ln, Jacksonville, North Carolina	US
S3-53716936	White Financial	18036 Pheasant Lake Dr, Tinley Park, Illinois	US
S3-655043052	inc wildlife federation vi	58. Barberry Drive, Berea, Ohio	US
S3-961712303	Vision Consultancy प्राइवेट लिमिटेड	Flat No-a-007. Shivprerna, Kalyan, Thane, MH	India
S3-575091592	Big Cafe	11571 Christmas Cholla Drive, Floor 1, Scottsdale Kachina, Arizona	US
S3-116683921	Peak Logistics Technologies-Inc.	River Road, Wilmington, North Carolina	US
S3-732729598	സൺ ലോജിസ്റ്റിക്സ് പ്രൈവറ്റ് ലിമിറ്റഡ്	34, 2015, B-5, Navaratna Apartments, Bhagyadhara Lane, Palarivattom, കേരളം	India
S3-192595641	Tigadi-Farming		India
S3-779531645	Lumpyra	300 Water Street, Unit 365, Mobile, Alabama	US
S3-974692259	Kormirabelo	At/po:areikana Balichandrapur, Jajpur, OD	India
S3-5468647	The Hendrix Hendrix Innovative Seafood Inc	New York, 454 Casey Rd, Mohawk	US
S3-898985408	Superior Property Technologies  Inc	Texas, 36 Bluefish Ln, Palacios	US
S3-200251378	SATYA SERVICES PRIVATE LIMITED	120, Coimbatore, TN	India
S3-249846597	Equinox Center #53169	11703 Plumpoint Drive, Houston, Texas	US
S3-999928849	Said Interests Co		US
S3-165562451	Fragoso Vista Corp	105- Fourth Avenue, # 309, Murfreesboro CTIY, Tennessee	US
S3-829855370	ਕ੍ਰਿਸ਼ਨਾ ਫਾਊਂਡੇਸ਼ਨ ਪ੍ਰਾਈਵੇਟ ਲਿਮਟਿਡ	Near To Govt. Girls. S. S. School, Firozpur, PB	India
S3-152398114	Allissa Epps, D.D.S. [Center]	7744- Allen Street, Midvale, Utah	US
S3-31850859	wwqualitybiotechnology.com	Dry Fork Road, Ashland City, Tennessee	US
S3-196300214	Ellison-Aspen	1713 Howard Ave, Waetrloo, Iowa	US
S3-77084788	Pediatric P.C. Specialists	Charlotte, 3780 Rocky River Rd, North Carolina	US
S3-878106648	ITN	51/6, Ho-Chi-Minh Sarani, Flat 10, Fourth Floor, Kolkata, Kolkata, Howrah, West Bengal	India
S3-801139609	Valley of Technology Service	Arizona, 378 Bella Vista Rd, Queen Creek	US
S3-863750025	रॉयल इम्पेक्स प्राइवेट लिमिटेड	C/o Smt. Indra Jha, Patna, बिहार	India
S3-69724349	Corp Dti	10290d Galena Rd, Bristol, Illinois	US
S3-948307138	Waves Tradi1n Private Limited	Plot 102 Shyamala Towers, Salaigramam, TN	India
S3-74395031	SST	No.7, Ground Floor, Tst, Complex, Imperial Road, Cuddalore, Tamil Nadu	India
S3-887169151	ZY Chicago Inc.	Jackson Avenue, <NULL>, Corvallis, Oregon	US
S3-1023083	Madhapur Services [Pvt]	Serinity Square, <NULL>, Hyderabad, TG	India
S3-500893054	Marshfield Ashford Innovatifme	236 Moraine Street, Marshfield, Massachusetts	US
S3-159219188	Rev  It Up Pizza! LLC	272 Robbins Drive, Greenwood, Indiana	US
S3-658357196	South Limited Partners	Door No 303 Ward No 6, Sitamarhi, Parsauni, BR	India
S3-662082016	Signature-Services	1011 Gallagher Ave, City Of Green Bay, Wisconsin	US
S3-218934201	Pediatric Medicine Medicine L.L.C.	109 Wild Basin Road, Asutin, Texas	US
S3-344930294	Jvp Holdings		India
S3-701124545	Lattin Certified Starlink Pllc	16698 Multnomah Falls Dr, Happy Valley, Oregon	US
S3-264957824	ENGINEERING JIS TRADING PVT. LTD. LTD.	H.no 228 Vaghela House, S. No. 1199 P/4, Opp. Pnb, Sanand, Ahmedabad, GJ	India
S3-524974871	Loudoun County Cultural Coalition, LLC District	Chantilly, Virginia, #44023 Vaira Terrace	US
S3-379864109	Jain Hospitality Pblvate Limited	Block B-48 C/o Smt Neelam Devi, Village Shahpur, Panch Musaila, Block Mohanpur, Gaya, BR	India
S3-820296680	Castro and Mcqueen	115 Rutherford Dr, Rockwall CDP, Texas	US
S3-699995885	International Technologies L.L.P.	601 Jolly Bhvan No 251New Marine Lines, Mumbai, महाराष्ट्र	India
S3-781142412	Ravitech Task-Privaote Limited	F No-301, Dhanalakshmi Residency, Visakhapatnam, Visakhapatnam, Vishakhapatnam, AP	India
S3-443008881	Baba Prsjeotcs Private Limited	A-44, G-2, Vds Business Center, Sector-2, Noida, Gautam Buddha Nagar, Noida, UP	India
S3-90939205	LP Vaught Pineer Magna	1383-1387 Pine Court, Hempstead, New York	US
S3-690899105	Vergara Clean Federal	1297 Schodack Valley Rd, Schodack, New York	US
S3-764465235	JJ  Fact LLC		US
S3-8919312	private royal food limited	S-4/110 Old No Wz143a/13 Plot No. 55 Old Mahavir Nagar, Tilak Nagar, Gali No., 5, New Delhi, West Delhi, DL	India
S3-888082009	Prairie-(Initiative)	68 Apple Tree Ln, Weymouth, Massachusetts	US
S3-588518862	Castro and Mcqueen	115 Rutherford Dr, Rockwall CDP, Texas	US
S3-999448165	Oncology állied Specialists	985 Serendipity Drive, Aurora, Illinois	US
S3-924858962	RCP  Group	1/246 Vinamra Khand, G.n., Lucknow, UP	India
S3-215304150	Evodelta	20992 Jefferson Road, PMB 9018, Lincln, Delaware	US
S3-469676435	Pb and Sons Prihvtea Limited	D-66, Sector - 6, Noida, Noida, Nithari, उत्तर प्रदेश	India
S3-422641360	Jeanette  Fisher Alliance LLC	Independence Ky, Kentucky, 4314 Cobblewood Ct	US
S3-360206643	கிரீன் இன்ஃபோடெக்	396, Muthampalayam Housing Unit Phase 2 Kasipalayam Post, Erode, TN	India
S3-898852050	Peridova-Lifeco Inc	908 Isa Way, Tolar, Texas	US
S3-203452448	bombay it private limited	House No. 15, Kaushalya Park Hauz Khas, New Delhi, New Delhi, South Delhi, DL	India
S3-237078271	Vasai Caravan	Salami Majethia Park, Thane, Vasai, MH	India
S3-137497298	Allied LLC-Pineapple Heritage	Elm St, Spokane CTY, Washington	US
S3-325962232	West Center	Virginia, 5220 Main St, Stephens City	US
S3-392855126	Pinnacle Corporation-Austin (5ervices)	2604 Gamma Way, Austin, Texas	US
S3-569321289	O.D. Gandhi Seelampur Nagar Corporate Care	9/5184., O.d. Seelampur Gandhi Nagar, Delhi, DL	India
S3-969022966	Underwood, Stowe Monroe Care Center Center	5018 Waddell Street, FT Orth, Texas	US
S3-967809946	Brixzeph F/K/A Family Center	1003 Crystal Lane, Town Of Beloit, WI	US
S3-769452778	Best	714 9th Street, Guymon, OK	US
S3-264047661	First  Presbyterian Church LLC	1685 1/2 1071, Tyyner CITY, Kentucky	US
S3-836010426	east planet	5204 Meadow Vista Court, Flagstaff, Arizona	US
S3-540151598	Primary Care Center Llc	9518 1/2 Jaclyn Court, Laurel, Maryland	US
S3-298817947	Onyxnyla DBA Shiva Media Pvt Ltd	Iit Madras Research Park, 1 Fa, I Floor Kanagam Road, Taramani, Adayar, Chennai, Tamil Nadu	India
S3-534725524	Little (Institute)	#A-272/1 Sathe Colony, Mulshi, Pune, Bhoirwadi, Pune, महाराष्ट्र	India
S3-763432472	Murliwala International Limited (Partners)	No 27 New G T Road, Hooghly, WB	India
S3-360064287	Ujjaksh Links Llp	B-g-303, Thane, Vasai East, महाराष्ट्र	India
S3-265495411	Suryansh Lounge Private Limited	Flgt No. 8, Sr.no. 223/A/1, Pl No. 83-85/A-B Madhav Residency, Vanashree Colony - 422, 010, Nashik, MH	India
S3-563118522	Richardson Elite Krakacquisition (Llc)		US
S3-204105329	Sanjhi (india)  Private Limited	Trust No 615/20/28/1-1, Az Gh Suurve, Bangalore North, Bangalore, KA	India
S3-301205048	Elsa Young,	90 Hrgh Tower Road, So Windsor, Connecticut	US
S3-658263709	Quotavoio	1003 4390 Road, Swink, OK	US
S3-227741377	Carbone and Dúncan Japan LLC	Illinois, Oak Lawn, 10637 Leclaire Ave	US
S3-324719857	Urgent Care Gr0up Inc.	10741 Plahm Court, Worth, Illinois	US
S3-613361112	Yolande Brown Inc. Center	1224 2nd Street, Robinson Township, Pennsylvania	US
S3-585083083	FF Mocutin Old	7053 Mc Intosh Ln, Unit APT 1A, Indiaapolis, Indiana	US
S3-142760309	Silcott Heartland  Security	20 Sivler Gate Ct, Perry Hall, Maryland	US
S3-431067807	Synon LLC	##1594 Meridian St, Greenwood, Indiana	US
S3-394370584	गुजरात प्रोड्यूसर प्राइवेट लिमिटेड	52/162, Pratap Nagar, Sanganer, Jaipur, RJ	India
S3-448937032	Fayewexnex Labs dba Saving Investments	137 Ganga Nagar, Housing, Property, Nawabganj, Nawabganj, Kanpur Nagar, Uttar Pradesh	India
S3-503089864	Diversified Telecom Dynamics	4th Avenue, Sacramento, California	US
S3-774291186	Pediatric All Health Llc	141 Forest Drive, Unit 31, Annapolis, Maryland	US
S3-188502837	Sri Acumen Crtbon Private Limited	Plot No 1788, Weavers Colony, Kapra, Secunderabad, Hyderabad, TG	India
S3-709673189	Rocky Services	5465 Lake Road, # Times SQ, Geneva On The Lake, Ohio	US
S3-950798860	Irivantage Sys fka Coastal Security Services	CT, Waterbury, 908 Woodtick Road	US
S3-2992089	Jere Mohr Floating	Kara Court, PMB 5998, Lebanon, Indiana	US
S3-232618806	Ernakulam AGRO Private (Limited)	Xxvii/1610anear- Shipyard Cochin, NULL, Ernakulam, Idukki, KL	India
S3-597656467	Rbeltran.Com	Mt Laurel Dr, PMB 3875, Bath County, Virginia	US
S3-161998818	Maa Private Limited Center	H.no 2023, Sector D, Pkt 1, Vasant Kunj, New Delhi, दिल्ली	India
S3-2861698	Astron Opportunities Public Limited	Bengaluru, KA, Hal Ii Stage Indiranagar, H.no 3566, Bangalore	India
S3-611764807	Ulike Gréentech Pvt Ltd	AP, Markapur, 10-1064-Z-29-A, Prakasam	India
S3-116228261	Jones's Tire	4319 1/2 Oakleaf Drive, Topeka CITY, Kansas	US
S3-783258114	Odum Industries LP	8939c G Avenue, Unit UNIT 72, Hesperia, California	US
S3-937842667	Indrraj Farms Pvt Ltd.	New Delhi, DL, Janakpuri New Delhi, A-1/296	India
S3-243059802	Nylanex née Malone's Technologies	23 Flora Way, Normal, IL	US
S3-920979083	Clean Bdc Optimal LLC	##794 54, Pennellville, New York	US
S3-231024257	Celka  Pierce,	3 Soga Pl, Hot Springs Village, Arkansas	US
S3-469558501	Animal Welfare Premier  Trust	1107 40rd Street, Austin, Texas	US
S3-446133175	O.D. Seelampur Gandhi Nagar Corporate Care Company	9/5184., Delhi, O.d. Seelampur Gandhi Nagar, दिल्ली	India
S3-585448755	Estele's	853 Trenton Place, Oro Valley, AZ	US
S3-233452218	Tommie Henze, CPA, DDS LLC	160-D Cedar Wood Ave, Branson, Missouri	US
S3-149029592	Lumonyxio née Quanteon Mercury LLC	908 Hempstead Boulevard, Hempstead, NY	US
S3-150585361	Jaipur Cónstruction Pvt	Plot No 00225, Arya Nagar, Jaipur, RJ	India
S3-129361114	Vasai Private Limited Center	Salami Majethia Park, Thane, Vasai, MH	India
S3-681166909	Services Chile Optimal	##953 Biersdorf St, Carbondale, Illinois	US
S3-304978665	Mr Bonheur Nursing Home Limited	7/150/7 101Th Street 15Th, Sector, Chennai, Chennai City Corporation, TN	India
S3-902908724	Bombay Galaxy Software Private	Flat No A1, Satara, Karad, महाराष्ट्र	India
S3-260625134	Xyloariaxylo	7-70/10, Secunderabad, తెలంగాణ	India
S3-656669380	PRIVATE OCO SYSTEMS LIMITED	#323 D 35 Keshav Nagar, Saharanpur, UP	India
S3-677816339	Valley  Guild Group	Apraw Road, Washington, Indiana	US
S3-64065109	*** Urology Ansoiates LLC	1602 Francis St, Houston, Texas	US
S3-964645662	Internal Mdeihsie Center of Charlotte Inc.	Charlotte, Unit 241, North Carolina, Tryon Street	US
S3-440786429	Scholarship Council Corp	10436 NC41, Fairmont, North Carolina	US
S3-477569408	Coastal  Security	Waterbury, Connecticut, #908 Woodtick Rd	US
S3-516611240	Atlantic Wireless Associates,	3130 Darvany Drive, Dallas, Texas	US
S3-622208835	Om  Consultancy	#23/2 G Floor, New Delhi, DL	India
S3-460595157	Boinchi Andconsultancy Limited	R/o C/o Laxman Mandi, Hooghly, পশ্চিমবঙ্গ	India
S3-337197651	Urgent Care  Partners	#3701 Taylorsville Rd, # 3, Louisville, Kentucky	US
S3-431786857	Super  Engineering Private Limited	Hn 350 3/56, Lucknow, उत्तर प्रदेश	India
S3-878555228	L.L.P. Ujjaksh Links	B-g-303, Vasai East, Thane, MH	India
S3-439407323	Hadasar Industrial Controls Pvt Ltd Services		India
S3-239387819	Rizadova	1665 1/2 Brampton Way, Unit 210, Salt Lake City, Utah	US
S3-353505249	Bonheur (Nursing)	No 7/150/7 101Th Street 15Th, Sector, Chennai City Corporation, Chennai, TN	India
S3-548554974	Leo Global Llc	#26941 Locust Grove Road, Jackson Twp, Ohio	US
S3-943702663	Grand LLC Service	Illinois, Calumet City, 351- Hoxie Avenue	US
S3-535896465	bhishmamercantile.com	11/797-A., Malappuram, Malapuram, കേരളം	India
S3-2746932	Lakshmi  Haehnlahgcare Private Limited		India
S3-752040189	North Cmca LLC	9971 Woodland Court, Terre Haute, Indiana	US
S3-893080440	શ્યામ ક્રિષ્ના હોસ્પિટાલિટી	B-103, Ahmedabad, Ahmadabad City, GJ	India
S3-892632253	माय गुरु प्रोडक्ट्स प्राइवेट लिमिटेड	Building No 18, Pune City, Pune, MH	India
S3-649312725	Verrium Bitcoin	1679- Lancaster Drive, Youngstown, Ohio	US
S3-690435139	Cindie's Painting	Texas, Haltom City, Sabelle Lane	US
S3-250478792	Halsey & Coxon	401 215-N Spring St, Springfield, Illinois	US
S3-230211871	WF All Greenfire	##157 John Henry Circle, Folsom, California	US
S3-392756625	3520 MAIN ROAD Realty INC	158 Simpson Lane, Somerset, Texas	US
S3-692432437	Vrisa Ltd  Solutions	49-4-12/122, Vijayawada (Urban), NULL, ఆంధ్రప్రదేశ్	India
S3-429807627	Green Robotics International Inc	11830 Kerr Pkwy, PO Box 4778, Lake Oswego, Oregon	US
S3-163382431	Orthopedic Prime Partners Corporation	Occidental Drive, Fairfax County, Virginia	US
S3-529473660	Medina Pioneer Hancock [Inc]	469 57rd Ave, Spokane CITY, Washington	US
S3-154218199	Jenn Thommss Capital Grade L.L.C.		US
S3-923611534	Jenkins Family Office Llc	208 Lynn Road, Bartlesville, Oklahoma	US
S3-506764680	January, Lyndy Vanguard Square Company	9224 Edwards Way, Hyattsville, Maryland	US
S3-14858756	Solutions Adroit Farms Pvt  Ltd	Plot No-d/130, At Sarua, Baghamari, Khordha, OD	India
S3-241679894	Pediatricspecialists.Com	3780 Rocky River Rd, Charlotte, North Carolina	US
S3-36381029	Center Schendel LLC	1312 Elmwood Ave, Sioux Falls, South Dakota	US
S3-430683432	Sparrow Real Pvt  Ltd	C-55 Babar Road, Central Delhi, दिल्ली	India
S3-143284361	Lucky Tavern Service	4804 Shore Dr, Mchenry, Illinois	US
S3-730719113	గ్రేట్ హాస్పిటాలిటీ లిమిటెడ్	H.no 889 Sy No 34 Raidurga Nav Khalsa Serilingampally, K.v.rangareddy, Hyderabad, TG	India
S3-106044387	Mendez'S Excavation PLLC	914 Charlotte Drive, Anoka, Minnesota	US
S3-587027218	Vision Foods Limited	Hn 519 C/o Sarita Kumari Meena, Basant Vihar Colony, Jaipur, RJ	India
S3-893272254	Estate	Plot No 1, Sy.No 87 Part, Maalaxmi Residency, Behind Chandra Reddy Gardens, Kompally, Hyderabad, Telangana	India
S3-205866150	Valley Devices	116 Kennedy Ridge Way, Unit 312, Mooresville, North Carolina	US
S3-585802481	Maryl Simonton, [Esq.]	7175 Camelback Road, Unit UNIT 208, Scottsdale, Arizona	US
S3-146285935	Dermatology Súmmit Physicians Llc	317 Circle Dr, Salem, Illinois	US
S3-843028066	LLC North Ca	9971 Woodland Court, Terre Haute, Indiana	US
S3-303385957	Reinhart Colonial Gravity, Inc	825 Sumpter Street, Mexia, Texas	US
S3-938001790	... Anderson Elgecrtic (LLC)	Worcester, 8 1/2 Oliver St, Massachusetts	US
S3-418677516	Family émpire Partners LLC	2716b Valdez Dr, Temple, Texas	US
S3-893210996	Daisey's-Ventures Ltd	254 Heartwood Ct, Fl. 0, Glen Burnie, Maryland	US
S3-705258868	Mumbai Herbals Pvt	104 Teerthankar 294 S K Bole Road Dadar (West), Greater Mumbai, Mumbai, MH	India
S3-21374670	SREE Finance Limited	C-102/b-2 First Floor, Krishna Vandana Complex, Vichumbe, Near Pillay College, New Panve, L-(e), Raigarh, New Panvel, MH	India
S3-588274363	Ab Consu1tancyprivate Ltd. Pvt.	#43 Ramaiah Layout, Bengaluru Urban, KA	India
S3-476420408	Cunningham Dnaxa PC	#109 Shore Dr, Emporia, Virginia	US
S3-118263736	Pioneer Power Limited [Services]	D 149 Inudstrial Areaphase Vii Mohali Ropar, Sas Nagar Mohali, Chandigarh, PB	India
S3-91801856	Orthopedic Prime Partners Corp	Occidental Dr, Fairfax County, Virginia	US
S3-610678565	Haveli Warehousing Care Limited	Chowksus Road Pashan, Pune, महाराष्ट्र, Haveli, Sno 118/26 Balaji	India
S3-161609394	Walton Liberty  Eureka LLC	929 Oak Park Avenue, Illinois, Oak Park	US
S3-830722181	Shakti [Builders]	Farm No. 22, New Delhi, DL	India
S3-896734370	Valley Center	Oakham, 202 Spencer Rd, Massachusetts	US
S3-221475734	Arduini, Juliane Hawaii	20992 Jefferson Road, PMB 9018, Lincln, Delaware	US
S3-721778317	Acumen-Crown Private	H.no 1788, Secunderabad, Hyderabad, TG	India
S3-479621383	Garcia Mountain  Biotherapeutics PLLC	011171 Samish Island Road, PMB 5382, BOW CDP, Washington	US
S3-133781738	Pediatric	110 Wild Basin Road, Austin, TX	US
S3-462103485	United Initiative	Royal Street, Jackson, Tennessee	US
S3-268110778	Platinum Health Partners L.L.C.	59 Cynthia Ln, Dennis, Massachusetts	US
S3-540603031	Halsey & Coxon	401 215-N Spring St, Springfield, Illinois	US
S3-475779389	tommie henze, cpa, dds pc	160-D Cedar Wood Avenue, Branson, Missouri	US
S3-132513477	Roya1 Value Tower Ltd	2151. East Avenue, Brighton, New York	US
S3-2726327	*** Sree & Sons Co	A 03, Radhe Krishna Society, Kapodara Patiya Gidc, Ankleshwar, Bharuch, GJ	India
S3-847172038	Ketech Ínc	1310 Bagley Dr, Kokoom, Indiana	US
S3-961053752	Surjittechnologies.Com	B-#226, North East, Delhi, DL	India
S3-163942126	Gulf Custom Athena Llc	4909 Parkview Drive, # #H, Lake Oswego, Oregon	US
S3-103673398	Limited Aman Efti	Flat-shree 1008 Plot-164, Sector 4 Karanjade Panvel, Raigarh(mh), Raigad, MH	India
S3-528065029	Umbradovanyla Co	707, Level 6 & 7, Maker, Maxity No. 4 North Avenue, Mumbai, Maharashtra	India
S3-947435534	Axis Technologies Egmore Nungambakkam Co Co	32, Chennai, Egmore Nungambakkam, TN	India
S3-492916107	All Food	Flat 004, Ground Floor, B Wing Saileela Chsl, Rcf Mahul Road, Chembur, Mumbai City, Mumbai, MH	India
S3-465014444	Mohammed, Stites and Ohmer LLC Services	5321 Veronica Drive, Albuquerque, New Mexico	US
S3-875486584	Mccoy Iron		US
S3-172007520	Mazzola	217 252 Street, Bronx, NY	US
S3-852932659	Sri Cbs Pvt Ltd Partners	Hn A-449 Rs.no.57 Opp. Plot No.124, Sosiya Yard, Talaja, Bhavnagar, GJ	India
S3-305756361	Satya-Services	120, Coimbatore, TN	India
S3-432067663	Golden Business Partners Corp	4555 Tonto Road, Unit 258, Eloy, Arizona	US
S3-215887057	Capital Inc Center	7408 Beacon Hill Ln, Charlotte, North Carolina	US
S3-752301745	ಸುಪ್ರೀಮ್ ಸಾಫ್ಟ್‌ವೇರ್ ಎಲ್ಎಲ್‌ಪಿ	1-266/1, Mathrushree, Bellairu Grama, Ks Rao Nagar, Karnad, Mangalore, Dakshina Kannada, ಕರ್ನಾಟಕ	India
S3-618566319	B1ack Care Pvt Pvt Ltd.	Kannamangala, Nagadenahalli, Kasaba, A-3-a, Dod Ballapur, KA	India
S3-403288379	Young Mcknight and Sullivan Incorporated		US
S3-384697167	Eastern	Sco - 29 1St Floor Mugal Canal Above Canara Bank, Karnal, Haryana	India
S3-411440173	Orbibrixsol	Near Jama Maszid, Pachhim Darwaza, P.s. Khajekala, Patna City, Patna., बिहार	India
S3-151329035	ଜୈନ Logistics Pvt Ltd	Bhubaneswar, Khordha, Bjb Nagar Bhubaneswar, OD, C - ##5A	India
S3-151620571	Gmp Gallery Private Límited	Thane, Kalyan, B-1, MH, Flat No. 1904, Opal, Yogodham, Phase-3, Gaurip	India
S3-73053447	Atlantic Aiifliaoe		US
S3-510567798	East Planet	Meadow Vista Court, Flagstaff, Arizona	US
S3-321872958	Glad'S Therapy	6201 Shelby Ridge St, Spokane, Washington	US
S3-976093746	Petronilla  Shirkey United Floating	Riverchase Dr, Building 5, Phenix City, Alabama	US
S3-382598438	Hotel Ehgnaereing Pvt Ltd	No. 939 S 1 Pot No 32 Sector 6 Vaishali, Ghaziabad, उत्तर प्रदेश	India
S3-133618019	सुप्रीम फूड्स प्राइवेट लिमिटेड	Nagpur, महाराष्ट्र, Pratibha, Apartment, Sujata Nagar, F No. 928 Tf/b	India
S3-908821350	solutions adroit farms pvt ltd	Plot No-d/130, At Sarua, Baghamari, Khordha, OD	India
S3-127978162	United  Fuel LLC	9001 Drummond Avenue, Portland, Oregon	US
S3-689530502	Schendel LLC (Services)	1312 Elmwood Ave, Sioux Falls, South Dakota	US
S3-218185345	Of Park Cónuty Cedar	404 Trumpet Vine Trail, Cedar Park, Texas	US
S3-599970191	Logistics	Dharwad, Shri Balaji Nivas, Dharwar, Karnataka, Mahishi Road, Bagalkot, Dharwad	India
S3-520382150	R D Dotcr Open PC	Glenn Valley Dr, NULL, Athens, Alabama	US
S3-788778160	Verrium Bitcoin C1inic	1679- Lancaster Drive, Youngstown, Ohio	US
S3-803974770	Womens Health Specialists  of Chandler	Jentilly Lane, Fl 1, Andersen Springs, Arizona	US
S3-557840005	Milind Broters Ltd	TN, H.no 116/1, 6Th Flr, Fly Desk, Sri Theagaraya Road, Chennai	India
S3-960166960	Desert Fund (Trust)	745 Merrow Rd, Coventry, Connecticut	US
S3-373253761	daltonhansonpierce.com	9245 Winding Oak Drive, Fair Oaks, California	US
S3-742274740	The-Cardiology Health	14839 Elmtex Dr, Humble, Texas	US
S3-196723617	The Sands Stanley, [LLC]	361 Southeast 4th St, Ogden, Iowa	US
S3-833107480	womenshealthrocky.com	38641 Shilling Dr, SICO, Oregon	US
S3-531621317	Gago Gloo Inc	Wentzville, 303 Pitman Avenue, Missouri	US
S3-137546565	Chiropractic Care Associates Caamcre	2405 Morning Glory Ct, Crown Point, Indiana	US
S3-159195039	Mca	1315 Adams St, # 303, Nashville, Tennessee	US
S3-271089624	Sholes Sarife Inc	1437 Arthur Avenue, Lakewood, Ohio	US
S3-333212667	Bright  Bakery Inc	1104 Biemeret Street, Green Bbay, Wisconsin	US
S3-170912119	Lyndy January Co-Square Vanguard	9224 Edwards Way, # 3223, Hyattsville, Maryland	US
S3-528034667	Essex Sunrise	6196 Adam Drive, Jonesboro, Arkansas	US
S3-793361611	addia roque southern	447 Saddleview Dr, <NULL>, White House, Tennessee	US
S3-738263257	2237 M0untain View Court Owners	357 Oak St, Marion, Ohio	US
S3-114335959	ग्रेट इंडस्ट्रीज प्राइवेट लिमिटेड	Jaipur, A-81, Jaipur, राजस्थान	India
S3-251399936	OCO Systems  Private Ltd - 8310134346	#323 D 35 Keshav Nagar, Numaish Camp, Saharanpur, उत्तर प्रदेश	India
S3-952905137	Wilson's Value Tax	Switchyard Drive, Cornelius, North Carolina	US
S3-394737071	Delta Safe-Eastern Inc.	7143 176, Drakesboro, Kentucky	US
S3-716545031	The The Pao Holding Company Partners	400 Tryon St, # M5, Charlotte, North Carolina	US
S3-2207773	The Jere Mohr Floating Inc	646 Kara Court, Lebanon, Indiana	US
S3-913638566	Jalna  Ce LLP	Blokc C-724 At H. No 211, Bhamberi Tq. Ambad S/dn Dist Jalna, Jalna, MH	India
S3-41940926	MEDINA PIONEER HANCOCK INC	469 57rd Avenue, Spokane CITY, Washington	US
S3-419672864	Capital Tccumthp LLC	700C Adelynn Lane, # 4G, Greensboro, North Carolina	US
S3-932407473	Dee Folc Private Limited	13-02, Tower-3, Indiabulls Finance Center Sb Marg, Elphinstone Road (West), Mumbai, Panvel, MH	India
S3-58560131	Funidea & Associates Company	B-73, Old Plot No-73, Ground Floor, B-block, Ganesh Nagar, Pandav Nagar Complex, East Delhi, दिल्ली	India
S3-441803940	Fresh lnc Center		US
S3-341240788	Inc Surgical Heartland Physicians	1307 Arbor Lane, Palatine, Illinois	US
S3-761261223	Vsg Scientific Prívate Limited	Kanchipuram, TN, #570/2	India
S3-524544584	Dynamic Producer Private [Limited]	Delhi, No 10 Ground Floor Gautam Nagar, New Delhi, DL	India
S3-743775288	Best Network	714 9th Street, Guymon, Oklahoma	US
S3-615076634	Cardenas Preferred Ltd	303 1/2 Village St, Medway, Massachusetts	US
S3-679755484	Funidea  + Associates	B-73, Pandav Nagar Complex, East Delhi, दिल्ली	India
S3-528823595	Classical Classical Private Limited Center	C-4/33, Kh No.-626, Gali No.-4 Sudamapuri Extn., East Delhi, DL	India
S3-352496670	MADHAPUR SERVICES PVT LTD	Serinity Square, <NULL>, Madhapur, TG	India
S3-746892806	Wexkor Labs t/a Jaipur Technologies Private Limited	P-309, Rajasthan, Jaipur, Gali No. 6, Patrakar Colony, Jaipur	India
S3-753515012	Hadasar Industrial Estate Controls Pvt Ltd	249, Pune, Hadasar Industrial Estate, MH	India
S3-602162798	Super Logistics-Private-Limited	C-565. & C-565 B, New Delhi, Uttamnagar, Old N-10, G/f Shop, Kh No. 116/10/1, Mahavir Enclave Part-3, दिल्ली	India
S3-574412879	vasoft.com	Eagle Chase Drive, Draper City (Utah Co), Utah	US
S3-325191665	Tirupati Cónstruction Private Ltd	27Th Main, Hsr Sector-2, KA, Bengaluru, No. 334	India
S3-450805897	Citadel	38 Deer Court Dr, Middletown, New York	US
S3-581372799	Inc Dynamic Optimal 3rd	117 Spring Street, Bessemer, Alabama	US
S3-468525513	ZY Chicago (Inc.)	3615 Jackson Avenue, <NULL>, Corvallis, Oregon	US
S3-316988679	lifeeds.com	Rajkot, Block D-g-74 The Spire Office No. 409, Gandhinagar, GJ	India
S3-340318660	Hendrix Innovative Seafood Inc.	454 Casey Rd, German Flatts, New York	US
S3-634434240	Black-Infra	New Delhi, DL, E-0049/5	India
S3-526732434	Prairie Initiative	68 Apple Tree Ln, Massachusetts, Weymouth	US
S3-224174782	Innovative Custom Sab, LLC	Creek Rd, Porter, New York	US
S3-795522965	Gonzalez Andretti Prairie Corp	2465 Benton Young Rd, # 1, Cookeville CITY, Tennessee	US
S3-122594768	ames keen llc	Steelhorse Drive, Fuquay-Varina, North Carolina	US
S3-908847327	Ace Transit Systnems LLC	130 Rebecca Hammond Ct, Fl 0, Brooklyn, Maryland	US
S3-854990052	Relay Services		India
S3-671553961	Kelogild	281 Dellwood Dr, Cleveland, Ohio	US
S3-50025592	Patri0t Colflsee	105 Hill Street, # Apt 4, Norwalk, Wisconsin	US
S3-530474568	Platinum LLC Partners Health	59 Cynthia Ln, Dennis, Massachusetts	US
S3-714813496	Golden Cleaning	123 Main St, Shoshoni, Wyoming	US
S3-898861285	International LLP [Center]	Mumbai, 601 Jolly Bhavan No 251New Marien Lines, MH	India
S3-218536402	Shiv Shiv Investment Private	4/2347, Delhi, East Delhi, DL	India
S3-414676726	Shivam Agro Private	Door No 16-1-278/2 Rt Saidabad Colony, Hyderabad, TG	India
S3-306328111	Mendez's Excavation	Charlotte Dr, Anoka, Minnesota	US
S3-454335978	Peterson and Young	Washington, 0419 5th St, Blaine	US
S3-371735306	Innovative	323, 3Rd Floor, Panchratna, Opera House, Mumbai, Mumbai City, Maharashtra	India
S3-411335940	Allissa Epps, D.D.S.	Allen St, Midvale, Utah	US
S3-647323514	OR Ltd Services	H.no 10 Sakthi Nagar Porur, Chennai, TN	India
S3-459818898	Tiertza Litten [Center]		US
S3-178775797	Gl0bal  Creative Energy Private Limited	Patna City, BR, Patna., Near Jama Maszid	India
S3-279486764	Bright  Solid		US
S3-319402591	Randolph,Rolls and and Zacharias Care	403 Wilson Dr, PO Box 8676, Midwest City, Oklahoma	US
S3-962020302	Yumaarc D.B.A. Dynamic Rapid Couture L.L.C.	5013 Farmfield Road, Newman Lake, WA	US
S3-379659385	Prime Fárgo	Georgetown, Norwood Drive, Texas	US
S3-347733074	Desert Fund Co	745 Merrow Rd, # Unit 176, Coventry, Connecticut	US
S3-604554894	Sri Tactical Services	Plot 0903 C/o Khalif Mohammd Soyat Road Susner, Susner, Shajapur, मध्य प्रदेश	India
S3-649826535	Apex Robotics (Services)	3992. Service Road, Unit Apt 168, West Memphis, Arkansas	US
S3-8273884	Prastuti Hospitality (India) Private  Ltd	No 3022 S/f Kucha Nil Kant Daryaganj, Delhi, Gurgaon, DL	India
S3-16478716	Ínc OD Total Bdc	2265 Joyner Bridge Road, Four Oaks, North Carolina	US
S3-744069160	Center Health Behaviora1	12 10th Street, Coucnil Grove, Kansas	US
S3-857603857	Katerine Wright, MD, M.D.,	4116- Orleans Place, Alexandria City, Virginia	US
S3-881702739	consultancy classic realty private limited	1303-B 13Th Floor Hemkunt Chamber 89 Nehru Place, New Delhi, South Delhi, दिल्ली	India
S3-444196916	Supreme It Private	Office No S ##07 82Haware, Centurion Plt88-91 Sec19a, Thane, MH	India
S3-474377204	New De1hi Industrial LLP	Cp-116 First Floor Maurya Enclave Pitampura, New Delhi, North West, DL	India
S3-797690240	HE Shetkari (Pvt)	Tc 1/2256 Kazhakkoottam Village, Trivandrum, KL	India
S3-990610538	lyryxlaunch.com	410 Village Circle, New Albany, Indiana	US
S3-816108881	Deltafaye trading as Harsud Studio Pvt Ltd	Ashish Kumar Tamkhane C/O Gopal Prasad Tamkhane, Ward No. 10 Sadiyapani Naya Harsud, Harsud, East Nimar, Madhya Pradesh	India
S3-596238636	Service Robertson All Inc	Lavaa, River Rd, Arkansas	US
S3-585617804	modern flaherty	Texas, Sugar Land, 3006. Mesquite Dr	US
S3-917953818	Desert S0ciety Inc	Talmadge Road, Unit 102, Toledo, Ohio	US
S3-259960868	Acumen Crown Private		India
S3-707247516	Thé-Nesoft	Texas, 215-A Ottaviano Way, Hutto	US
S3-946601207	Keloavi	Shruti Enclave, S. No. 38/3, Nr. Celina Rahatani, Flat 4, Pune, MH	India
S3-537623098	Corp Davis & Adams	Columbus, 2734 Wallcrest Boulevard, Ohio	US
S3-54079388	Walton Liberty	929 Oak Park Avenue, Oak Park, Illinois	US
S3-465617457	Kpm Hawk Private Ltd	115 1-1-894, Siddarth Nagar Rec Post, Warangal, Warangal Urban, తెలంగాణ	India
S3-375510440	Nexmira fka Consultancy Classic Realty Private Limited	1303-B 13Th Floor Hemkunt Chamber 89 Nehru Place, New Delhi, South Delhi, Delhi	India
S3-490673277	peninsula dinic	Sr No 223/1/8, H No. 1309, Pareejat H Socy, Hadapsar, Pune, महाराष्ट्र	India
S3-679936086	Technology Ramling Rising Private	New Delhi, First Floor Hari Nagar, DL, Be-372, West Delhi	India
S3-708304041	Kameko'S Center		US
S3-676861048	Lumecto fka Nature Building Private Limited	18-A Mall Road, R B Rattan Chand Amritsar Gpo Marg, Amritsar, Punjab	India
S3-608065520	Calosol	31144 99e, Shedd, Oregon	US
S3-278654976	బిగ్ సిస్టమ్స్ ప్రైవేట్ లిమిటెడ్	H.no 2-91/14-8, Serilingampally, K.v.rangareddy, Andhra Pradesh	India
S3-598197353	Southern Infiie, (Inc)	47144 Ridge Trail, Buxton, North Carolina	US
S3-961857565	Ramchandra (India) Poultries Prvate Limited	D -D/2/125 Vibhooti Khand, Lucknow, उत्तर प्रदेश	India
S3-725294583	>> Medina Pioneer Hancock Ínc	3223 57nd Ave, Spokane, Washington	US
S3-2859056	naniceespinalinvestments.com	42241 Venn Rd, Channel Lake, Illinois	US
S3-549184393	Fortune Care Lotus Private Limited	TG, Hyderabad, Secunderabad, 7-70/10	India
S3-183913993	SSS	D. No. 127B/42, Majith Street, Pappireddipatti, Dharmapuri, Tamil Nadu	India
S3-233359155	Germain and Ecrr Good Inc	Maple Road, Morrill, Maine	US
S3-477976812	Webb, Thayer Thayer Benavidez Inc Services	4448 Indian Valley Cir, Port Arthur, Texas	US
S3-350753073	Olson  Rogers Inc Center	112 22rd Street, # Apartment B13, Fargo, North Dakota	US
S3-989772113	Diamond Wealth Technologies Inc.	Unit 2, Massachusetts, Everett, 24 Adams Ave	US
S3-97444488	Primero Consultancy (India) Limited Private	H.no 1789 Lal Kuan, New Delhi, DL	India
S3-395577000	Safalya-Clothing Private-Limited		India
S3-703677453	Behavioral Health Silver Associates Clinic Inc.	352 Old Stage Saint, Adamsville, Tennessee	US
S3-980157467	-- Digital Data Solutions	#100 Burning Hollow Drive, Chittenango, New York	US
S3-163944173	Vision Partners  PLLC - 4713893234	19331 Tobiano Park Drive, Tomball, Texas	US
S3-123414895	Korriza f/k/a Rio Sachem, LLC	448 19th Avenue, Unit Unit F, West Fargo, ND	US
S3-232990765	Fluxkelo Sys a/k/a Cardenas Preferred	303 Village Street, Medway, MA	US
S3-800642933	Ellison Aspen  PC	Waetrloo, Iowa, 1713 Howard Ave	US
S3-75294462	लक्ष्मी फूड्स प्राइवेट लिमिटेड	#662 House No. 45, C-2, Block-wz, Landmark Na Ratan Park, West Delhi, New Delhi, DL	India
S3-949197127	Rev It  Up Pizza! LLC		US
S3-690005322	richardsonelitekrakacquisition.com	139 Concord Saint, Ashland, Massachusetts	US
S3-73259265	Federal-Committee Inc	Colorado Blue Court, PMB 286, Gastonia CDP, North Carolina	US
S3-695983932	Kolkata Allied Prívate Limited	No. 240 Jessore Road, Lp-3/80/1, Kolkata, Kolkata, N/A, WB	India
S3-42221779	Allied-Pan Inc	112 Jefferson St, Williamsburg City, Virginia	US
S3-851032897	Kolkata Energy Pvt.	No 94 Girish Ghosh Road, Howrah, WB, Kolkata, 5Th Floor, Flat A Belur	India
S3-391952862	Calokeloio	Plot No. 7, Marwah Estate Saki Vihar Road, Andheri (East), Mumbai, Mumbai City, Maharashtra	India
S3-101616252	राम मार्केटिंग	No #2 B G/f Block K-2, South West Delhi, DL	India
S3-220374880	Briney G. Lyons, L.C.S.W. [P.C.]	3941 Dunhagan Road, Greenville, North Carolina	US
S3-416138361	Inc Prois,	Phoenix, Unit 8, Arizona, 1555 Ocotollo Road	US
S3-211420981	Physical Therapy	5606 90, Mobile, Alabama	US
S3-755114994	सुप्रीम आईटी प्राइवेट लिमिटेड	Offiec No S ##07 82Haware, Centurion Plt88-91 Sec19a, Thane, MH	India
S3-645525476	Engineering Jis Trading Pvt. Limited	H.no 228 Vaghela House, S. No. 1199 P/4, Opp. Pnb, Ahmedabad, GJ	India
S3-685680002	Profound Security Private  Limited	5/593 Z 79, 3Rd Floor Daliya Kpees Avenue, Uphill, Malappuram, Malappuram, Malapuram, KL	India
S3-918914143	Great Management-Private Limited	101/4 A Hari Nagarashram Chowk, New Delhi, South Delhi, DL	India
S3-509930724	Petronilla Shirkey United Floating LP	5295 Riverchase Dr, Phenix City, Alabama	US
S3-875518589	YRN Advertiser Private Limited	Mmb 1/171, Sitapur Rd, Lucknow, UP	India
S3-737880173	Prosser Prosser (Americas)	551-553 Memorial Drive, Tulsa, Oklahoma	US
S3-394454210	L.L.C. Greenwood Keystone Electric	2423 Coker St, Greenwood, Arkansas	US
S3-48157814	Pune Bharat  Limited	Hn 672 165, KA, Chitradurga	India
S3-172916711	Reliable Reliable Cloud		US
S3-740655592	Prairie Partners PLLC  Services	Autumn Woods Blvd, Mount Holly, North Carolina	US
S3-603563812	Cardiology-Health	Elmtex Drive, Humble, Texas	US
S3-681205304	शिव इन्वेस्टमेंट प्राइवेट लिमिटेड	4/2347, Gali No. 12, Kailash Nagar, East Delhi, DL	India
S3-39547530	Jl  Consultancy Ltd	C25 Cc Colony, New Delhi, Kamla Nagar New Delhi, DL	India
S3-583104633	YZL Sóftware Pvt. (Ltd.)	S No 199/1, Malegaon, महाराष्ट्र	India
S3-689248307	Stewart International (PLLC)		US
S3-924767498	Eastern Investment LLP	C/o Pramod Kumar Dubey, Village Baragaon, Pindra, Varanasi, UP	India
S3-712922821	Davis Family	Lebanon, Tennessee, 88 Olive Cir	US
S3-346709115	GEE Center Company	H.no 355 1-3-260/3/A/1, Pahadi Ngr, Bhuvanagiri, Yadadri, Bhongiri, Nalgonda, TG	India
S3-149538758	3763 Lake Boulevard Co	Redbird Circle, Town Of Ledgeview, Wisconsin	US
S3-602180077	Equinox	11703 Plumpoint Drive, Houston, Texas	US
S3-265798308	Greenwood Keystone Electric	2423 Coker Street, Greenwood, Arkansas	US
S3-413725265	Alpha  Foods	Unit No. 966-974, South West Delhi, New Delhi, DL	India
S3-255949144	Pv Ínn0vation Limited	No 87, 1St Floor, 4Th Cross, Street, Thirumalai Nagar, Kanchipuram, TN	India
S3-936643929	Ha1l, Smith & Delacruz LLC	Watervliet Shaker Rd, Latham, New York	US
S3-421365317	Pvt. Balrampur Travel (Ltd.)	Mewalal Talab Balrampur, Balrampur, UP	India
S3-185298981	Shiv Arihant  Trading Private Limited	#1/26 Housing Board, 1St Floor, Sriganganagar, Ganganagar, राजस्थान	India
S3-906491267	BEHAVIORAL HEALTH SILVER ASSOCIATES CLINIC	352 Old Stage St, Adamsville, Tennessee	US
S3-615575163	Stout, Kerrin, O.D. Ltd	2330 H Ave, New Castle, Indiana	US
S3-485073720	Cbeafing Golden Service	123 Main Saint, Shoshoni, Wyoming	US
S3-175132143	Limited Sarasva lndia	9/1/3 Kasundia 2Nd Bye Lane Lp-224/24/1, Santragachi, Howrah, WB	India
S3-529341437	WW Quality	1511. Dry Fork Rd, Ashland City, Tennessee	US
S3-473112634	Brown Go1den Insight	2914 16st Street, Omaha, Nebraska	US
S3-957288613	Mendenhall Blue	0311 1/2 College Drive, Decorah Township, Iowa	US
S3-328030237	Baptist First Services Inc.	280 Fourteenth St, Newark, Ohio	US
S3-730964681	Ectopyra formerly Cooper Clean Calisa	911 5th Street, Chickasha, OK	US
S3-4987340	@alliedtrusted	167 Taylor Road, Cornwall, New York	US
S3-521371457	Christ Meth0dist Church Federation		US
S3-340605822	बॉम्बे मीडिया	2 & 3, Mumbai, Mulund (West), MH	India
S3-777722319	Silcott Heartland-Security	Silver Gate Court, Maryland, Perry Hall	US
