entity_id	business_name	business_address	country
S2-705827573	Jeanette  Fisher Alliance LLC	4314  COBBLEWOOD CT, INDEPENDENCE, KY	US
S2-362875802	RIDGE CLEAR NAVIOS NAVIOS INC.	18 1/2 MONROE STREET, PELHAM MANOR, NY	US
S2-206766125	MA Gold	0815 COLTER ST, PHOOENIX, AZ	US
S2-815157219	ஓம் பயனியர் இண்டஸ்ட்ரீஸ் பிரைவேட் லிமிடெட்	P.NO-2E, SABARI GARDEN, VENGAIVASAL, TAMBARAM, KANCHIPURAM, தமிழ்நாடு	India
S2-11932662	CASPER CASPER COMPANIES L.L.C.	349-351 BRIAR BRAE ROAD, PMB 4825, STAMFORD, CT	US
S2-815062890	Global Machine Works	8891- MOORE ROAD, NUNDA, NY	US
S2-614824581	Gonzalez, Rosa Poreis and	3236 -300-3240 SILVER SANDS CIR, VIRGINIA BEACH CITY, VA	US
S2-36314302	MADSEN RITHM CO		US
S2-732310621	Equinox	11703 PLUMPOINT DRIVE, HOSUTON, TX	US
S2-961236214	Indo Services Ltd	NEW NO.1-04 , SENGAZHANI AMMAN KOIL STREET PUZHUTHIVAKKAM, CHENNAI, Tamil Nadu	India
S2-458958952	United Badoards Limited	#801 SWAPNAPURTI, JEEVANSHEELA CHS LTD, JOGGERS PARK, GOVERNMENT COLONY, MUMBAI, Maharashtra	India
S2-18897662	familyempirepartners.com	2716 VALDEZ DRIVE, TEMPLE, TX	US
S2-64799795	Janessa Phélps Public	31144 99e, SHEDD, OR	US
S2-229156140	Dalton, Hmcson & Pierce-LLC	9245 WINDING OAK DR, FAIR OAKS, CA	US
S2-306494617	बेस्ट फूड प्राइवेट लिमिटेड	PLOT 110 707, LEVEL 6 & 7, MAKER, MAXITY NO. 4 NORTH AVENUE, MUMBAI, Maharashtra	India
S2-205440479	Atlantic Wirelehs Works PC	12D BATTLES FARM DRIVE, BROCKTON, MA	US
S2-229717785	Morissa's  Gulf Couceris	Military Ave, BAXTER SPRINGS, KS	US
S2-789705882	Delta-Safe Eastern	KY, 7143 176, DRAKESBBORO TOWNSHIP	US
S2-150154205	బిగ్ సిస్టమ్స్ ప్రైవేట్ లిమిటెడ్	H.NO.2-91/14-8, SERILINGAMPALLY, K.V.RANGAREDDY, Telangana	India
S2-274960898	Lewis ánd Fink Dynamix LLC	ANDERMANN DR, IL, NAPERVILLE	US
S2-316254050	hannum cascade empire	1352 HUNGERFORD PT, TOWN OF ST CROIX FALLS, WI	US
S2-781982485	Dr Caesar Marketing Marketing	FLAT. NO. B 908, NIHARIKA EXOTICA, RANGAREDDY, Telangana	India
S2-871452582	Casper Companies	349-351 BRIAR BRAE RD, PMB 4825, STAMFORD, CT	US
S2-683903500	LEO LLC-GLOBAL	26941A LOCUST GROVE ROAD, CREOLA, OH	US
S2-61481060	Greenwood Keystone Electric LLC	2423 COKER STREET, GREENWOOD, AR	US
S2-480930215	URBAN INTERNATIONAL SCHOOL CÓ	SF-03, 2ND FLOOR, SOUTHERN PARK, PLOT NO.D-2, DISTRICT CENTRE, SAKET, Delhi	India
S2-286589296	mendenhallbluetop.com	311 1/2- COLLEGE DR, DECORAH, IA	US
S2-101777805	Ulike Ulike Greentech Pvt	10-1064-Z-29-A, S R NAGAR REVENUE WARD-10, MARKAPUR, Andhra Pradesh	India
S2-22199582	Madhapur Services Pvt Ltd.	#368 SERINITY SQUARE, PLOT NO: 37, & 38 OPP.THE WESTIN HOTEL, RAHEJA MIND SPACE, HITEC CITY, MADHAPUR, Telangana	India
S2-32294604	BONZER LAW	110, GH-12, SECTOR 21 D, LALLESHWARI VATIKA, FARIDABAD, Haryana	India
S2-716414734	Schendel Commercial	ELMWOOD AVE, SIOUX FALLS, SD	US
S2-522989755	ROYAL FÓOD PRIVATE LIMITED	S-4/110 OLD NO WZ143A/13 PLOT NO. 55 OLD MAHAVIR NAGAR, TILAK NAGAR, GALI NO., 5, NEW DELHI, <NULL>, दिल्ली	India
S2-449200613	Environmental Corp Services	2605 ANKLAM RD, TUCSON CDP, AZ	US
S2-499084316	Piedmont Dhttl	2420 Second Ave, GRAND FORKS, ND	US
S2-43419692	GLOBAL CREATIVE-ENERGY PRIVATE	NEAR JAMA MASZID, PACHHIM DARWAZA, P.S. KHAJEKALA, PATNA CITY, null, Bihar	India
S2-223749350	72 Hleo-Homecare	8725 209TH STREET, LAKEVILLE, MN	US
S2-103247795	goldenbusinesspartners.com	4555 TONTO ROAD, ELOY, AZ	US
S2-763267537	Russell Cascade Rvedrnorth	15057 Olivine St, RAMSEY, MN	US
S2-508961118	तिरुपति सॉल्यूशंस एलएलपी	#01103 A-TOWER, 1ST PODIUM, SAMRIDDHI (S), INDRALOK, THANE, BHAYANDER EAST, Maharashtra	India
S2-309421281	Hendrix Innovative Seafood Inc.	454 CASEY RD, MOHAWK, NY	US
S2-649354865	सिल्वर सॉल्यूशंस लिमिटेड	SHOP NO 2PLOT NO 2 GROUND FLOOR KAMRVDDIN NAGAR, NEW DELHI, NORTH DELHI, दिल्ली	India
S2-42851685	COMMUNITY (DESERT)	2957 Sand Dollar Rd, BREMERTON, WA	US
S2-405677992	rabunboral.com	0226 87 STREET, NEW YORK, NY	US
S2-653445259	Stag LLC Partners	3025 14TH AVENUE, PO BOX 9317, GIG HARBOR, WA	US
S2-755918042	Kolkata Allied Private Ltd	NO. 6-240 JESSORE ROAD, LP-3/80/1, KOLKATA, KOLKATA, West Bengal	India
S2-667224575	Delta Capital Trading		US
S2-126668391	Railway Road Engineering Engineering	PDS 11, PARAS DEWS, SEC 106 DWARKA EXPRESSWAY, RAILWAY ROAD, Haryana	India
S2-162677464	PAO-HOLDING	CHALOTTE CITY, #400 TRYON STREET, NC	US
S2-14681501	SERVICES GROCERY CHAKRA LIMITED	496, D8, GRAND CAG CENTRAL, AVINASHI ROAD, NORTH ZONE WARD-039, COIMBATORE SOUTH, Tamil Nadu	India
S2-886112526	Kelly, Gauger & Kúbat LLC	MO, OSAGE BEACH, 1734 SPRING LN	US
S2-803724401	-- Lewis  First National LLC	8000- RIVER POINTE DR, MAUMELLE, AR	US
S2-396499650	सुपर एंटरप्राइजेज प्राइवेट लिमिटेड	DOOR NO A-6 & 7, SECTOR D, INDUSTRIAL AREA, GOVINDPURA, HUZUR, BHOPAL, Madhya Pradesh	India
S2-74051176	ALFREDA  WHEAT GREAT PRODUCTIONS INC	10207 GREENSIDE DRIVE, PO BOX 7187, COCKEYSVILLE, MD	US
S2-990205	Back Alley Auto Body Co	005 DORRANCE DR, LOUISVILLE, KY	US
S2-702980604	B 4-LLC Lng Beacon	9673 UPTON RD, BLOOMINGTON, MN	US
S2-296374210	Chiropractic Speacialists	508 7ST ST, BRAINERD, MN	US
S2-337049438	Ravitech Task Private #27171	F NO-D/301, DHANALAKSHMI RESIDENCY, VISAKHAPATNAM, VISAKHAPATNAM, ఆంధ్రప్రదేశ్	India
S2-942401998	Best Studios Nétwork	714 NINTH STREET, GUYMON, OK	US
S2-47496281	Internal Medicine Regional Care, Incorporated	5408 CINPHANY CT, HIHG RIDGE TOWNSHIP, MO	US
S2-690499231	Red Bike Shop Inc	50 MORRIS STREET, ALBANY, NY	US
S2-718971461	... Lewis and Fink Dynamix L.L.C.	NAPERVILLE, 29W 222 ANDERMANN DR, IL	US
S2-704469209	Delhi Consultancy Corp	Delhi, 69, SOUTH ANARKALI EXTENSION P.O., KRISHNA NAGAR, STREET NO.11, DELHI	India
S2-686400156	మై కన్‌స్ట్రక్షన్ ప్రైవేట్ లిమిటెడ్	1-1-742/3, తెలంగాణ, HYDERABAD	India
S2-446784296	Clean Quartzsea Llc	3120 Xyler St, TULSA, OK	US
S2-869928802	Nesoft	00215 OTTAVIANO WAY, TX, HUTTO, PO BOX 1783	US
S2-793387754	Limited Noida Irlfracsattes	B-300 SECTOR-20, NOIDA, GAUTAM BUDDHA NAGAR, Uttar Pradesh	India
S2-899940680	AUTOMOTIVE VENTURES PVT-LIMITED	C/O SHRI PRABHAKAR AGRE UJWAL NAGAR WARDHA ROAD SOMALWADA, NAGPUR, महाराष्ट्र	India
S2-117985921	LEWIS FIRST LLC NATIONAL	AR, 8050 RIVER POINTE DRIVE, MAUELLE	US
S2-381666259	torrestegeler.com	LAWSON AVENUE, SAINT PAUL, MN	US
S2-769828998	Charles-Brown,	##2501 LOLOA DRIVE, KINGSVILLE, MD	US
S2-607008616	A Cure 2 All PLLC PLLC	14840  60ST AVENUE EAST, COLLINSVILLE, OK	US
S2-451923897	Axis Technologies Egmore Nungambakkam Corporation	NO 931 32, LAKSHMI TALKIES ROAD, EGMORE NUNGAMBAKKAM, Tamil Nadu	India
S2-119898083	Mr Asha Co Center	ಕರ್ನಾಟಕ, FLAT NO-8178, TOWER 8, BEGUR KOPPA ROAD, BANGALORE SOUTH	India
S2-6962622	GENNIE JACKSON SPECIALISTS	6612 AGATE ROAD, SHELTON, WA	US
S2-547281271	लोटस माय बिल्डर्स	H.NO 560 S-103, FIRST FLOOR PARAM PURI, UTTAM NAGAR, NEW DELHI, WEST DELHI, Delhi	India
S2-572892350	এসএস কনসাল্টিং প্রাইভেট লিমিটেড	1/83/A, KOLKATA, HOWRAH, পশ্চিমবঙ্গ	India
S2-597231572	Lakhani-Digital-Pvt. Ltd.	TC 57/459-1-, SOWPARNIKA, VAYANASHALA JN, PUNCHAKKARI, THIRUVANANTHAPURAM, THIRUVANANTHAPURAM, <NULL>, Kerala	India
S2-520299304	Aguilar Center Advertising	151 SHORELINE DR, PETERS TOWNSHIP, PA	US
S2-311518523	Sree & Sons Corporation	A 03, RADHE KRISHNA SOCIETY, KAPODARA PATIYA GIDC, ANKLESHWAR, BHARUCH, Gujarat	India
S2-627493753	VRISASOLUTIONS.COM	49-4-12/122, AADARSH COLONY, VIJAYAWADA (URBAN), Andhra Pradesh	India
S2-720119957	Noriega Oneim	1125  SPRING STREET, GRINNEELL, IA	US
S2-603563541	KHICHRIPUR BAY PRIVATE	#8/439-440 II FLOOR, KHICHRIPUR, Delhi	India
S2-408510374	Hadasar Industrial Estate Controls Pvt	HN 837 249, HADASAR INDUSTRIAL ESTATE, Maharashtra	India
S2-759022035	Jodhpur Cabs  LLP	NO. 512. HOUSE NO -1, SIGMA COMMERZONE, NR GALOPS MALL ISCON CROSS ROAD, S G HIGHWAY, JODHPUR, Gujarat	India
S2-732217372	शक्ति बिल्डर्स लिमिटेड	FAM NO. 22, NEW DELHI, SOUTH DELHI, Delhi	India
S2-384317912	@balakrishnainstitute	GROUND FLOOR H.NO. 84, VILLAGE CHHAWLA, NAJAFGARH, DELHI, Delhi	India
S2-977650971	Bright Asset	1911A 377, TX, ACTON	US
S2-395961225	RED MEDIA PRIVATE LTD		India
S2-939467663	Kipp Martinez Aspac Córporation	IL, MATTOON, 5158 1100	US
S2-742157742	Kanishka Private Combines Limited	528, 5TH FLOOR, VIPUL TRADE CENTRE SECTOR-48, SOHNA ROAD, GURGAON, हरियाणा	India
S2-281284343	साउथ बिल्डर्स प्राइवेट लिमिटेड	THE FIFTH AVENUE OFFICE E-##1, 4TH FLOOR, DHOLE PATIL ROAD, NEAR L & T HOUSE, PUNE, PUNE CANTONMENT, महाराष्ट्र	India
S2-408591423	Smt Optima [College]	5A/526C, CALD WELL COLONY, THOOTHUKUDI, தமிழ்நாடு	India
S2-759824380	Physical-Therapy Care		US
S2-136366177	Shri Disha Íntérnational Pvt Ltd	###4 , TAAPIA MANSION, 185 ERSKINE ROAD, NULL BAZAAR, महाराष्ट्र	India
S2-278599888	Primary Care Medicine of of Richmond Hill Incorporated	#136-06 87 AVE, RICHMOND HILL, NY	US
S2-495876277	Preferred Rfrerh LLC	1131 HIDDEN RIDGE, TX, IRVING	US
S2-10597717	Urology Associates	1602 FRANCIS ST, HOUSTON, TX	US
S2-223108405	ଗୁଜରାଟ ସିଷ୍ଟମସ୍ ପ୍ରାଇଭେଟ୍ ଲିମିଟେଡ୍	PLOT - A/3, GREEN PARK, JAGAMOHAN NAGAR, JAGAMARA, BHUBANESWAR, KHORDHA, Orissa	India
S2-364906471	Piedmont Mcsisn	8711 1/2 RED HERON LN, MISSOURI CITY, TX	US
S2-646049239	Signature Stóres	1011 GALLAGHER AVENUE, CITY OF GREEN BAY, WI	US
S2-46696783	Mahi &		India
S2-563157677	EAST MOTRGAGE INC.	MA, QUINCY, 200 COVE WAY	US
S2-818188679	TULSA PROFESSIONALS PRIVATE		India
S2-176314669	AGRO PRODUCTS	#634 PLOT NO. X-0037, ANSAL SUSHANT CITY-II BLOCK-X, VILLAGE- MANCHWA, KALWAD ROAD, JAIPUR, Rajasthan	India
S2-191938171	Sonali Management Limited Center	G-1, BEJOD NIWAS, BUILDING NO 03, KALYAN, Maharashtra	India
S2-232578454	LEEWAY LTD CENTER	PLOT NO. 164, 1ST FLOOR, PASHUPATI NATH NAGAR CHAK GATORE, JAGATPURA, NEAR 6 NO. BUS S, TAND, JAIPUR, Rajasthan	India
S2-912815767	M/s Disha Inttertnitonal-Pvt Ltd	SHOP NO. ##4 , TAAPIA MANSION, 185 ERSKINE ROAD, NULL BAZAAR, महाराष्ट्र	India
S2-235861493	Petronilla Shirkey Únited Floating	PHENIX CITY, AL, 5295 RIVERCHASE DRIVE	US
S2-333324291	इनोवेटिव बिल्डर्स लिमिटेड	323/2, 3RD FLOOR, PANCHRATNA, OPERA HOUSE, MUMBAI, MUMBAI CITY, Maharashtra	India
S2-476052699	ग्रेट इम्पेक्स प्रा. लि.	NO 567 MAKAN NO 4 PUMARTH BLISS, INDORE, मध्य प्रदेश, INDORE, 1 MANGLIYA SULAKHEDI	India
S2-125627574	Young, Mcknight and 5ullivan	OH, WAVERLY, 525 ROSE DR	US
S2-942337168	Clairvoyant Récord Private Ltd	7-1ST FLOOR, TAMRAKARMALL, NEW BUS STAND, SEHORE, मध्य प्रदेश	India
S2-521284906	Prosser  Americas	551 MEMORIAL DR, TULSA, OK	US
S2-569307158	Seor Prfeerred Starling LLC	CITY OF APPLETON, 1410 MIDPARK DR, WI	US
S2-340790621	Great Center Medical	TX, 3719 BROOK SHADOW DRIVE, KINGWOOD	US
S2-889077446	Buckner & Rowe Consulting	231 TENTH STREET, NEWARK, OH	US
S2-401557203	Ravitech Talsk  Private Limited	F NO-D/301, DHANALAKSHMI RESIDENCY, VISAKHAPATNAM, VISAKHAPATNAM, Andhra Pradesh	India
S2-5814053	ROYAL CORPORATION PARTNERS SERVICES	1104 FREEDLEY ST, CONSHOHOCKEN, PA	US
S2-261038769	QUANTEON-MERCURY LLC	908 HEMPSTEAD BLVD, UNIONDALE, NY	US
S2-95170620	Crowley-Alliance		US
S2-357667632	Patana Power	S/O SRI AWADHESH NARAIN SINGH F N 105 VERMA CENTER BORING RD CHOURAHA S K PURI, PATANA, Bihar	India
S2-294108422	Continental Payment Services	324 MAC DONOUGH ST, BROOKLYN, NY	US
S2-404502133	East Energy Private Límited	Haryana, 401A/11 DHAND ROAD, DHANDROOD, KAITHAL	India
S2-83912066	RPW Fdrl Cayson Inc		US
S2-354337494	Koyo Clottig Private Limited	C/O MR.SANTHIBHOOSHAN M S, MANGATTUNJALIL HOUSE, PULLU-TEMPLE, NR CHURCH BACK HOUSE, THRISSUR, Keralam	India
S2-361142019	Boinchi Andconsultancy Andconsultancy Ltd.	R/O C/O LAXMAN MANDI, DHARAMPUKURPARA, BHONPUR, BOINCHI, West Bengal	India
S2-638470966	Pkr Services (India)-Group	Gujarat, NO 102 STRAFT LUXURIA OPP SAURABH GARDEN NR VIJAY CHAR RASTA, AHMEDABAD	India
S2-642981830	Tolbert Biologics Inc	5645 SHIMERVILLE RD, CLARENCE, NY	US
S2-953161121	Behavioral Health  National Partners Inc	VALLEYBROOK CT, BALTIMORE, MD	US
S2-320961270	Private Kolkata Limited Metal	51B, SIR HARIRAM GOENKA STREET, KOLKATA, KOLKATA, HOWRAH, West Bengal	India
S2-495423882	Strategic Genomic Digital, LLC	200 BIRCH ST, WOODVILLE, WI	US
S2-593883453	The Silcott Heartland Security	20 SILVER GATE COURT, PERR YHALL, MD	US
S2-84905087	JANET KNAUER RAMACO	NY, 1785- CENTRAL AVENUE, ALBANY	US
S2-516328766	SHAGUN  LAB	Maharashtra, PLOT ##347 R NO 126 RAHUL NAGAR OPP, GURU KRUPA STORES CHEMBUR, MUMBAI	India
S2-847561404	new delhi delhi works	DOOR NO 4TH/3 FLOOR 150-A, SANT NAGAR, NEW DELHI, दिल्ली	India
S2-427801068	Kipp Mártinez Aspac	5158 1100, MATTOON, IL	US
S2-575277551	ZYCHICAGO.COM	#3615 JACKSON AVENUE, CORVALLIS, OR	US
S2-116763425	क्रिएटिव अल्फा इन्वेस्टमेंट प्राइवेट लिमिटेड	C/O RADHESHYAM GHANSHIRAM MARAN KARMACHARI COLONY MANDI, SHAJAPUR, Madhya Pradesh	India
S2-432578505	B 4 Béacon Lng LLC	9673 UPTON ROAD, BLOOMINGTON, MN	US
S2-502027095	Ventures Aazhi Agencies Corp	PLOT NO-3-210/A, ALLAPUR, KUKATPALLY, BALANAGAR, Andhra Pradesh	India
S2-145674797	Silver Hypnosis	013 LEMON ST, SALEM CITY, MA	US
S2-661456949	Marshfield Ashford Innovative	236 MORAINE ST, MARSHFIELD, MA	US
S2-560530395	The Cardiology Center Inc (ID: 84949)		US
S2-362686709	Sanjhi (india) Private	null, TNUST NO 615/20/28/1-1, AZ GH SUURVE, BANGALORE NORTH, Karnataka	India
S2-530111693	piedmont mission	8711 1/2 RED HERON LANE, MISSOURI CITY, TX	US
S2-310899068	Desert Ftid	745 MRROW RD, COVENTRY, CT	US
S2-204540343	Vsg Private Limited Partners	DOOR NO 570/2 , SAIBABA NAGAR, THIRUMUDIVAKKAM, SRIPERUMBUDUR, Tamil Nadu	India
S2-440413949	Abernathy-Pinnacle Hub-LLC	8700C 97ND AVENUE, BISMARCK, ND	US
S2-901286769	Aarvva Cthit Private Limited	DIAMOND MOTORS, N.H -8 SUKHER, GIRWA, Rajasthan	India
S2-154926106	Morissa's Goclf Couriers	2970 MILITARY AVE, BAXTER SPRINGS, KS	US
S2-464150586	Sri Yoke Technologies  Private (Limited)	C/O LATE SADHU CHARAN, BANKATWA, GORAKHPUR, GORAKHPUR, Uttar Pradesh	India
S2-301651914	SURYANSH PRlVATE LOUNGE LIMITED	H.NO 8 , SR.NO. 223/A/1, PL NO. 83-85/A-B MADHAV RESIDENCY, VAMASHREE COLONY - 422, 010, NASHIK, महाराष्ट्र	India
S2-866122098	LLC Mcmann Corporation	3224 PORT ROYALE LN, PHOENIX, AZ	US
S2-696502749	Foot & Ankle fysicians PC	4765A OAKWOOD STREET, LAKESIDE, AZ	US
S2-437657663	Valley Devices  LLC	116 KENNEDY RIDGE WAY, MOORESVILLE, NC	US
S2-360279358	Vision Center LLC Board	10701 750, AMBOY, IN	US
S2-249962430	East Inc. Sérvice	MA, 200 COVE WAY, QUINCY	US
S2-189779906	Superior Medical Afrsocastes	5254 SEQUOIA ST, HESPERIA, CA	US
S2-686688007	Citadel | www.citadel.com	38 DEER COURT DRVE, MIDDLETOWN, NY	US
S2-44014772	Garcia Mountain Biootherapeutics PLLC	SAMISH ISLAND RD, null, BOW  CDP, WA	US
S2-43164514	FW Fuels Private  Limited	Tamil Nadu, 824 / 6 & 7, BYRAMANGALAM VILLAGE KELAMANGALAM ROAD, DENKANIKOTTAI TALUK, KRISHNAGIRI	India
S2-876594130	Dee Films Private	C-1302, TOWER-3, INDIABULLS FINANCE CENTER SB MARG, ELPHINSTONE ROAD (WEST), MUMBAI, Maharashtra	India
S2-497628807	PREMIER TAX LLC	201-205 CURIEL ST, ELOY, AZ	US
S2-346722571	Mr ASHISH PENS PARTNERS CORP	117/N/496, RANI GANJ, KAKADEO, KANPUR, उत्तर प्रदेश	India
S2-577327345	-- Automotive  College	1ST FLOOR, CITY PALACE, DURGA BADI, SURAJKUND ROAD, GORAKHPUR, GORAKHPUR UNIVERSITY, उत्तर प्रदेश	India
S2-782055693	Creaive Inc	BLAKE STREET, NEW HAVEN, CT	US
S2-414602654	Co GEE Cénter	A-1-3-260/3/A/1, PAHADI NGR, BHUVANAGIRI, YADADRI, BHONGIRI, NALGONDA, తెలంగాణ	India
S2-963831909	Akshar India Prívate Limited	124 FIRST FLOOR, VARDHMAN MAYUR MARKET, CSC, MAYUR VIHAR III, KONDLI, GHAROLI, Delhi	India
S2-712616453	SOEX OBIC,  LLC	02495 24TH AVENUE, NASHVILLE, TN	US
S2-455894655	ENGINEERING ANIL CENTRE TRADING	DOOR NO 902 C-9, MAHARANI BAGH, Delhi	India
S2-935925141	Urgent Care Medicine Inc.	3936 JOHNSON PLACE, SCIO, NY	US
S2-139253885	Apex Consumer Advisors Corporation	1416 WILDWOOD DR, NASHVILEL, AR	US
S2-477997506	clark, hensley & patton llc	440  WEBSTER ST, KASOTA, MN	US
S2-209295461	KARLENE MESS CREATIVE HARBOR	##950 MARTIN LUTHER KING JR WAY, MERCED, CA	US
S2-313993001	Urology Caie	3749  9N, PORT HENRY, NY	US
S2-901154980	UPTOWN 8AKERY	Alabama St, REDLANDS, CA	US
S2-499403396	Ram-International Infra Private Limited	Uttar Pradesh, HN 399 C/O M/S CREATION BIOTECH GANGANAGAR COLONY, BEHIND SWASTI HOSPITAL, BAREILLY	India
S2-101730549	ELLISON ASPEN PC	1713-1715 HOWARD AVENUE, WATERLOO, IA	US
S2-248556129	Mount Snyaogdue	REAGAN DR, FISHERS, IN	US
S2-44341701	Wildlife Federation VI Incorporated	OH, BEREA, BARBERRY DR	US
S2-699103692	Ear Nla & Throat Physicians Inc	5 LAMBIANEC COURT, CLARKSTOWN, NY	US
S2-158841652	Valley  Ghbgembdld Group		US
S2-836075495	Patsy's Vguadr Advertising Corporation	3710 CAMLBACK RD, MARYVALE, AZ	US
S2-292330444	Chiropractic Cénter	22 Douglas Drive, NEW GLOUCESTER, ME	US
S2-769116694	ET-PRIVATE LIMITED CENTER	NO 824 'VRINDAVAN', Kerala, THIRUVANANTHAPURAM, TRIVANDRUM, T.C.17/1072(1), CGRA 33, OPP. NATH MEMORIAL SCHOOL, ROTARY JUNCTI, ON, POOJAPPURA PO	India
S2-186956539	கோல்டு லாஜிஸ்டிக்ஸ் பிரைவேட் லிமிடெட்	#A-4 G2 VISWAS ENCLAVE, VEERAIH AMMAN KOIL, 2ND STREET, PALLIKARANAI, CHENNAI, CHENNAI, Tamil Nadu	India
S2-8346565	Maryl Simonton,	SCOTTSDALE, 7175 CAMELBACK ROAD, AZ	US
S2-941429313	HUSSAIN CARTER AND GOODWIN	WI, REDGRANITEE CITY, 605 HALL STREET	US
S2-813022931	బిగ్ సిస్టమ్స్ ప్రైవేట్ లిమిటెడ్	H.NO.2-91/14-8, C/O. TARA RESIDENCY WHITE FIELD, SERILINGAMPALLY, K.V.RANGAREDDY, Telangana	India
S2-114825306	Rbr International School Corp	4-A RIZVI PARK 5-AALTAMOUNT ROAD, MUMBAI, Maharashtra	India
S2-990265534	LIMITED UJJAIN NETWORK	R2 KPZ-5216, UJJAIN, Madhya Pradesh, DOOR NO 27/3- UDHYOGPURI AGAR ROAD	India
S2-526735158	Jerrie Hoskins  American Tech		US
S2-356151852	Ganganth Energy Private Límited | www.ganganthe.com	4 , SECOD FLOOR ROAD NO. 12, EAST PUNJABI BAGH, DELHI, Delhi	India
S2-709859866	complete rapid muniyield, inc	12556-B YORKSHIRE DR, APPLE VALLEY, CA	US
S2-768192514	Balrampur-Travel Pvt. Ltd.	PLOT 4 MEWALAL TALAB BALRAMPUR, BALRAMPUR, Uttar Pradesh	India
S2-742819060	TEAMAIR.COM	FLAT NO:101, ANUSKA TOWERS, OPP. MERCEDES BENZ SHOW ROOM, LAKDI- KA, -POOL, తెలంగాణ	India
S2-959907396	तिरुपति टेक्नोलॉजी प्राइवेट लिमिटेड	1901, DELPHI TOWERS, 19TH FLOOR, RAHEJA GARDEN, THANE, Maharashtra	India
S2-732380638	Midwest LLC-Services	607 WALSTON LANE, HOUSTON, TX	US
S2-126977424	Rosiles Interstate Armour (Co)		US
S2-832770857	*** OCO SYSTEMS PRIVATE LÍMITED	D 35 KESHAV NAGAR, NUMAISH CAMP, SAHARANPUR, Uttar Pradesh	India
S2-100759147	Said  Interests	FRAMINGHAM, 5 GLEN STREET, MA	US
S2-537916998	Narayan Sopsng Associates	HN 15 C-804 IMPERIAL HEIGHTS 150 FEET RING ROAD - OPP. BIG BAZAR, RAJKOT, Gujarat	India
S2-576908587	National, Rozalin Andrews Goldman Group	HARBOR GLEN DRIVE, MADIOSN, AL	US
S2-361394514	Dynamic Global Global Private Ltd	#306 RAJENDRA APARTMENTS, 158 BERACAH ROAD, PERAMBUR PURASAWALKAM, Tamil Nadu	India
S2-675389009	keziahsphysicaltherapy.com	5105 INDIANOLA AVE, EDINA, MN	US
S2-299915106	Digital Data  Solutions	100 BURNING HOLLOW DR, CHITTENANGO, NY	US
S2-896700091	Sauhard Welfare Society-Ltd	H.NO 26 & 27, GROUND FLOOR, PARSAVNATH METRO MALL, INDERLOK, NEW DELHI, NEW DELHI, Delhi	India
S2-706154070	ईस्टर्न इन्वेस्टमेंट एलएलपी	PLOT 437 C/O PRAMOD KUMAR DUBEY, VARANASI, PINDRA, उत्तर प्रदेश	India
S2-621763234	Shri Mahi & [Co]		India
S2-69860804	BOINCHI ANDCONSULTANCY-LTD.	R/O C/O LAXMAN MANDI, DHARAMPUKURPARA, BHONPUR, BOINCHI, West Bengal	India
S2-434133892	Russell Cascade Rivernorth [(Corporation)]	14733 OLIVINE SAINT, RAMSEY, MN	US
S2-249016641	Cozy Shop Bike	BLOOMINGTON, ##3300 SOUTHERN OAKS DR, IN	US
S2-76852396	JEANETTE FISHER LLC SERVICES	4314  COBBLEWOOD COURT, INDEPENDENCE KY, KY	US
S2-868628725	charlesbrown.com	##2501 LOLOA DR, KINGSVILLE, MD	US
S2-894139555	Jeanette Fisher Alliance	4314  COBBLEWOOD CT, INDEPENDENCE, KY	US
S2-154927506	Delta Madison	LOWER BUCKEYE PKWY, GOODYEAR, AZ	US
S2-667029175	PUNE BIO	C3 PRATHAMA NAGARIPRASHANT SOCIETY S.NO128/2B/ 12 SUS ROAD PASHAN, PUNE, Maharashtra	India
S2-561604054	TORRES AND TEGELER	120 LAWSON AVE, SAINT PAUL, MN	US
S2-736711412	గ్రేట్ హాస్పిటాలిటీ లిమిటెడ్	SY NO 34 RAIDURGA NAV KHALSA SERILINGAMPALLY, HYDERABAD, NULL, Telangana	India
S2-463165344	OTHILIE RODRIGUEZ PRINTING LLC	DIVINS CT, RICHMOND, KY	US
S2-805885442	Runway Trading Pvt Ltd.	C-230, SOLARIS I SAKIVIHAR ROAD POWAI, MUMBAI, MUMBAI, Maharashtra	India
S2-92563047	इंडो हॉस्पिटैलिटी प्राइवेट लिमिटेड	EAST DELHI, UI CGHS, MAYUR VIHAR, FLAT NO. B-25, EAST DELHI, Delhi	India
S2-572770370	ब्राइट एनर्जी प्राइवेट लिमिटेड	DOOR NO 357 302, NORTH GOA, THANE, Maharashtra	India
S2-496539730	#vipulinvestment	#0579 S NO.545/A/B, PI NO. 433, SALISBURY PARK GULTEKADI, PUNE CITY, महाराष्ट्र	India
S2-644217455	ஸ்டார் டெவலப்பர்ஸ் பிரைவேட் லிமிடெட்	NO-96/2, GROUND FLOOR FIFTH STREET EXTENSION, GANDHIPURAM, COIMBATORE, Tamil Nadu	India
S2-695198503	Shri Beejay & Partners Co	T C IV/##22381, MANJUVILAGAM HOUSE KURAVAM KONAM, THIRUVANANTHAPURAM, Kerala	India
S2-363608755	Society Desert Inc	#4038 TALMADGE RD, TOLEDO, OH	US
S2-658689598	Mccorvey and Turner		US
S2-500777296	wildlifefederationvi.com	58 BARBERRY DRIVE, BEREA, OH	US
S2-362351247	DEPARTMENT OF FINANCE LP	NY, VAN ETTEN, 22 FRONT STREET	US
S2-388477523	AMERICAN COMMITTEE LLC	AUDUBON AVE, ROCHESTER, IN	US
S2-997162781	yorktown holdings	744 YKT SLICKFIELD ROAD, <NULL>, YORKTOWN, TX	US
S2-780025538	Classical Private Limited Center	PLOT 7 C-4/33, KH NO.-626, GALI NO.-4 SUDAMAPURI EXTN., DELHI, दिल्ली	India
S2-142715362	At1antic Wireless  Works	BROCKTON, 12D BATTLES FARM DR, MA	US
S2-90765543	Avivera	#4900 SCARSDALE DR, AUSTIN, TX	US
S2-200963243	Zephyr PLLC Center Center	002107 PRIMROSE PASS DR, TX, RICHMOND	US
S2-148197041	Glyphyx (Futurecrest)	627 EAST ST, SULLIGENT, AL	US
S2-441818910	क्लासिक लाइफ इंटरनेशनल प्राइवेट लिमिटेड	HN 682. 569/KA/195, SINGAR NAGAR, LUCKNOW, उत्तर प्रदेश	India
S2-242032003	ACT TECHNOLOGIES PRIVATE LTD	H.NO #313 B, 3RD FLOOR, OKAY PLUS SQUARE, MADHYAM MARG, MANSAROVAR, JAIPUR, राजस्थान	India
S2-515888999	Golden Cleaning Service Service	#123 MAIN STREET, SHOSHONI, WY	US
S2-407039835	OLSEN, THOMPSON ABREU CO SERVICES	15111 CHRONICLE RD, MEAD, WA	US
S2-596417945	ROOTS CO &	2 JOGENDRA KAVIRAJ ROW, 2ND FLOOR, KOLKATA, KOLKATA, West Bengal	India
S2-861759024	VARGO, WAGNER AND GARDNER INC SERVICES	CARY, NC, 915- DUDLEY PARK LOOP	US
S2-370023071	ಫಾರ್ಚೂನ್ ಒನ್ ಡೆವಲಪರ್ಸ್ ಪ್ರೈವೇಟ್ ಲಿಮಿಟೆಡ್	DOOR NO 18 KNO 334 THUBERAHALLI, BANGALORE, Karnataka, BANGALORE	India
S2-697615946	Gonzalez-Prairie Amndrcgeti Corp	2465 BENTON YOUNG RD, COOKEVILLE, TN	US
S2-636627641	PREFERREDDEFENSEVENTURES.COM	1802 CRUISER LANE, BELGRADE, MT	US
S2-426914813	(Inc) Young, Mcknight and Sullivan	WAVERLY, 525 ROSE DR, OH	US
S2-616224595	Legacy Starry LLC	WATER ST, MOBILE, AL	US
S2-197462845	Patriot College Enterprises		US
S2-910995476	VAUGHT MAGNA LP-CENTER	1383 PINE CT, E. MEADOW, NY	US
S2-554735213	Straight Edge Auto Body (Corporation)	54928 FIRE LN, TOWN OF DAIRYLAND, WI	US
S2-982615303	mutualeducationconcepts.com	78 DUTCH HOLLOW DRIVE, ORANGETOWN, NY	US
S2-421111612	Peridova Lifeco	#908 ISA WAY, TOLAR, TX	US
S2-137623916	SC Nidhi Private	SHOP RZ B-C-4 RAGHU NAGAR, NEW DELHI, Delhi	India
S2-172373559	>> Cilka R. Beltran, L.C.S.W., M.D.,  P.C.	336 MT LAIREL DR, BATH COUNTY, VA	US
S2-911711833	Lyndy January Vanguard	09224 EDWARDS WAY, HYATTSVILLE, MD	US
S2-305758329	लोटस माय बिल्डर्स	#560 S-103, FIRST FLOOR PARAM PURI, UTTAM NAGAR, WEST DELHI, NEW DELHI, Delhi	India
S2-953413124	dionisnelsonfirst.com	667 Portage Street, ARLINGTON, WA	US
S2-621177130	akarshakindiaservices.com	0143, IV MAIN ROAD, MALLESWARM, BANGALORE, NGALORE, Karnataka	India
S2-157228979	Optima College	5A/526C, CALD WELL COLONY, THOOTHUKUDI, Tamil Nadu	India
S2-60524135	WINGATE'S  TIRE	8106 MAPLEGATE PL, GLENN DALE, MD	US
S2-363828278	Baba Projects Private Ltd Ltd	A-##44, G-2, VDS BUSINESS CENTER, SECTOR-2, NOIDA, NOIDA, Uttar Pradesh	India
S2-122775303	damani & sons ltd	NO 692 1697, HSIIDC RAI SECTOR-38, SONEPAT, Haryana	India
S2-562228657	South Systems Private Ltd	VISHWAS GARDEN, H. 4, PL. NO. 63, SEC.16, PCNDTA, PUNE CITY, Maharashtra	India
S2-622375552	City Hóspitality Private	FIRST FLOOR, 74/8/1, 9-C, JASMEET NAGAR, AMBALA CITY, हरियाणा	India
S2-511393932	Dee Flm Private Private Limited	C-1302, TOWER-3, INDIABULLS FINANCE CENTER SB MARG, ELPHINSTONE ROAD (WEST), MUMBAI, Maharashtra	India
S2-7738291	Vanet Vanet Reit LLC	3291 HILLREST PL, ADAMSVILLE, AL	US
S2-805148148	Ram  Educational Society	Maharashtra, ##1 HUDA MANSION1ST FLOOR KOLSA STREET PAIDHONIE, MUMBAI	India
S2-697817361	american committee	IN, 1701 AUDUBON AVENHE, ROCHESTER	US
S2-283034401	Poppy School Service	H.NO 188 CMC-4-1804, GH-01/A, SUPERTECH CAPETOWN, SEC-74, NOIDA, उत्तर प्रदेश	India
S2-75673177	Brixdrex	185 PLAINVIEW DR, INCORPORATED, IL	US
S2-335834280	Aman Emart-Ltd	FLAT-SHREE 1008 PLOT-164, SECTOR 4 KARANJADE PANVEL, PANVEL, Maharashtra	India
S2-969723407	Oyster Marketing Private Limited	HN 747 S.NO 46/C, H.NO. 1/2, GALA NO. 112, JRT IND. ETAT VASAI PALGHAR VASAI-VIRAR CITY, VASAI, Maharashtra	India
S2-467352446	Royal Válue Tower		US
S2-549463166	Cardiology Care Associates Co	1809C 25ST ST, NEWPORT NEWS, VA	US
S2-404954074	Service Cleaning G0lden	#123 Main Street, SHOSHONI, WY	US
S2-724506827	UNITEDMANAGED.COM	MD, 904 CHURCH HILL ROAD, CENTREVILLE	US
S2-24463369	NAMAMI-(INDIA) SALES PRIVATE	FTNO.G-07 TOWER-2, PRANEETH PRANAV FLORA, TIRUMALAGIRI, Andhra Pradesh	India
S2-891562994	Best Studios Center	NINTH ST, GUYMON, OK	US
S2-596307600	maharshifoods.com	HN 801 B 21 AKSHAR INDUSTRIAL PARK B/H VSHALA ESTATE, SP RING ROAD, ODHAV, AHMEDABAD, Gujarat	India
S2-924334209	spf modern pioneer	ST CHARLES, MO, 3153 COG WHEEL	US
S2-796189456	*** CREATIVE INC	265 BLAKE SAINT, NEW HAVEN, CT	US
S2-665841293	FOODSPRIVATE.COM	3/581, KANCHIPURAM, Tamil Nadu	India
S2-910624268	cmcáre.com	1138 TRIMBLE CREEK DRIVE, WEST JORDAN, UT	US
S2-936339933	बालाजी प्रोड्यूसर एलएलपी	F-43, GREEN WOOD CITY SECTOR - 46, GURGAON, Delhi	India
S2-125402274	Fnorrge	45 CENTRAL PARK, NEW YORK, NY	US
S2-461663011	Morris + Sotelo	555 A 1/2 SUMMER STREET, LYNN, MA	US
S2-508814227	Cunningham and Eadie [Construction-Inc]	560 OKLAHOMA AVE, WASHINGTON, DC	US
S2-68096063	Ganganth Energy Private	H. NO. 4, SECOND FLOOR ROAD NO. 12, EAST PUNJABI BAGH, DELHI, Delhi	India
S2-864859322	Sungold Foundation	PLOT NO. B-B3/18, SHENDRA FIVE STAR INDUSTRIAL AREA MIDC, Maharashtra	India
S2-621477890	Unique &  Sons Private [Limited]	PLOT NO.118, 119 SYNO:190, IP CHANDANVELLY, RANGAREDDY, Telangana	India
S2-232304019	Othilie Rodriguez Printing	114 DIVINS CT, RICHMOND, KY	US
S2-898684117	ईस्टर्न मार्केटिंग प्राइवेट लिमिटेड	SCO - 29 1ST FLOOR MUGAL CANAL ABOVE CANARA BANK, KARNAL, Haryana	India
S2-243574627	United Managed Llc	904 CHURCH HILL ROAD, CENTREVILLE, MD	US
S2-523235131	Brown  Golden Insight	2914 16TH STREET, OMAHA, NE	US
S2-201404738	Boinchi Andconsultancy	R/O C/O LAOMAN MANDI, DHARAMPUKURPARA, BHONPUR, BOINCHI, West Bengal	India
S2-510600575	Private YRN Advertisers Ltd	MMB 1/171, LUCKNOW, Uttar Pradesh, SITAPUR RD, LUCKNOW	India
S2-565304838	Brixjax	276 SEVENTH STREET, COTTAGE GROVE, OR	US
S2-437588235	Inc Gago Gruopo	MO, 303 PITMAN AVE, WENTZVILLE	US
S2-497368593	EYN  Opprtunhiy LLC	411 SCHOLASTIC DRIVE, WINSTON-SALEM, NC	US
S2-631105262	TRANSCONTINENTAL TRADING	09 OLD STONEHOUSE ROAD, SILVER SPRING TOWNSHIP, PA	US
S2-58953720	ब्राइट केयर प्राइवेट लिमिटेड	DOOR NO 74 401, THANE, Maharashtra	India
S2-529459222	Mountain Cléar Webster	4555-A 122, HOBGOOD, NC	US
S2-908068286	brightcare.com	DOOR NO 74 401, TAMBE APARTMENT, DR. ANSARI ROAD, THANE, महाराष्ट्र	India
S2-891402553	timber inc	11504 1/ SPRUCE CANYON DRIVE, NULL, AUSTIN, TX	US
S2-783535423	Surgical Héalth Enterprises		US
S2-804519322	AL (INDIA)-MERCANTILE-LIMITED		India
S2-838982350	K0lkata Energy Pvt. Ltd.	DOOR NO 94 GIRISH GHRSH ROAD, KOLKATA, HOWRAH, West Bengal	India
S2-334992795	Ariaaria	##6119 159TH STREET, PMB 2607, OMAHA, NE	US
S2-137658994	mohammedstites.com	ALBUQUERQUE, 5321 VERONICA DR, NM	US
S2-611355522	Stunning Consultancy Private	C/O DEVESH SINGH, H NO 47, ALIA BULBUL, RISIA, BAHRAICH, उत्तर प्रदेश	India
S2-381824395	Kolkata Metal Private Ltd	51B, SIR HARIRAM GOENKA STREET, KOLKATA, KOLKATA, West Bengal	India
S2-700855742	futureglobalestate.com	PLOT ##15 MUNNI STREET AMROHA GATE MORADABAD IN, MORADABAD, उत्तर प्रदेश	India
S2-296069488	WILLIAMS DRAGON OF JACKSONVILLE CO	201 HARTOFRD LN, JACKSONVILLE, NC	US
S2-749595501	GARCIA MOUNTAIN BIOTHERAPEUTICS	1117 Samish Island Rd, null, BOW  CDP, WA	US
S2-436067337	HENDRIX INNOVATIVE SEFOOD-INC	454 Casey Rd, GERMAN FLATTS, NY	US
S2-499783761	Gulf Center Corp	33- FRENCH TER, WEAVERVILLE, NC	US
S2-494058485	Dental-All Care Associates	5805 WEST GATE BOULEVARD, AUSTIN, TX	US
S2-190403429	L.L.C. CORNERSTONE INVESTMENTS	1475 MANITOWOC RD, CITY OF MENASHA, WI	US
S2-132786885	KlNG FEDERAL	550 FOREST PARK CT, DAYTON, OH	US
S2-544526100	Yolande Brown Telecom Inc	122 2ND SAINT, MCDONALD, PA	US
S2-663198052	Urgent Care Apex C1ínic Llc	6153A ST RTE 45, BRISTOLVILLE, OH	US
S2-446850663	MA Gold Inc	0815 COLTER ST, PHOOENIX, AZ	US
S2-212702965	0PTIMAL GULF CHILE	953-955 BIERSDORF STREET, CARBONDALE, IL	US
S2-883505606	रॉयल फूड प्राइवेट लिमिटेड	S-4/110 OLD NO WZ143A/13 PLOT NO. 55 OLD MHAVIR NAGAR, NEW DELHI, <NULL>, Delhi	India
S2-665826837	ஸ்ரீ எஸ்எஸ் சிஸ்டம்ஸ் பிரைவேட் லிமிடெட்	NO 127B/42, MAJITH STREET, DHARMAPURI, Tamil Nadu	India
S2-927637163	Innovative Cloud Technologies L.L.C.		US
S2-615578711	ଜୈନ ଲଜିଷ୍ଟିକ୍ସ୍ ପ୍ରାଇଭେଟ୍ ଲିମିଟେଡ୍	NO 626 C - 5A, KHORDHA, BHUBANESWAR, Odisha	India
S2-612878349	लक्ष्मी फूड्स प्राइवेट लिमिटेड	HAUSE NO. 45, C-2, BLOCK-WZ, LANDMARK NA RATAN PARK, NEW DELHI, WEST DELHI, दिल्ली	India
S2-391910998	National Convertible  LLC	422 EASTERN PKWY, NY, BROOKLYN CITY	US
S2-241635700	Jenkins Family		US
S2-340177941	Jenkins Family Office	5208 LYNN ROAD, BARTLESVILLE, OK	US
S2-655157243	Pv Innovation	PLOT NO.87, 1ST FLOOR, 4TH CROSS, STREET, THIRUMALAI NAGAR, SAIDAPET, தமிழ்நாடு	India
S2-665926222	LLC Kinlaw & Wátson	FRANKLIN COUNTY, 706 SLEEPY HOLLOW DR, VA	US
S2-719321697	Nesoft Corporation	00215 OTTAVIANO WAY, HUTTO, TX	US
S2-456775288	Mumbai Herbals Pvt Ltd.	0104 TEERTHANKAR 294 S K BOLE ROAD DADAR (WEST), MUMBAI, Maharashtra	India
S2-158958386	Shri Shiv  Investment Private	DOOR NO 113 9/2347, GALI NO. 12, KAILASH NAGAR, Delhi	India
S2-630800389	libertyinstitutetechnology.com	2023 BAJA CIRCLE, LOS FRESNOS, TX	US
S2-34377129	indianlogistics.com	10TH FLOOR, MFAR BUILDING, EMBASSY MANYATA TECH PARK, BANGALORE NORTH, Karnataka	India
S2-395772965	street inc	30 TAYLOR DR, READING, MA	US
S2-399582360	Zee  Consultants	AT/PO:AREIKANA BALICHANDRAPUR, JAJPUR, ଓଡ଼ିଶା	India
S2-966143411	Shiva மீடியா Pvt Ltd	IIT MADRAS RESEARCH PARK, 01 FA, I FLOOR KANAGAM ROAD, TARAMANI, ADAYAR, CHENNAI, Tamil Nadu	India
S2-992263250	AMERICAN-COMPLETE	5209 AVALON DRIVE, RANDOLPHCITY, MA	US
S2-679628134	Satya Solar Private		India
S2-3501941	Rocky Cayson-Inc	LAKE ROAD, GENEVA ON THE LAKE, OH	US
S2-489128692	माय गुरु प्रोडक्ट्स प्राइवेट लिमिटेड	BUILDING NO ##18, PUNE CITY, PUNE, Maharashtra	India
S2-619136089	Pvt Shiv Paint Ltd	BANGALORE, PLOT 184 FLAT NO C 303 JAI GALAXY APPARTMENT KODIGEHALLI MAIN ROAD BANGALORE, BANGALORE, Karnataka	India
S2-716125625	Funidea Associates Partners	H.NO A-260 B-73, OLD PLOT NO-73, GROUND FLOOR, B-BLOCK, GANESH NAGAR, PANDAV NAGAR COMPLEX, Delhi	India
S2-828560713	Sheets Inc Center	3815  BANDERA DRIVE, LAREDO, TX	US
S2-717089462	MA Gd	0815 COLTER STREET, PHOOENIX, AZ	US
S2-581573719	ORTHOPEDICPRIMEPARTNERS.COM	VA, 2608 OCCIDENTAL DRIVE, VIENNA	US
S2-199041559	NATIONAL LLC LITHIUM	200 SECOND AVENUE, JONESBOROUGH, TN	US
S2-562479791	CAPITAL TRIUMPH LLC	700 ADELYNN LN, GREENSBORO, NC	US
S2-266941785	Innovative Environmental Nétworks LLC	874-876 40TH AVENUE, GOODVIEW, MN	US
S2-293923504	गुजरात प्रोड्यूसर प्राइवेट लिमिटेड	PLOT 8 52/162, PRATAP NAGAR, SANGANER, JAIPUR, Rajasthan	India
S2-302773646	L.L.C. SY Hyperliquid	6250 LITTLE OX ROAD, FAIRFAX STATION, VA	US
S2-352954235	Gago Inc  Center	303 PITMAN AVENUE, MO, WENTZVILLE	US
S2-175371406	cardenaspreferred.com	303 VILLAGE STREET, MEDWAY, MA	US
S2-994854830	Cedar Park, Cóunty Of	TRUMPET VINE TRAIL, CEDAR PARK, TX	US
S2-259819651	KERASOFT CAPITAL PNBORTNES GROUP	5953 HERPA DRIVE, TUCSON, AZ	US
S2-223439532	PROFOUND SÉCUCITY PRIVATE LIMITED	DOOR NO 15/593 Z 79, 3RD FLOOR DALIYA KPEES AVENUE, UPHILL, MALAPPURAM, MALAPPURAM, Kerala	India
S2-404897131	Primary Care Center Llc	LAUREL, JACLYN COURT, MD	US
S2-685960846	ஃபார்ச்சூன் டெக் பிரைவேட் லிமிடெட்	H.NO D/23, VILVANATHAN AVENUE, 2ND GATE, CUDDALORE, SALAI NAGAR CUDDALORE PORT, Tamil Nadu	India
S2-608437578	Marutinandan Mdicbn1 Centre	PLOT 97A 97B, S/F FLAT NO 301, SULHAKUL VIHAR KAKROLA, NEW DELHI, दिल्ली	India
S2-7041697	Behavioral Health Center Co	12 10TH ST, COUNCIL GROVE, KS	US
S2-295716598	@synon	GREENWOOD, 1594 MERIDIAN SAINT, IN	US
S2-352543982	ऑल फूड प्राइवेट लिमिटेड	MUMBAI (SUBURBAN), Maharashtra, FLAT 4	India
S2-941509233	Clean Ínc Hotels Bright	530 Main Street, HARRISONBURG CITY, VA	US
S2-762792459	Superior Medical Assoiaets		US
S2-206745951	Peterson and Young P.C. Services	FIFTH STREET, BLAINE, WA	US
S2-440396934	Innovative Custom  Sab,		US
S2-156372582	A Cure 8 All Inc.	12214 AUTUMN DALE COURT, MARYLAND HEIGHTS, MO	US
S2-309017507	Foye Piedmont Paceline	8820 LUCAS AND HUNT RD, ST LOUIS, MO	US
S2-358229894	cardiologymetrocare.com	1138 TRIMBLE CREEK DRIVE, WEST JORDAN, UT	US
S2-176723031	LEWIS LLC CENTER	2724 ALAMEDA DR, VIRGINIA BEACH CITY, VA	US
S2-750937081	PRIVATE CONSULTANCY CLASSIC REALTY LTD	H.NO 1303-B 13TH FLOOR HEMKUNT CHAMBER 89 NEHRU PLACE, NEW DELHI, SOUTH DELHI, दिल्ली	India
S2-394714746	Transcontinental-Trading Solutions	09 OLD STONEHOUSE RD, CARLISLE, PA	US
S2-517483574	Trip Weblfare Society	1/254, BARABAN KHURD THANA KAKORI, Uttar Pradesh	India
S2-189623120	Le and Wright	375 VISTA CIR, CITY OF RIVER FALLS, WI	US
S2-549746566	Lewis First National LLC	7787 RIVER POINTE DR, MAUMELLE, AR	US
S2-760054796	સ્માર્ટ એનર્જી પ્રાઇવેટ લિમિટેડ	BHUDIA VADI SHERI NO 5, RAJKOT REGION, KACHCHH, ગુજરાત	India
S2-869492484	Asset-Building Program	##2322 LUSTRE, TUCSON, AZ	US
S2-922260669	vwbprimelive.com	10156 YOUNG RD, RUSHCREEK TWP, OH	US
S2-681154177	Inc Superior Property Technologies	##36 BLUEFISH LANE, PMB 3538, PALACIOS, TX	US
S2-441507670	Leeway [Traders]	PLOT NO. 164, 1ST FLOOR, PASHUPATI NATH NAGAR CHAK GATORE, JAGATPURA, NEAR 6 NO. BUS S, TAND, JAIPUR, राजस्थान	India
S2-708662392	JD Logistocs Private Limited		India
S2-31878448	Aman Limited Service	FLAT-SHREE 1008 PLOT-164, SECTOR 4 KARANJADE PANVEL, PANVEL, Maharashtra	India
S2-304791481	LOREEN WELCH KEEN LLC	1339 MYSTIC RIVER LN, PO BOX 393, ROSENERG, TX	US
S2-191036161	F0undation Odyssey Cable	DARINGBADI, PLOT NO - D/17, AT/PO - SRANIKETA DARINGBADI, Odisha, KANDHAMAL	India
S2-563862935	Cabrera and Fléming	AZ, SAN TAN VALLEY, 2656 JASPER BUTTE DR	US
S2-357468293	West Integrated Inc Service	4776 4865, WEST VALLEY CITY, UT	US
S2-16208638	Urgent Cgre Medicine Inc	3936 JOHNSON PLACE, SCIO, NY	US
S2-783719986	Milind Bróthers Ltd	#116/1 , 6TH FLR, FLY DESK, SRI THEAGARAYA ROAD, CHENNAI, Tamil Nadu	India
S2-773474690	chincertifieddynamic.com	602 PASADENA BOULEVARD, TOLEDO, OH	US
S2-394268066	SCHOLARSHIP-COUNCIL CORPORATION	0010436 NC41, FAIRMONT, NC	US
S2-133948973	Urology Associates Llc	HOUSTON, 1602 FRANCIS STREET, TX	US
S2-716394893	N R Aelaxnder  Industries LLC	59 Somerset Drive, WINDSOR, CT	US
S2-454988577	शिव अरिहंत ट्रेडिंग प्राइवेट लिमिटेड	01/264 HOUSING BOARD, GANGANAGAR, SRIGANGANAGAR, Rajasthan	India
S2-367218880	JF	15280-A WADSWORTH ROAD, WADSWORTH, IL	US
S2-441654799	STRATEGIC INFRASTRUCTURE-COLLECTIVE LP	687 185TH SAINT, CLEVELAND, OH	US
S2-815189909	Equinox Sérvice	11703 PLUMIOINT DRIVE, HOSUTON, TX	US
S2-834892688	LUXORA (INDIA)  FEEDS PRIVATE	ગુજરાત, THE SPIRE OFFICE NO. 409, B, 150 FT RING ROAD, RAJKOT	India
S2-215278744	M/s Ram Marketing Corporation	H.NO 2 B G/F BLOCK K-2, MAHIPALPUR EXTN, NEW DELHI, Delhi	India
S2-492387562	PATRIOT AVIATION LLC	2323- Cedar Bayou Lynchburg Road, BAYTOOWN, TX	US
S2-807975025	Sholes  Safe Inc	1437 ARTHUR AVE, LAKEWOOD, OH	US
S2-604903991	Act Technologies Prívate Limited	DOOR NO #313 B, 3RD FLOOR, OKAY PLUS SQUARE, MADHYAM MARG, MANSAROVAR, JAIPUR, Rajasthan	India
S2-625212533	Kira-Dacosta Anchor Muniholdings Inc	6280 21ST STREET, DC, WASHINGTON	US
S2-163144203	Literacy League	Dogwood St, DENVER CITY, TX	US
S2-40291537	stunning consultancy private limited (ID: 45180)	C/O DEVESH SINGH, H NO 47, ALIA BULBUL, RISIA, BAHRAICH, Uttar Pradesh	India
S2-204976770	ENGINEERING TRADING ANIL CENTER	DOR NO 902 C-9, MAHARANI BAGH, Delhi	India
S2-304999294	piedmontdental.com	2420 SECOND AVE, GRAND FORKS, ND	US
S2-71101790	Saving Center	#137 GANGA NAGAR, HOUSING, PROPERTY, NAWABGANJ, NAWABGANJ, Uttar Pradesh	India
S2-36925108	#pediatricall	001410 FOREST DR, ANNAPOLIS, MD	US
S2-528155044	DANDY ALLIANCEBERNSTEIN CO	18313 1/2 WINTER PARK CT, PO BOX 2083, GAITHHERSBURG, MD	US
S2-608589819	Peak Integrated	16 ESSEX SAINT, EAST HAMPTON, NY	US
S2-484851721	Ketech [Inc]	1310 BAGLEY DR, KOKOOM, IN	US
S2-587017457	SURJIT TECHNOLOGIES PVT. LTD.	H.NO 140 B-226, STREET NO.-11 BHAJANPURA, DELHI, Delhi	India
S2-868293034	internal medicine regional care, ínc #24316	5408 CINPHANY COURT, HIHG RIDGE TOWNSHIP, MO	US
S2-640505916	EASTERN  INOVSTMBDNT LLP | www.easterni.com	PLOT 437 C/O PRAMOD KUMAR DUBEY, VILLAGE BARAGAON, PINDRA, Uttar Pradesh	India
S2-830596468	SS CONSULTING PRIVATE LIMITED		India
S2-540153456	Division of Parks and Recreation Franklin Ltd	188 CHAPL HILL DRIVE, FRANKLIN, NC	US
S2-514204370	Pao [Holding]	#400 TRYON STREET, CHALOTTE CITY, NC	US
S2-657537615	automotive college	#1ST FLOOR, CITY PALACE, DURGA BADI, SURAJKUND ROAD, GORAKHPUR, Uttar Pradesh	India
S2-571959117	સ્માર્ટ એનર્જી પ્રાઇવેટ લિમિટેડ	BHUDIA VADI SHERI NO 5, RAJKOT REGION, BHUJ, Gujarat	India
S2-851565175	South Builders Prrvate Limited	THE FIFTH AVENUE OFFICE E-##1, 4TH FLOOR, DHOLE PATIL ROAD, NEAR L & T HOUSE, PUNE, Maharashtra	India
S2-171643591	Srujan Plasma LLP Services		India
S2-993722505	Ellison Aspen	WATERLOO, IA, 1713-1715 Howard Ave	US
S2-389823628	MUMBAI TRADING  PRIVATE LTD	12MITTALTOWERA'WING, 5THFLOOR210NARIMANPOINT, MUMBAI, Maharashtra	India
S2-307530253	BEST  MOBILITY GLOBAL	4926 DISCOVERY RIDGE CT, SILVERDALE, WA	US
S2-97345691	Profound  5ecurity Private Limited	H.NO 15/593 Z 79, 3RD FLOOR DALIYA KPEES AVENUE, UPHILL, MALAPPURAM, MALAPPURAM, Kerala	India
S2-282416648	Safalya Clothing Private [Limited]	##23, IIND FLOOR PARMANAND COLONY, Delhi	India
S2-279671858	ANDERSON ELECTRIC	8 OLIER ST, WORCESTER, MA	US
S2-482586584	Prairie (Capital)	AUTUMN WOODS BLVD, MOUNT HOLLY, NC	US
S2-13245260	Partners Eastern &	NO B3/7, MUMBAI, MUMBAI CITY, Maharashtra	India
S2-381199194	Carey, Trópp & Chadwick LLC	276 SEVENTH ST, COTTAGE GROVE, OR	US
S2-376761829	Kolkata Metal Private Limited	West Bengal, 51B, SIR HARIRAM GOENKA STREET, KOLKATA, KOLKATA	India
S2-912534034	Morbi Ram Prívate Limited	PLOT NO. 24P, PRUTHVIRAJ, PLOT, NEAR SHAKTI ICE, MORBI, Gujarat	India
S2-572991995	शिव अरिहंत ट्रेडिंग प्राइवेट लिमिटेड	NO 01/264 HOUSING BOARD, 1ST FLOOR, SRIGANGANAGAR, GANGANAGAR, राजस्थान	India
S2-722052560	aqualinefoundation.com	H.NO 10 , STREET NO. 1, TAGORE NAGAR, BATHINDA, BATHINDA, Punjab	India
S2-8980030	LITTLE + CORNELIO-INC.	TULSA, OK, 533  32ND ST	US
S2-324453799	Shiva Média Pvt Ltd	Tamil Nadu, IIT MADRAS RESEARCH PARK, 01 FA, I FLOOR KANAGAM ROAD, TARAMANI, ADAYAR, CHENNAI	India
S2-697794506	Nr Private Limited Center Center	###77 BASUNDHARA COLONY TONK ROAD, JAIPUR, Rajasthan	India
S2-491638060	Smt Classic-Engineering Private Limited	42. MAHAVIR IND ESTATEOFF ANDHERI KURLA ROAD SAKINAKA, MUMBAI, महाराष्ट्र	India
S2-970849995	Surgical Health LP - 2810307279	00380 CENTRAL ST, LEOMINSTER, MA	US
S2-536674182	Ujjain Network  Limited	27/3- UDHYOGPURI AGAR ROAD, R2 KPZ-5216, UJJAIN, Madhya Pradesh	India
S2-245488643	Stout, Kerrin, O.D. Inc.		US
S2-707484034	IJ TECHNOLOGIES ASSOCIATES	DR. AMBAR PARE NATUROPATHY CENTRE, VILLAGE - DULIYA, HARDA, Madhya Pradesh	India
S2-363007628	The Loving Orthopedic Associates LLC	448 SHEPARD LANE, LOVING, TX	US
S2-519810626	Hung's Printing	4621 U ST, FORT SMITH, AR	US
S2-221815255	Industries  Trio Note (ID: 28359)	51/6, HO-CHI-MINH SARANI, FLAT 10, FOURTH FLOOR, KOLKATA, KOLKATA, West Bengal	India
S2-859781424	Asha & Co.	ಕರ್ನಾಟಕ, FLAT NO-8178, TOWER 8, BEGUR KOPPA ROAD, BANGALORE SOUTH	India
S2-95589739	Welcome Partners Services		India
S2-231172414	YNES FOX MOUNTAIN-WHOLESALE LLC	BRAMPTON WAY, SALT LAKE CITY, UT	US
S2-933010351	জয় ইনফোটেক প্রাইভেট লিমিটেড	NO #1 FLAT - 4B, BODAI, PRIYADEEP APT., NABAPALLY CIRULAR ROAD, NORTH 24 PARGANAS, West Bengal	India
S2-371430404	New Delhi Industrial L.L.P.	Delhi, BLOCK A-218 CP-116 FIRST FLOOR MAURYA ENCLAVE PITAMPURA, NEW DELHI	India
S2-846345678	Nature Búilding Associates		India
S2-834601822	Ferreon Services LLC	760 TOWER AVENUE, VILLAGE OF TURTLE LAKE, WI	US
S2-761001678	Eastern & Partners	PLOT NO. B3/7 , MARWAH ESTATE SAKI VIHAR ROAD, ANDHERI (EAST), MUMBAI, Maharashtra	India
S2-933100009	Do Jewels Ltd Pvt	11, 11TH FLOOR, METER CABIN 4, SURESHWARI ENT CTS 1599, EKSAR VILLAGE, LINK ROAD, BORI, VALI WEST, MUMBAI, Maharashtra	India
S2-628478838	Red Bike Shop Corp	50 MORRIS ST, ALBANY, NY	US
S2-856142141	BHILWARA COMMERCIAL LIMITED SERVICE	NEAR GURUJI KI HOTEL PUR ROAD, BHILWARA, Rajasthan	India
S2-914446549	Star Private Limited Center	Delhi, C-C-21 BASEMENT, RIGHT SIDE PANCHSHEEL VIHAR, MALVIYA NAGAR, NEW DELHI	India
S2-483363407	PRIMERO CONSULTANCY (INDIA) PRIVATE LTD	Delhi, #1789 LAL KUAN, NEW DELHI	India
S2-845827777	Innotech Holdings	VILL. - KRISHNANAGAR (PATPUR), P.O. - SIHAR, P.S. - KOTALPUR, West Bengal	India
S2-599889167	Capital  Optimal Mckinley Inc	2115 MARYLAND AVENUE, WASHINGTON, DC	US
S2-955320206	diprivate.com	D NO 1-175, VITTAMRAJUPALLE VILLAGE VINUKONDA MANDAL, GUNTUR, KOTHAPETA, Andhra Pradesh	India
S2-557571239	Inc, Magdaia Premium Abe	41 TRAIL DRIVE, LINDEN, TN	US
S2-490020286	Pkr Services Group (India)	102 STRAFT LUXURIA OPP SAURABH GARDEN NR VIJAY CHAR RASTA, AHMEDABAD, Gujarat	India
S2-403357763	Atlantic Council Center	130 SKIWAY CIR, BEECH MOUNTAIN, NC	US
S2-212606631	Othilie  Rodriguez Printing	114 DIVINS CT, RICHMOND, KY	US
S2-455885087	রেড Media প্রাইভেট লিমিটেড	JUTIKA APARTMENT, CALCUTTA, METRO, West Bengal	India
S2-907106058	ATLANTIC WIRELESS ASSOCIATES, LLC		US
S2-751206865	Torres and Tegeler LLC	120 LAWSON AVENUE, SAINT PAUL, MN	US
S2-581071655	INNOVATIVE LIMITED BUILDERS	323/2, 3RD FLOOR, PANCHRATNA, OPERA HOUSE, MUMBAI, Maharashtra	India
S2-307391935	Íribrix	14, 3RD FLR, MULJI JETHA, BLDG, MAHALAXMI MANDIR RD, MUMBAI, KARJAT, महाराष्ट्र	India
S2-819076381	Juliane Adruini Hawaii	20992 JEFFERSON RD, LINCOLN, DE	US
S2-212262632	टेक मार्केटिंग प्रा. लि.	FLAT NO-8-8, DELHI, SOUTH DELHI, Delhi	India
S2-223933114	Delhi Games Piate Limited	27, AKASH KUNJ APARTMENT SECTOR-9, ROHINI, DELHI, DELHI, Delhi	India
S2-127136476	Wildlife Federation  VI Inc	58 BARBERRY DR, BEREA, OH	US
S2-539777864	Anil State Corp	8, HUZEFA APARTMENT, 2ND FLOOR NR. JAMALI MASJID, VOHRAWAD, ALI FALIYA, GODHARA, Gujarat	India
S2-41073407	mohammed, stites and ohmer llc	VERONICA DR, ALBUQUERQUE, NM	US
S2-687098651	Beth Church	2828 A ADAMS ST, SEATTLE, WA	US
S2-876864094	ISS	4915 AMBERWELL PL, PMB 3601, HENRICO COUNTY, VA	US
S2-354888914	Lewis First LLC  National	RIVER POINTE DRIVE, MAUMELLE, AR	US
S2-467069532	Jere Mohr Floating Incorporated	KARA COURT, LEBANON, IN	US
S2-481992557	പെർഫെക്റ്റ് ഐടി പ്രൈവറ്റ് ലിമിറ്റഡ്	DOOR NO. 52/3028 D, 3RD FLOOR, SYAMA DYNAMIC, VYTILA JUNCTION, COCHIN, ERNAKULAM, Kerala	India
S2-462621341	बालाजी सॉल्यूशंस प्राइवेट लिमिटेड	DOOR NO 35 ASN STARCHEM PRIVATE LIMITED C/O MR SHAILENDRA GUPTA 26 AROGYA NAGAR, KOTA, Rajasthan	India
S2-748061119	સ્માર્ટ એનર્જી પ્રાઇવેટ લિમિટેડ	BHUDIA VADI SHERI NO 5, VISHAL NAGAR, JUNAVAS, RAJKOT REGION, KACHCHH, Gujarat	India
S2-873565534	बालाजी हॉस्पिटैलिटी प्राइवेट लिमिटेड	H.HO.C-169, F/F, VILLAGE- ALI, K MPUR NEAR DSIIDC COMPLE, DELHI, CENTRAL DELHI, दिल्ली	India
S2-496435898	Pinnacle  LLC	18 HYNDMAN VIEW DR, HAILEY, ID	US
S2-491221950	Cunningham and Eadie Construction	560 OKLAHOMA AVE, WASHINGTON, DC	US
S2-555366633	रियल केयर प्रा. लि.	301, FRAZER ROAD, PATNA, बिहार	India
S2-847848168	बाबा प्रोजेक्ट्स प्राइवेट लिमिटेड	A-##44, NOIDA, Uttar Pradesh	India
S2-607685684	Rocky Center	5467 LAKE ROAD, GENEVA ON THE LAKE, OH	US
S2-315456812	शक्ति बिल्डर्स लिमिटेड	FARM NO. 22, SOUTH DRIVE, DLF CHHATTARPUR, NEW DELHI, Delhi	India
S2-950617428	AVILA MEDICAL CÉNTER	201 8TH ST, PMB 5017, PONCA CITY, OK	US
S2-75111597	VIPUL INVESTMENT PRIVATE LIMITED - 4985660956	H.NO 0579 S NO.545/A/B, PI NO. 433, SALISBURY PARK GULTEKADI, PUNE CITY, महाराष्ट्र	India
S2-796610292	Capital Tríumph LLC	700 ADELYNN LN, GREENSBORO, NC	US
S2-473426971	KNOWLES FACTORY	##5516 CLAUDIED WAY, PMB 2835, ELK GROVE, CA	US
S2-749795165	Fresh Two, Incorporated	2958 Sir Ian Blake Dr, CONROE, TX	US
S2-675926890	Stewart Ínternational [P.L.L.C.]	213 DAHLIA STREET, FAIRFIELD, CA	US
S2-234957810	skillsbrothers.com	DOOR NO G-807 A/01, SH 5 MINI MARKET, CHS LTD A-WING, GROUND BP, THANE, Maharashtra	India
S2-842436435	Aurent Energy Corp	NC, CHARLOTTE, 1817 1/2 DEARMON DRIVE	US
S2-759905717	Global Machine Works	8891- MOORE ROAD, WEST SPARTA, NY	US
S2-491637258	Móva	1315D ADAMS ST, TN, NASHVILLE	US
S2-201794974	Bryant's Precision Skin Cas	1403 ADAMS CIRCLE, HAMPTON CITY, VA	US
S2-264348315	Mortgage East Inc.	200 CVOE WAY, QUINCY, MA	US
S2-753131131	UNITEDBOARDSCOM	DOOR NO 801 SWAPNAPURTI, JEEVANSHEELA CHS LTD, JOGGERS PARK, GOVERNEMNT COLONY, MUMBAI, महाराष्ट्र	India
S2-926954944	LIMITED HYDERABAD SOLUTIONS PARTNERS	H.NO 1-41, FLAT NO.301 SB RESIDENCY, SNEHAPURI COLONY, MOTINAGA, R, HYDERABAD, తెలంగాణ, HYDERABAD	India
S2-217581050	Regional Álliance	ND, HANKINSON, 411 MAIN AVE	US
S2-149273054	Great Council	NC, 123 Hampton Court, JACKSONVILLE CITY	US
S2-447884948	Basalt Compania	#8935 SR 26, MARIETTA, OH	US
S2-99839166	ತಿರುಪತಿ ಕನ್‌ಸ್ಟ್ರಕ್ಷನ್ ಪ್ರೈವೇಟ್ ಲಿಮಿಟೆಡ್	NO. 334, BENGALURU, BANGALORE, Karnataka	India
S2-517455990	बाबा टेक्नोलॉजी	B-A-303, PUNE, HADAPSAR, Maharashtra	India
S2-250470498	INC EVO AGUIRRE	4949 DEER TRL, PRESCOTT, AZ	US
S2-558884990	2237 MOUNTAIN VIEW COURT OWNERS CORP LLC	357 OAK STREET, MARION, OH	US
S2-645228611	বোম্বে ইনফ্রা	C/O GOPAL CH BERA, CHAKDAH, NADIA, West Bengal	India
S2-504793407	GREEN ROBOTICS	11830 KERR PKWY, LAK EOSWEGO CDP, OR	US
S2-118644964	Novyx Inc Services	Bushwacker Pass St, SAN TAN VALLEY, AZ	US
S2-368205766	Clean Quartzsea	3120 XYLER STREET, TULSA, OK	US
S2-359529889	Katerine Wright, MD, M.D., Inc	116 ORLEANS PLACE, ALEXANDRIA, VA	US
S2-310280000	ब्लैक इंफ्रा प्राइवेट लिमिटेड	E-49/5, FIRST FLR OKHLA, INDUSTRIAL AREA PHASE II, NEW DELHI, दिल्ली	India
S2-65395170	टेक मार्केटिंग प्रा. लि.	FLAT NO-8-8, GROUND FLOOR, BLOCKB, DDAFLATLIGPOCKET-C, SOUTH DELHI, MATHURA, दिल्ली	India
S2-234831408	L0reen Whe Keen LLC	1339 MYSTIC RIVER LN, PO BOX 393, ROSENERG, TX	US
S2-945969323	Rozalin Andrews National Goldman Inc	211 HARBOR GLEN DRIVE, MADIOSN, AL	US
S2-815251681	My Healthcare Private Ltd	ROOM NO: XXI/610, CHALAKUDY MUNCIPALITY CHUNGATH BUILDERS AND DEVELOPERS PVT LTD, CHALAKUDY, Kerala	India
S2-254655685	Cascade Association	5643 GRAND FLORAL BOULEVARD, HOUSTON, TX	US
S2-297904209	Nizamabad Basera  Company	NO 5-6-372 , YELLAMMAGUTTA, NIZAMABAD, తెలంగాణ	India
S2-560867532	Daniels  Shore	##2743 FRANKLIN BLVD, SACRAMENTO, CA	US
S2-945105765	Trip Welfare Socaieety	1/254, BARABAN KHURD THANA KAKORI, Uttar Pradesh	India
S2-405627689	Empire Cside Hannum	1352 HUNGERFORD PT, TOWN OF SAINT CROIX FALLS, WI	US
S2-850368736	ब्लू मीडिया प्रा. लि.	H-19/157, NEW DELHI, SECTOR-7 ROHINI, Delhi	India
S2-277442162	శివం ఆగ్రో ప్రైవేట్ లిమిటెడ్	H.NO RT SAIDABAD COLONY, HYDERABAD, Telangana	India
S2-952863095	FF Mountain Óld	MC INTOSH LANE, INDIANAPOLIS, IN	US
S2-657541389	जैन Hospitality प्राइवेट लिमिटेड	H.NO 135  C/O SMT NEELAM DEVI, GAYA, Bihar	India
S2-745381561	foundationodysseycable.com	ଓଡ଼ିଶା, PLOT NO - D/17, AT/PO - SRANIKETA DARINGBADI, DARINGBADI	India
S2-895255328	India 5eva Innovations Pvt. Ltd.	C/O SHOBHNATH YADAV, VILL MALAK INSIDE RAJA RAHUL CITY PO NILMATHA, LUCKNOW, उत्तर प्रदेश	India
S2-372386523	Interstate College Co	2035 GRANT 19, GRAPEVINE, AR	US
S2-304207689	-- Digital & Partners Corp	C/O VIKRAM SINGH, FATEHPUR, Uttar Pradesh	India
S2-548599725	Primary Care Center	9518 JACLYN CT, LAUREL, MD	US
S2-570725952	बेस्ट फूड प्राइवेट लिमिटेड	POLT 110 707, MUMBAI, महाराष्ट्र	India
S2-92317782	GEORGE INNOVATIVE GROUP	2572 DUK CREEK RD, CINCINNATI, OH	US
S2-240792458	Mendez's Excavation PLLC	MN, ANOKA, CHARLOTTE DRIVE	US
S2-848549583	GK VALUE ILLUMINATION	7501 W SHORE DRIVE, EDINA, MN	US
S2-609366455	तिरुपति सॉल्यूशंस एलएलपी	NO 01103 A-TOWER, 1ST PODIUM, SAMRIDDHI (S), INDRALOK, THANE, BHAYANDER EAST, Maharashtra	India
S2-753060240	Cardiology Medicine Inc	10342-C ELIZABETH ST, GOSHEN, OH	US
S2-488931251	INNOVATIVEENVIRONMENTALNETWORKS.COM	874-876 40TH AVENUE, MN, GOODVIEW	US
S2-517115996	Midwest Conmbtee	1107 GREENWAY CRESCENT LN, CHARLOTTE, NC	US
S2-859949858	Roots &	DOOR NO 2 JOGENDRA KAVIRAJ ROW, 2ND FLOOR, KOLKATA, KOLKATA, West Bengal	India
S2-641463535	DESERT ASSOCIATION ASSOCIATION LP	631 FOREST GLEN CIR, MURFREESBORO, TN	US
S2-906046341	Ferreon Services  LLC	VILLAGE OF TURTLE LAKE, WI, TOWER AVENUE	US
S2-908301837	CLASSICAL WELLNESS PRIVATE	PLOT 7 C-4/33, KH NO.-626, GALI NO.-4 SUDAMAPURI EXTN., DELHI, दिल्ली	India
S2-672148463	Mazzola  Holdings	217 252 ST, BRONX, NY	US
S2-555788268	Star Tráders Private Limited	C-C-21 BASEMENT, RIGHT SIDE PANCHSHEEL VIHAR, MALVIYA NAGAR, NEW DELHI, दिल्ली	India
S2-995203204	MKR Coimbatore of Services	D-1, K.L.R.BUILDINGS, 207- SASTRI ROAD, RAMNAGAR, COIMBATORE, Tamil Nadu	India
S2-538078518	industriestrionote.com	West Bengal, 51/6, HO-CHI-MINH SARANI, FLAT 10, FOURTH FLOOR, KOLKATA, KOLKATA	India
S2-17791382	Schendel Comnercal LLC	1312 ELMWOOD AVE, SIOUX FALLS, SD	US
S2-799789221	Kozhikode Créative Center	29/505, T K COMPLEX, KODUVALLY, KOZHIKODE, കേരളം	India
S2-947566684	East Energy Private (Limited)	401A/11 DHAND ROAD, DHANDROOD, KAITHAL, हरियाणा	India
S2-571818411	Kelley Chiron  LLC	4840 PEBLLE WAY, INDIANPOLIS CITY, IN	US
S2-926083516	Eastern Total Eye Care	704 DUBUQUE DRIVE, MONTGOMERY, AL	US
S2-103826143	Leeway Ltd Services	H.NO 164 , 1ST FLOOR, PASHUPATI NATH NAGAR CHAK GATORE, JAGATPURA, NEAR 6 NO. BUS S, TAND, JAIPUR, Rajasthan	India
S2-86188412	ELSA YBAIUG, DC	90- HIGH TOWER RD, SOUTH WINDSOR, CT	US
S2-155013345	Internal Medicine Center of	2307 TRYON STREET, CHARLOTTE, NC	US
S2-549977364	വിഷൻ വിജയ് ഡെവലപ്പേഴ്സ് പ്രൈവറ്റ് ലിമിറ്റഡ്	OFFICEOFTHE ITSCHOOL PROJECT, SCERTBUILDING, POOJAPURA, THIRUVANANTHAPURARN, THIRUVANANTHAPURAM, TRIVANDRUM, കേരളം	India
S2-549063291	SY LLC SERVICES	VA, FAIRFAX COUNTY, 6250 LITTLE OX ROAD	US
S2-416187494	Hayes-and 5haver LLC	WV, 862 Right Fork Of Jesse Fork Road, SAINT ALBANS	US
S2-381998521	STERLING PAYMENT DYNÁMICS	WATERTOWN, 43 BARNES RD, CT	US
S2-341809335	Gujarat Pvt Ltd [Services]	PLOT - A/3, GREEN PARK, JAGAMOHAN NAGAR, JAGAMARA, BHUBANESWAR, Orissa	India
S2-561336310	राम इंटरनेशनल इंफ्रा प्राइवेट लिमिटेड	HN 399 C/O M/S CREATION BIOTECH GANGANAGAR COLONY, BAREILLY, Uttar Pradesh	India
S2-341681461	Shri acttechnologies.com	NO #313 B, 3RD FLOOR, OKAY PLUS SQUARE, MADHYAM MARG, MANSAROVAR, JAIPUR, राजस्थान	India
S2-522041848	ईस्ट बिजनेस प्राइवेट लिमिटेड	KH NO. 4-393, PROPERTY N NO. B-1304 NEW ASHOK NAGAR, EAST DELHI, DELHI	India
S2-570520710	CENIIFY CONSULTANTS	1443 TENEIGHTH WAY, SACRAMENTO, CA	US
S2-203049275	ZEE-COANSULLSMS	AT/PO:AREIKANA BALICHANDRAPUR, JAJPUR, ଓଡ଼ିଶା	India
S2-379042391	Axis Technologies  Egmore Nungambakkam		India
S2-60391262	Nizamabad Basera Co	Telangana, 5-6-372 , YELLAMMAGUTTA, NIZAMABAD	India
S2-30222483	*** Pune Bio Private	C3 PRATHAMA NAGARIPRASHANT SOCIETY S.NO128/2B/ 12 SUS ROAD PASHAN, PUNE, PASHAN, Maharashtra	India
S2-63303341	ब्राइट नॉर्थ इंजीनियरिंग प्राइवेट लिमिटेड	J-135, NEW DELHI, WEST DELHI, Delhi, S/F, RBI ENCLAVE	India
S2-891604866	GREEN FLÉX	SCOTCH CAP ROAD, WATERFORD, CT	US
S2-898057735	Cunningham Dyanmdx PC	109 SHORE DRIVE, GREENSVILLE COUNTY, VA	US
S2-635513056	A-CURE 2 ALL	OK, 14840  60ST AVENUE E, COLLINSVILLE	US
S2-578220776	Nirbhai Parks Private Límited	105, SAHAJANAND COMPLEX, B/H BHAGWATI CHAMBERS, NR. SWASTIK CROSS ROADS, NAVRANGPURA, Gujarat	India
S2-557938353	Dermatology LLC Physicians Summit	SALEM, IL, 317 CIRCLE DR	US
S2-17155326	கோல்டு லாஜிஸ்டிக்ஸ் பிரைவேட் லிமிடெட்	A-4 G2 VISWAS ENCLAVE, VEERAIH AMMAN KOIL, 2ND STREET, PALLIKARANAI, CHENNAI, CHENNAI, Tamil Nadu	India
S2-181399187	Walters Preparatory Academy  LLC District	731 KIVETT ST, ASHEBORO TOWNSHIP, NC	US
S2-45056334	group services (india) pkr	#102 STRAFT LUXURIA OPP SAURABH GARDEN NR VIJAY CHAR RASTA, AHMEDABAD, Gujarat	India
S2-678565806	Metro Fortune	6020 78TH STREET COURT, LAKWOOD, WA	US
S2-827645708	Pinnacle Mortgage	AUSTIN, TX, 2604 GAMMA WAY	US
S2-858193357	तिरुपति टेक्नोलॉजी प्राइवेट लिमिटेड	1901, DELPHI TOWERS, 19TH FLOOR, RAHEJA GARDEN, THANE, महाराष्ट्र	India
S2-347892797	Jerrie Hoskins American Services	365 MORRIS RD, LACEYS SPRING, AL	US
S2-499412629	Calodova	NO 351, KIADB INDUSTRIAL AREA AUTO NAGAR, KANBARGI, BELGAUM, Karnataka	India
S2-803566061	Merenda & Macaino	12670 CABLE RD, PATASKALA TOWNSHIP, OH	US
S2-580853522	New  Delhi Wrios		India
S2-639006793	FIRST CHURCH PRESBYTERIAN LP	1685. 1071, TYNER, KY	US
S2-68697002	Aman Emart	FLAT-SHREE 1008 PLOT-164, SECTOR 4 KARANJADE PANVEL, PANVEL, महाराष्ट्र	India
S2-556008530	Gujarat Bright Technologies L.L.P.	GMCBL CITY BUS DEPOT SECTOR 52, 53 NEAR RAPID METRO RAIL DEPOT GURUGRAM, GURGAON, Haryana	India
S2-108773954	DEEPKIRAN  CONTRACTING	महाराष्ट्र, P. NO. 12, GUT NO 45, ANAND NAGAR, PADEGAON, AURANGABAD	India
S2-998375670	Sonali Manieament Private Limited	G-1, BEJOD NIWAS, BUILDING NO 03, KALYAN, Maharashtra	India
S2-177245749	Stoddard, Kate Genetics Care	604 CASSATA DRIVE, N/A, BABYLON, NY	US
S2-68895769	REAL PVT CARE LTD		India
S2-14284306	Huzur Cold  LLP	NO ##886 H NO DHV-5/85, DANISH HILLS VIEW COLONY, HUZUR, मध्य प्रदेश	India
S2-82098719	Stout, (Kerrin,-O.D.)	2330 1/2 H AVE, NEW CASTLE, IN	US
S2-7243529	जैन हॉस्पिटैलिटी लिमिटेड	KARNI NAGAR, NEAR KARNI BHAWAN PALACE HOTEL, LALGARH, BIKANER, B-54, Rajasthan, RIDMALSAR PUROHITAN	India
S2-972659839	இண்டோ சர்வீசஸ் லிமிடெட்	NEW NO.1-04, CHENNAI, Tamil Nadu	India
S2-480587457	Marden, Espana and Guevara LLC Services	2505 CALVERTON HEIGHTS AVENUE, BALTIMOER CDP, MD	US
S2-729354038	Hussain, and Carter Gcooolddwin	605 HALL ST, REDGRANITEE CITY, WI	US
S2-685876177	seorstarlingpreferred.com	1410 MIDPARK DR, WI, APPLETON	US
S2-441261340	Glyphyx  Services	627 EAST ST, AL, SULLIGENT	US
S2-490142716	Glad's  Therapy LLC	6201 SHELBY RIDGE ST, WA, SPOKANE	US
S2-782105995	आनंद अल्फा इंडस्ट्रीज लिमिटेड	C/O SUSHIL SURYAWAOSHI NETAJI NAGAR, NASIK, Maharashtra	India
S2-384311198	Kameko's Partners	1261A CORNELL AVENUE, REDLANDS, CA	US
S2-517029923	DMW INC CENTER	37 GEHL LN, VILLAGE OF HILBERT, WI	US
S2-500704398	DRAYEX  BERTO LLC	##19821 WHEELWRIGHT DR, MONTGOMERY VILLAGE, MD	US
S2-446764392	ಇಂಡಿಯನ್ ಲಾಜಿಸ್ಟಿಕ್ಸ್ ಪ್ರೈವೇಟ್ ಲಿಮಿಟೆಡ್	10TH FLOOR, BANGALORE, BANGALORE NORTH, ಕರ್ನಾಟಕ	India
S2-127535738	X+ Globa	SEATTLE, WA, #5218 A DELRIDGE WAY	US
S2-266162080	THE JERE MOHR FLOATING-INC	646 KARA CT, LEBANON, IN	US
S2-112339454	Dionis Nelson First Dévelopment LLC	806 Portage Street, WA, ARLINGTON	US
S2-413765974	Sk Distributors Limited Private	#112/2SITANATH BOSE LANE, SALKIA, HOWRAH, ULUBERIA - I, পশ্চিমবঙ্গ	India
S2-254176279	டைனமிக் குளோபல் பிரைவேட் லிமிடெட்	Tamil Nadu, PERAMBUR PURASAWALKAM, CHENNAI, NO 306 RAJENDRA APARTMENTS	India
S2-324959950	M/s Bhishma Limited Private Mércantile		India
S2-522600903	U1ike Greentech-Pvt (Ltd)	10-1064-Z-29-A, MARKAPUR, PRAKASAM, ఆంధ్రప్రదేశ్	India
S2-910487048	EAST PLANET  lNC		US
S2-692255518	Inc. Peak Lógistics Technologies	6904 RIVER ROAD, WILMINGTON, NC	US
S2-128812104	Onus Hmopiatl	12/356-7, NADAMALIKA ROAD, VEGETABLE MARKET, MANNARKKAD, Kerala	India
S2-100430024	RIVERA  COLONIAL STANDARD LLC	469 CHICAGO AVENUE, CHICAGO, IL	US
S2-603774033	DYNAMICOPTIMALTHIRD.COM	117. SPRING ST, BESSEMER, AL	US
S2-698130332	Yolande Brown		US
S2-41250674	Kate Stoddard Genetics Care Corp	604 CASSATA DRIVE, N/A, NORTH AMITYVILLE, NY	US
S2-192628241	ET Take Private (Limited)	#824 'VRINDAVAN', T.C.17/1072(1), CGRA 33, OPP. NATH MEMORIAL SCHOOL, ROTARY JUNCTI, ON, POOJAPPURA PO, THIRUVANANTHAPURAM, കേരളം	India
S2-714686806	Ramchandra (India) Poultries Private	D -2/125/8 VIBHOOTI KHAND, GOMTI NAGAR, LUCKNOW, उत्तर प्रदेश	India
S2-927776004	Kozhikode Creative Center Corp	29/505, T K COMPLEX, KODUVALLY, KOZHIKODE, കേരളം	India
S2-923887619	PAO VALLEY TOYO LTD	134 1/2 CHOWNINGS DR, PMB 3853, SANFORDD CDP, NC	US
S2-993845394	ग्रेट इंडस्ट्रीज प्राइवेट लिमिटेड	A-81, SUBHASH NAGAR SHOPPING CENTER SHASTRI NAGAR, JAIPUR, Rajasthan	India
S2-360241690	H/X Controls Corporation	FM 2978, MAGNOLIA, TX	US
S2-313090547	R D Docter Open Inc	16063 GLENN VALLEY DRIVE, ATHENS, AL	US
S2-194928827	samartha trading pvt. ltd.	H.NO 7/74A , KOZHIKKAL, KAVUMPURAM, TIRUR, MALAPPURAM, കേരളം	India
S2-681999185	Salazar  Guaranty	LOS ALAMOS, 4650 FAIRAWY DR, NM	US
S2-385699484	SHEETS NMP INC	3815  BANDERA DRIVE, LAREDO, TX	US
S2-16133898	लोटस माय बिल्डर्स	H.NO 560 S-103, FIRST FLOOR PARAM PURI, UTTAM NAGAR, NEW DELHI, WEST DELHI, दिल्ली	India
S2-266228232	IJ Technologies Associates Company	DR. AMBAR PARE NATUROPATHY CENTRE, VILLAGE - DULIYA, HARDA, मध्य प्रदेश	India
S2-267064383	Happy Hypfoiss		US
S2-299843025	Kolkata Private Metal Limited		India
S2-287766930	MODERN  FLAHERTY	3006 MESQUITE DR, SUGAR LAND, TX	US
S2-534120431	Sri babainfotechprivatecom	HN 1-991 B-513, 1ST FOLOR GREEN FIELD COLONY, FARIDABAD, Haryana	India
S2-89726449	American  Chommtite | www.american.com	1701 AUDUBON AVE, ROCHESTER, IN	US
S2-66717834	Stewart International	213 DAHLIA STREET, FAIRFIELD, CA	US
S2-506719007	Foye Piedmont Paceline Llc	8820 LUCAS AND HUNT RD, MO, SAINT LOUIS	US
S2-139518554	Bright Asset  LLC	1911A 377, ACTON, TX	US
S2-901346570	Shiv lnvestment Private Ltd	#113 9/2347, GALI NO. 12, KAILASH NAGAR, Delhi	India
S2-723615427	PROFOUND SECURITY PRHBIVATE (LIMITED)	#15/593 Z 79, 3RD FLOOR DALIYA KPEES AVENUE, UPHILL, MALAPPURAM, MALAPPURAM, Kerala	India
S2-25584843	बाबा प्रोजेक्ट्स प्राइवेट लिमिटेड	A-##44, NOIDA, उत्तर प्रदेश	India
S2-700208138	Shiva Investment Private (Limited)	RHNO-52 PLNO-RH-7 MIDC H, R.H.K.CO-OP.HOS.SOC.LTD, AURANGABAD, Maharashtra	India
S2-429851811	Platinum Health	59 CYNTHIA LN, DENNIS PT., MA	US
S2-677130477	[CORPORATION] GREAT COUNCIL	123 HAMPTON COURT, JACKSONVILLE CITY, NC	US
S2-845817150	rosiles interstate armour	05401 BUS HWY 83, HARLINGEN, TX	US
S2-992822391	ENVlRONMENTAL MINISTRIES	2605 ANKLAM ROD, TUCSON CDP, AZ	US
S2-29655896	Jaxevo	#136-06 87 AVE, RICHMOND HILL, NY	US
S2-243569608	Hadasar Industrial Estate Controls Pvt	HN 837 249, HADASAR INDUSTRIAL ESTATE, महाराष्ट्र	India
S2-129448750	madsen rithm	6987 HIGHWAY 278, AR, OZAN	US
S2-995542235	Wilmington Pediatric Déntistry Federal Care Associates		US
S2-928455140	Wolf Navios	852 COUNTY ROAD 3479A, CLEVELAND, TX	US
S2-372640743	Boinchi Andconsultancy Limited	R/O C/O LAXMAN MANDI, DHARAMPUKURPARA, BHONPUR, BOINCHI, West Bengal	India
S2-413947630	KAMEKO'S KAMEKO'S PARTNERS	1261A CORNELL AVE, REDLANDS, CA	US
S2-138370435	Katerine Wright,-MD, M.D., P.C.	ALEXANDRIA, VA, 116 ORLEANS PL	US
S2-996434069	ORKAUSHAL.COM	#10 SAKTHI NAGAR PORUR, CHENNAI, MADRAS, Tamil Nadu	India
S2-16946283	Loving Orthopedic Ássociates LLC	499. SHEPARD LN, LOVING, TX	US
S2-906102362	Price Pacific-Inc Center	1669 P, TOWN OF EATON, WI	US
S2-688472237	REGIONAL ÁLLIANCE	411 MAIN AVE, HANKINSON, ND	US
S2-214457	CARDIOLOGY HEALTH INC.	14839 ELMTEX DRIVE, HUMBLE, TX	US
S2-550152514	Cabrera  and Fleming Inc.	2656 Jasper Butte Dr, AZ, SAN TAN VALLEY	US
S2-543682548	JJFACT.COM	IL, 15280-A WADSWORTH ROAD, WADSWORTH	US
S2-578039260	Bright Private Limited Cénter	DOOR NO 74 401, TAMBE APARTMENT, DR. ANSARI ROAD, THANE, Maharashtra	India
S2-358627669	ईस्ट एनर्जी प्राइवेट लिमिटेड	401A/11 DHAND ROAD, DHANDROOD, KAITHAL, हरियाणा	India
S2-116552037	SHYAM PRIVATE INDUSTRIES LIMITED		India
S2-263347930	Modern Flaherty	3006 MESUITE DR, TX, SUGAR LAND	US
S2-155706508	Automotive College	1ST FLOOR, CITY PALACE, DURGA BADI, SURAJKUND ROAD, GORAKHPUR, Uttar Pradesh	India
S2-542660325	orthopedic clinic	216 VALLEY, BLOOMFIELD, NM	US
S2-657267929	கிரீன் இன்ஃபோடெக்	ERODE, 396, Tamil Nadu	India
S2-670035601	3520 MAIN ROAD REALTY INC	SIMPSON LANE, SOMERSET, TX	US
S2-470053420	இண்டோ சர்வீசஸ் லிமிடெட்	NO 1-04, CHENNAI, தமிழ்நாடு	India
S2-767396804	Urgent Care Care Partners	3701 TAYLORSVILLE RD, PMB 9662, LOUISVILLE, KY	US
S2-948393114	Carbone and Duncan Japan  LLC	10637 LECLAIRE AVENUE, <NULL>, OAK LAWN, IL	US
S2-659742225	ਕ੍ਰਿਸ਼ਨਾ Foundation Private Limited	NEAR TO GOVT. GIRLS. S. S. SCHOOL, MUDKI, FIROZPUR, Punjab	India
S2-352056365	ब्लैक बिल्डर्स लिमिटेड	C/O- BALESHWAR MAHTO, WARD NO.04, VILL & PO- CHAKSIKANDRA, PS- TAJPUR, SAMASTIPUR, Bihar	India
S2-459491192	mova.com	1315D ADAMS STREET, NASHVILLE, TN	US
S2-937066122	OV Workforce-Limited	12-13-1274, C 204 TARNAKA, HYDERABAD, Telangana	India
S2-701722510	Star Traders Pgoviane Limited	C-C-21 BASEMENT, RIGHT SIDE PANCHSHEEL VIHAR, MALVIYA NAGAR, NEW DELHI, दिल्ली	India
S2-871006347	Gulf Highland PC Center Center	DIXIE RD, MAUCKPORT, IN	US
S2-523219173	MS [Consultancy]	SHYMALA APPTS 1-1ST FLOOR FLAT NO. 4 OPP RATNA HOSPITAL SB ROAD IN HAVELI, PUNE, Maharashtra	India
S2-246278093	ಬಾಬಾ ಲಾಜಿಸ್ಟಿಕ್ಸ್ ಪ್ರೈವೇಟ್ ಲಿಮಿಟೆಡ್	BANGALORE, 284., 2ND STAGE, 5TH MAIN ROAD KODIGEHALLI, B T PURA, BENGALURU, Karnataka	India
S2-651471068	Mendez's Excavation	914 CHARLOTTE DR, ANOKA, MN	US
S2-957326853	Halsey & Coxon Inc.	401 215-N SPRING STREET, SPRINGFIELD, IL	US
S2-852287053	Shivam Agro Private Limited	16-1-278/ RT SAIDABAD COLONY, HYDERABAD, Telangana	India
S2-783013711	Nakshatra Services	DOOR NO 758 RAJ MAHAL VEER NARIMAN ROADCHURCH GAE, MUMBAI, Maharashtra	India
S2-326291497	Desert Society Inc	#4038 TALMADGE RD, TOLEDO, OH	US
S2-323826434	OLN ANCHOR GREEN LLC	121 Red Tank Rd, SOUTH MIDDLETON TOWNSHIP, PA	US
S2-341237670	btechnology.com	B-A-303, PUNE, HADAPSAR, Maharashtra	India
S2-581353593	പെർഫെക്റ്റ് ഐടി പ്രൈവറ്റ് ലിമിറ്റഡ്	DOOR NO. 52/3028 D, 3RD FLOOR, SYAMA DYNAMIC, VYTILA JUNCTION, COCHIN, ERNAKULAM, Kerala	India
S2-758514985	COUCH AND BALL [MCKINLEY]	6959 ALCALA, GRAND PRAIRIE, TX	US
S2-175451280	CHIROPRACTIC CARE ASSOCIATES PARTNERS	2405 MORNING GLORY COUET, CROWN POINT, IN	US
S2-73174218	ORTHOPEDIC-PRIME PARTNERS CORP	2608 OCCIDENTAL DRIVE, VIENA, VA	US
S2-753762156	Unified Holdings Inc. Services	503 LAKESIDE WAY, MATTAWA, WA	US
S2-507928046	श्याम इंडस्ट्रीज प्राइवेट लिमिटेड	PLOT NO. ##35 KH.NO. 76/15 GROUND FLOOR, BUDH VIHAR POOTH KALAN, NEW DELHI, दिल्ली	India
S2-342193382	vision vijay developers private limited	Kerala, OFFICEOFTHE ITSCHOOL PROJECT, SCERTBUILDING, POOJAPURA, THIRUVANANTHAPURARN, THIRUVANANTHAPURAM	India
S2-338548562	Cardenas Preferred Preferred	303 VILLAGE STREET, MEDWAY, MA	US
S2-560297108	FLACK, JENNA LLC SERVICE	JUDY STREET, PURCELL, OK	US
S2-611591405	Vasai Caravan Private Ltd	SALAMI MAJETHIA PARK, FLAT NO 28, ACHOLE RD, TULINI, VASAI, महाराष्ट्र	India
S2-649855857	PATRIOT COLLEGE	NORALK, 105. HILL STREET, WI	US
S2-208687734	familycenter.com	1003 Crystal Ln, TOWN OF BELOIT, WI	US
S2-945432163	Dynamic Gulf	TX, ROBSTOWN, 147 AVENUE EAST	US
S2-237665978	BUREAU OF BUILDINGS CO	#3063 MAIN STREET, N/A, CUSTER, WA	US
S2-295352430	Services Vrisa Ltd	VIJAYAWADA (URBAN), Andhra Pradesh, 49-4-12/122, KRISHNA, AADARSH COLONY	India
S2-322652141	Ridge C1ear Navios LP	18 1/2 MONROE STREET, PELHAM MANOR, NY	US
S2-385186768	LLC Atlantic Wiseless Associates,	313 DARVANY DRIVE, DALLAS, TX	US
S2-294230220	Premier Tax Llc	201-205 CURIEL STREET, ELOY, AZ	US
S2-464313901	ASHISH PENS  PARTNERS		India
S2-176886347	sheryecravenkrakacquisition.com	2080 MISSOURI LOOP, MANDAN CDP, ND	US
S2-991872384	United-Boards	801 SWAPNAPURTI, JEEVANSHEELA CHS LTD, JOGGERS PARK, GOVERNMENT COLONY, MUMBAI, Maharashtra	India
S2-902563567	SMITH  ENDOCRINOLOGY	301 NEVAA AVENUE, MOUNTAIN HOME, AR	US
S2-411899306	Lyndy January Square Vanguard [Co]	09224 EDWARDS WAY, HYATTSVILLE, MD	US
S2-149560624	Wingate's Tire Shop Llc	8106 MAPLEGATE PLACE, GLENN DALE, MD	US
S2-800883240	Classical  Wellness Private Ltd	PLOT 7 C-4/33, KH NO.-626, GALI NO.-4 SUDAMAPURI EXTN., DELHI, Delhi	India
S2-266974590	Rosi1es Interstate	05401 BUS HWY 83, HARLINGEN, TX	US
S2-83773608	DAVIS & ADAMS		US
S2-602041414	RELAY SEFOVGTICES  LIMITED	NO: 1666, 2ND FLOOR, I BLOCK, 6TH AVENUE, ANNA NAGAR, CHENNAI, Tamil Nadu	India
S2-558077439	Metro  LLC Fortune	6020 78TH STREET COURT, LAKWOOD, WA	US
S2-308414233	बालाजी प्रोड्यूसर एलएलपी	F-43, GURGAON, GREEN WOOD CITY SECTOR - 46, Delhi	India
S2-707535431	Gore Oneim	OK, ##1704 GLACIER LANE, EDMOND CDDP	US
S2-416983287	ਕ੍ਰਿਸ਼ਨਾ ਫਾਊਂਡੇਸ਼ਨ ਪ੍ਰਾਈਵੇਟ ਲਿਮਟਿਡ	NEAR TO GOVT. GIRLS. S. S. SCHOOL, MUDKI, FIROZPUR, ਪੰਜਾਬ	India
S2-761854455	सुपर एंटरप्राइजेज प्राइवेट लिमिटेड	DOOR NO A-6 & 7, BHOPAL, HUZUR, Madhya Pradesh	India
S2-450976275	Wolf-Navis	852 COUNTY ROAD 3479A, CLEVELAND, TX	US
S2-683479030	Parrow, Ríngo & Reinbold Alphabet L.L.C.	271 LITTLE JOHN LOOP, ALEXANDER CITY, AL	US
S2-165195094	Garner and Pálacios Vernal-Fargo Vernal-Fargo	137 E PRAIRIEWOOD DRIVE, FARGO, ND	US
S2-782985232	Innovative Networks LLC Services	874-876 40TH AVE, WINONA, MN	US
S2-294657214	Davis & Adams Corporation	2734-2738 WALLCREST BLVD, COLUMBUS, OH	US
S2-55629491	ग्रेट मैनेजमेंट प्राइवेट लिमिटेड	Delhi, #B3/101 A HARI NAGARASHRAM CHOWK, SOUTH DELHI	India
S2-816287816	THOMPSON & IGNHCAIO AUTO REPAIR INC	TN, 1685B DOWELL SPRINGS BLVD, KNOXVILEL	US
S2-99440101	Choice  Research	10925 61ST STREMT, <NULL>, DOUGLAS COUNTY, NE	US
S2-118281119	urgentcaregroup.com	10741 PLAHM CT, WORTH, IL	US
S2-631128683	GULF TRUSTED HIGHLAND PC	556 DIXIE RD, MAUCKPORT, IN	US
S2-663154228	Garner And Palacios Vernal-Fargo	137 E PRAIRIEWOOD DR, FARGO, ND	US
S2-421617290	Signature  [Stores]	1011 GALLAGHER AVE, CITY OF GREEN BAY, WI	US
S2-324408247	Casper Companies	349-351 BRIAR BRAE RD, PMB 4825, STAMFORD, CT	US
S2-951619538	POLEBRIDGE REGIONAL CHURCH LLC	MT, POLEBRIDGE, 135-B RAINBOW DRIVE	US
S2-821965339	Daugherty Charter School Co	8411 ADA STREET, PO BOX 3427, CHICAGO, IL	US
S2-263459608	Mountain Center	158 IRENE CIRCLE, GREENBRIER, AR	US
S2-824581113	W0mens Health First Clinic	3508 38st Street, LUBBOCK, TX	US
S2-811681796	Transcontinental Trading Solutions L.L.C.	09 OLD STONEHOUSE ROAD, CARLISLE, PA	US
S2-353240274	Namami Sales Private Limited (Cénter)		India
S2-55167449	Paras Energy	C/O P.MANIKANTHA, PO-CHARAMULA, TELENGASHI, NABARANGPUR, Odisha	India
S2-20353082	Neelam Service Public Ltd	HN 890 C/O RAJASHRI RAVINDRA, PATIL AT POST NEW PARGAON, SHIROL, Maharashtra	India
S2-270545194	-- schendelcommercial.com	1312 ELMWOOD AVENUE, SIOUX FALLS, SD	US
S2-809440879	Damani + Sons	NO 692 1697, HSIIDC RAI SECTOR-38, SONEPAT, Haryana	India
S2-489503639	Signature St0res	GALLAGHER AVENUE, CITY OF GREEN BAY, WI	US
S2-407142982	Colon and Smith	OH, 5924 PINE HILL DR, PIKE TWP	US
S2-597151247	Healthy &	MEDREICH HOUSE, 12/8, SARASWATHI AMMAL STREET, MARUTHI SEVANAGAR, BANGALORE, Karnataka	India
S2-218216780	Guru Constructions Private  Ltd	715 05-055/49/C/NR, RAMIREDDY NAGAR-W4, JEEDIMETLA VILLAGE, QUTHBULLAHPUR MANDAL, TIRUMALAGIRI, తెలంగాణ	India
S2-161044655	Ace Defense Laboratories  LP	86TH AVENUE, OLYMPIA, WA	US
S2-899278563	Mount Synagogue	11491. Reagan Dr, FISHERS, IN	US
S2-611954746	happyhypnosis.com	2763 G STREET, SAN BERNARDINO, CA	US
S2-221261772	स्काई ट्रेडिंग प्राइवेट लिमिटेड	S 29/1/4/5 CHAITANYA CLASS IC FL 22 DHANKAWADI, PUNE, Maharashtra	India
S2-113612854	Coastal Security Services LLC	00908 WOODTICK RD, N/A, WATERBURY, CT	US
S2-472755101	Apex Consumer  Advisors	1416 WILDWOOD DRIVE, NASHVILEL, AR	US
S2-379717989	The Atlantic Wíreless Works PC	12D Battles Farm Drive, BROCKTON, MA	US
S2-924411702	EYN LLC LLC Services	NC, 411 SCHOLASTIC DR, WINSTON-SALEM	US
S2-805667126	Innovative Wireless Innovations (Inc)	13560 MASON DRIVE, TELL CITY, IN	US
S2-573295193	Smt dojewels.com	11, 11TH FLOOR, METER CABIN 4, SURESHWARI ENT CTS 1599, EKSAR VILLAGE, LINK ROAD, BORI, VALI WEST, BOMBAY, BANDRA SUBURBAN, Maharashtra	India
S2-375376712	Preferred Rbsegnch (LLC)	1131 HIDDEN RIDGE, IRVING, TX	US
S2-558493943	Emakulam Agro	XXVII/1610ANEAR SHIPYARD COCHIN, IDUKKI, ERNAKULAM, Kerala	India
S2-96380165	Little & Cornelio (Inc) | www.littlec.com	533  32ND STREET, TULSA, OK	US
S2-355611889	DEPARTMENT OF FSNCACE		US
S2-151154674	Charles Inc 8rown,	##2501 LOLOA DRIVE, KINGSVILLE, MD	US
S2-269270866	Wilmington Peaieric Dentistry Federal  Care Associates	27-29 MEADOW VIEW ROAD, WILMINGTON, VT	US
S2-474618399	Clyora Mitsubishi L.L.C.	WEST JEFFERSON, NC, FAIRWAY RIDGE DRIVE, <NULL>	US
S2-550815679	Cedar Park, County 0f Inc.	CEDAR PARK, TX, 404- TRUMPET VINE TRL	US
S2-381866269	கிரீன் இன்ஃபோடெக்	396, MUTHAMPALAYAM HOUSING UNIT PHASE 2 KASIPALAYAM POST, ERODE, தமிழ்நாடு	India
S2-297138767	Desert Fund	745 MERROW ROAD, COVENTRY, CT	US
S2-252343086	GEORGE-INNOVATIVE INC	2572 DUCK CREEK ROAD, CINCINNATI, OH	US
S2-433510868	Emblem & Sons Private	PLOT 00431 SITE TWO KM, STONE TAKHT GUSSAIN, SAMBHAL, उत्तर प्रदेश	India
S2-659528679	ERNAKULAM AGRO PRIVATE (LIMITED)	XXVII/1610ANEAR SHIPYARD COCHIN, ERNAKULAM, Kerala	India
S2-692166622	डायनामिक प्रोड्यूसर प्राइवेट लिमिटेड	DOOR NO 10 GROUND FLOOR GAUTAM NAGAR, DELHI, SOUTH DELHI, Delhi	India
S2-214030604	ओम कंसल्टेंसी प्रा. लि.	G FLOOR, NEW DELHI, Delhi	India
S2-322189829	Katharine's Green	1 ALPENA AVENUE, PMB 7206, WOBURN, MA	US
S2-474277467	Urgent Care Group Incorporated	0010483 PLAHM CT, WORTH CITY, IL	US
S2-645398529	... BIM Sólutions Private Limited	NO 395 D-532, RAJAJIPURAM, LUCKNOW, उत्तर प्रदेश	India
S2-846221461	Morissa's  Gulf Couriers	2970 MILITARY AVENUE, BAXTER SPRINGS, KS	US
S2-555662185	southerninfinite.com	47144 RIDGE TRAIL, BUXXTON, NC	US
S2-72944782	Midwest Astaets, Astaets, Inc	18222 STOCKTON SPRINGS DRIVE, SPRING, TX	US
S2-555289774	safedeltacom	7143 176, DRAKESBBORO TOWNSHIP, KY	US
S2-16981350	Incorporated Nesta's Graphics	424 QUEEN ST, PORTSMOUTH, VA	US
S2-714573734	PIONEER POWER	D 149/7 INUDSTRIAL AREAPHASE VII MOHALI ROPAR, PUNJAB, Punjab	India
S2-282971472	Dynamic Rapid Cbure L.L.C.	05013 FARMFIELD ROAD, NEWMAN  LAKE, WA	US
S2-592392731	ग्लोबल क्रिएटिव एनर्जी प्राइवेट लिमिटेड	NEAR JAMA MASZID, PATNA CITY, null, Bihar	India
S2-892615832	LOUDOUN COUNTY CULTURAL COALITION, LLC	0044023 VAIRA TER, N/A, CHANTILLY, VA	US
S2-41724764	Akshar Private Limited Service	Delhi, 124 FIRST FLOOR, VARDHMAN MAYUR MARKET, CSC, MAYUR VIHAR III, KONDLI, GHAROLI	India
S2-523231282	Regional  Alliance	411 MAIN AVENUE, HANKINSON, ND	US
S2-932736009	dynamic optimal third inc	117. SPRING STREET, BESSEMER, AL	US
S2-528951494	Great Council	123 HAMPTON CT, JACKSONVILLE CITY, NC	US
S2-380515765	ఎస్‌ఎస్ ఎస్టేట్ ప్రైవేట్ లిమిటెడ్	PLOT NO #1, SY.NO 87 PART, MAALAXMI RESIDENCY, BEHIND CHANDRA REDDY GARDENS, KOMPALLY, HYDERABAD, తెలంగాణ	India
S2-107128827	Little lnstitute	Maharashtra, #272/1 SATHE COLONY, MULSHI, PUNE, BHOIRWADI, PUNE	India
S2-533434822	Lakshmi Foods Private [Ltd]	HOUSE NO. 45, C-2, BLOCK-WZ, LANDMARK NA RATAN PARK, NEW DELHI, दिल्ली	India
S2-300850363	Pacific Center LP	3253 152ND STREET, N/A, SEATAC, WA	US
S2-398951970	SREEINVESTMENTSCOM	BLOCK C-496 3/54/C4, PATTAVAYAL, PATTAVAYAL POST, MOONNAD 1, PANDALUR, GUDALUR, Tamil Nadu	India
S2-906336676	Diamond Wteamlth Technologies	24 ADAMS AVENUE, EVERETT, MA	US
S2-113222660	H/X Cóntrols	28103-28105 FM 2978, TX, MAGNOLIA	US
S2-404217891	LLC @ Home 1 Ú	416 SPICKARD COURT, NASHVILLE, TN	US
S2-507469730	Dr BABA PROJECTS-PRIVATE LTD	A-##44, G-2, VDS BUSINESS CENTER, SECTOR-2, NOIDA, NOIDA, Uttar Pradesh	India
S2-556639373	Jones's Tire Shop Corporation	4319 OAKLEAF DR, PMB 7585, TOPEKA, KS	US
S2-80900576	>> Vision Care	2402 PHYLLIS DRIVE, COPPERAS COVE, TX	US
S2-421580148	Vanet Rt LLC	3291 HILLREST PL, ADAMSVILLE, AL	US
S2-627603932	Stag	GIG HARBOR, WA, PO BOX 8239, 3025 FOURTEENTH AVE	US
S2-166650287	Pao Holding Company Partners Inc.	NC, CHALOTTE CITY, #400 TRYON ST	US
S2-147810772	ஸ்ரீ இன்வெஸ்ட்மெண்ட்ஸ் பிரைவேட் லிமிடெட்	BLOCK C-496 3/54/C4, PATTAVAYAL, PATTAVAYAL POST, MOONNAD 1, PANDALUR, GUDALUR, NILGIRIS, Tamil Nadu	India
S2-993999953	servicesorionfuels.com	1026. , SECTOR-15 PART -II, GURUGRAM, Haryana	India
S2-19166407	Green Ihfntech	396, MUTHAMPALAYAM HOUSING UNIT PHASE 2 KASIPALAYAM POST, ERODE, தமிழ்நாடு	India
S2-723676649	American Committee LLC	1701 AUDUOBN AVENUE, ROCHESTER, IN	US
S2-98743639	Gulf Trusted Highland (PC) (PC)	556 DIXIE RD, MAUCKPORT, IN	US
S2-645506556	Janet Knauer Ramaco PC	1785- CENTRAL AVENUE, PO BOX 6451, COLONIE, NY	US
S2-928628540	DELTACAPITAL.COM	CLARKSVILLE, TN, TARA BLVD	US
S2-773910477	OE Rexford,	540 DARLINGTON TRAIL, PO BOX 3252, FORT WORTH, TX	US
S2-52698147	CONTINENTAL TRANDG L.L.C.	NC, ALEXIS, 2001 LITTLE MOUNTAIN ROAD, NULL	US
S2-64754013	Held, Franze & Reynolds	771-775 HARVEST POINTE DR, FT MILL, SC	US
S2-327933119	Sri RED MEDIA PRIVATE	JUTIKA APARTMENT, TWO-FR, FL-002D, 11/1 SUNNY PARK, KOLKATA, KOLKATA, পশ্চিমবঙ্গ	India
S2-159163540	Balrampur Tel Pvt. Ltd.	PLOT 4 MEWALAL TLAB BALRAMPUR, BALRAMPUR, Uttar Pradesh	India
S2-666262535	Morris & Sotfo (Inc)		US
S2-480179227	Sri MY ZIPS PRIVATE  LIMITED	9 FLOOR 3 PLOT 78/80 ABBAS MANZIL, SARANG STREET, CROWFORD MARKET, MANDVI, MUMBAI, Maharashtra	India
S2-3022399	WILLIAMS DRAGON ÓF JACKSONVILLE	201 HARTFORD LANE, JACKSONVILLE, NC	US
S2-380910627	Schendel Commercial Llc	1312 ELMWOOD AVE, SIOUX FALLS, SD	US
S2-173565278	FEDERAL INC CENTER	3358 COLORADO BLCE COURT, GASTONIA, NC	US
S2-595342995	Vearostt	DRAPER, 15218 Eagle Chase Dr, UT	US
S2-706823551	Estele's  Ceoncugotants	853 TRENTON PL, ORO VALLEY, AZ	US
S2-638551481	Ntiamcma Co	1932 AVE P, PMB 1036, SCOTTSBLUFF, NE	US
S2-614647177	Ear Nose + Inc Physicians Throat	5 LAMBIANCE CT, CLARKSTOWN, NY	US
S2-327638009	Vargas Tdotol Printing	MA, CARVER, 5. SILVA STREET	US
S2-424790114	সিলভার ট্রেডিং প্রাইভেট লিমিটেড	NO 3 RD-FR;FL-F, 17K/18 DAKSHINDARI ROAD, PATIPUKUR, NORTH 24 PARGANAS, পশ্চিমবঙ্গ	India
S2-620586860	QUIROZ RELIABLE ALCHEMY INCORPORATED	116 PAPINEAU ST, PAPINEAU, IL	US
S2-328699107	khichripurbay.com	8/439-440 II FLOOR, KHICHRIPUR, Delhi	India
S2-138949112	Best Interstate  Duke	659 DECLAN AVENUE, GALEN CITY, OH	US
S2-531214987	SPAM (INDIA) PRIVATE LIMITED LIMITED [SERVICE]	FL NO 101 PT NO 143A, SRISAI PRIYA HEIGHTS, GHATKESAR, Telangana	India
S2-575486601	CAREAPEXURGENT.COM	6153A ST RTE 45, BRISTOL TWP, OH	US
S2-762174042	FUNIDEA &  ASSOCIATES	H.NO A-260 B-73, OLD PLOT NO-73, GROUND FLOOR, B-BLOCK, GANESH NAGAR, PANDAV NAGAR COMPLEX, दिल्ली	India
S2-21279686	FIRST PRESBYTERIAN CHURCH LP	1685. 1071, TYNER, KY	US
S2-426184057	hyderabadsolutions.com	DOOR NO 1-41 , FLAT NO.301 SB RESIDENCY, SNEHAPURI COLONY, MOTINAGA, R, HYDERABAD, తెలంగాణ	India
S2-238008469	Gujarat  Bright Technologies L.L.P.	GMCBL CITY BUS DEPOT SECTOR 52, 53 NEAR RAPID METRO RAIL DEPOT GURUGRAM, GURGAON, Haryana	India
S2-16728045	SHANDEE (POWERS)	13-17 MEADOW AVE, WEEKAPAUG, RI	US
S2-26964627	ಅರ್ಬನ್ ಪ್ರಾಜೆಕ್ಟ್ಸ್ ಪ್ರೈವೇಟ್ ಲಿಮಿಟೆಡ್	1143, INDIAN OVERSEAS BANK BUILDING BEML LAYOUT, 3RD STAGE, RAJARAJESHWARI N, AGAR, BANGALORE, Karnataka	India
S2-126253528	Midwest Assets,	18222 STOKCTON SPRINGS DR, SPRING, TX	US
S2-420618414	Punjab Welfare Pvt Ltd.	GILL ROADMILLERGANG LUDHIANA, PUNJAB, Punjab	India
S2-198726559	Hagaman Economic Trust Development	30 Hagaman Avenue, HAGAMAN, NY	US
S2-991556619	MOUNTAIN CENTER  LLC	158 IRENE CIR, PO BOX 861, GREENBRIER, AR	US
S2-350108285	Mountain Center L.L.C.	158 IRENE CIR, PMB 7333, GREENBRIER, AR	US
S2-632893501	RIDGE FELLOWSHIP	MT, LAUREL, Thirteenth Street	US
S2-853143460	WF All Greenfire (Inc)	157 JOHN HENRY CIRCLE, FOLSOM, CA	US
S2-978223757	बॉम्बे मीडिया	NO 2 & 3, ZAVER ARCADE, SEWARAM LALWANI ROAD, MULUND (WEST), null, Maharashtra	India
S2-866666404	Clark, Hénsley & Patt0n LLC	MN, KASOTA, 440  Webster St	US
S2-639722053	FOOT-& ANKLE PHYSICIANS	4765A OAKWOOD ST, RAINBOW LAKE, AZ	US
S2-285408575	Carbone  and Duncan Japan LLC	10637 LECLAIRE AVENUE, <NULL>, OAK LAWN, IL	US
S2-956031611	TRUST MEMORIAL JAI	SHRUTI ENCLAVE, PUNE, Maharashtra	India
S2-359760566	Foods Stepin Services Private Limited	H.NO #32 , SY. NO. 12, NAVODAYA CO-OPERATIVE HOUSING SOCIETY, ROAD NO. 14, BANJARA HILLS, KHAIRATABAD, తెలంగాణ	India
S2-304931356	Bernadette Ph.D. Pace,	NY, 4225 REGENTS PARK, HAMBUURG	US
S2-634397579	Dr Safalya Clothing Private Ltd	##23, IIND FLOOR PARMANAND COLONY, Delhi	India
S2-564563930	VICTORIA'S PIZZA  CORP	##6 SOMERSET PLACE, COLLINSVILLE, IL	US
S2-723378870	Pediatric Phseinnis LLC	4075 CORTINA RD, LYSANDER, NY	US
S2-156774326	newdelhiworks.com	Delhi, H.NO 4TH/3 FLOOR 150-A, SANT NAGAR, NEW DELHI	India
S2-764788795	BURKETT CENTER	10611 POMMEL LANE, RICHMOND, TX	US
S2-286104507	Dew and Mendoza  Pro L.L.C.	221 VIE STREET, EVERETT, MA	US
S2-143319257	Shyam-Krishna Hospitality		India
S2-849519692	Indo Sérvices Limited	NEW NO.1-04 , SENGAZHANI AMMAN KOIL STREET PUZHUTHIVAKKAM, CHENNAI, Tamil Nadu	India
S2-102883737	Basalt Compania Inc	#8935 SR 26, MARIETTA, OH	US
S2-834528245	LEEWAY  TRADERS LTD	PLOT NO. 164, 1ST FLOOR, PASHUPATI NATH NAGAR CHAK GATORE, JAGATPURA, NEAR 6 NO. BUS S, TAND, JAIPUR, Rajasthan	India
S2-403143999	Sheets Nmp	3815  BANDERA DR, LAREDO, TX	US
S2-604099225	Sarasva Índia	DOOR NO 9/1/3. KASUNDIA 2ND BYE LANE LP-224/24/1, SANTRAGACHI, HOWRAH, পশ্চিমবঙ্গ	India
S2-286562030	Ravitech Task Private Private	F NO-D/301, DHANALAKSHMI RESIDENCY, VISAKHAPATNAM, VISAKHAPATNAM, Andhra Pradesh	India
S2-662165622	Stout, Kerrin, (O.D.)	H AVE, NEW CASTLE, IN	US
S2-720103438	Ganganth Energy Private Ltd	H. NO. 4, SECOND FLOOR ROAD NO. 12, EAST PUNJABI BAGH, DELHI, दिल्ली	India
S2-683348637	Madsen Rithm Ltd	6987 HIGHWAY 278, OZAN, AR	US
S2-194358353	Profound Security Private	15/593 Z 79, 3RD FLOOR DALIYA KPEES AVENUE, UPHILL, MALAPPURAM, MALAPPURAM, കേരളം	India
S2-866608855	Ornelas Clear Bain  Co	2840 ANDROS ST, COSTA MESA, CA	US
S2-949112680	Castro and Mcqueen	TX, ROCCKWALL CITY, 115 Rutherford Drive	US
S2-527669389	ਕ੍ਰਿਸ਼ਨਾ ਫਾਊਂਡੇਸ਼ਨ ਪ੍ਰਾਈਵੇਟ ਲਿਮਟਿਡ	NEAR TO GOVT. GIRLS. S. S. SCHOOL, MUDKI, FIROZPUR, Punjab	India
S2-347585236	Cabrera and Fleming	2656 Jasper Butte Drive, SAN TAN VALLEY, AZ	US
S2-267606495	REINHART COLONIAL	825 SUMPTER SAINT, MEXIA TOWNSHIP, TX	US
S2-435986753	SUPERIOR PBRPREY TECHNOLOGIES INC	BLUEFISH LANE, PALACIOS, TX	US
S2-768210231	Trip Welfare  Society	1/254, BARABAN KHURD THANA KAKORI, Uttar Pradesh	India
S2-475868288	बालाजी प्रोड्यूसर एलएलपी	F-43, GREEN WOOD CITY SECTOR - 46, GURGAON, दिल्ली	India
S2-968260239	JANET KNAUER  RAMACO PC	1785- Central Ave, NY, COLONIE	US
S2-275196649	Ndse Ii Constructions Constructions	D-10, THIRD FLOOR, NDSE II, Delhi	India
S2-103287286	PC Health Bay Coalition	935 GARDNER RD, WYTHE COUNTY, VA	US
S2-910984788	Pediatric Specialists	3780-A ROCKY RIVER RD, CHARLOTTE, NC	US
S2-564208722	APEX (ROBOTICS)		US
S2-809344807	Punjab Wlfaer Pvt Ltd	GILL ROADMILLERGANG LUDHIANA, PUNJAB, Punjab	India
S2-373833111	Soleus  Xrp	CHARTER ELM DR, HOCKLEY, TX	US
S2-828866160	LUXORA (INDIA) FEEDS PRIVATE LIMITED	THE SPIRE OFFICE NO. 409, B, 150 FT RING ROAD, RAJKOT, ગુજરાત	India
S2-733268755	KPM HAWK PRIVATE LIMITED	1-1-89, SIDDARTH NAGAR REC POST, WARANGAL, Telangana	India
S2-990023929	SUPER PRIVATE LIMITED CENTER	PLOT 806 C-565 & C-565 B, OLD N-10, G/F SHOP, KH NO. 116/10/1, MAHAVIR ENCLAVE PART-3, UTTAMNAGAR, Delhi	India
S2-967877539	Simmons, Jbsgac, Esq.	031285 30, LE RAY, NY	US
S2-51791549	Ramchandra (India) Poultries Private	D -2/125/8 VIBHOOTI KHAND, GOMTI NAGAR, LUCKNOW, उत्तर प्रदेश	India
S2-220968322	PUNE LIMITED SERVICES	BLOCK F-507 165, E SAMDURA, HOSHATTI, BHARAMASAGARA, CHITRADURGA, NULL, Karnataka	India
S2-915218425	Newsome  Focus	#3040 MILLERS WAY, SEVIEVILLE, TN	US
S2-826390904	High Shki Healthcare Private Limited	HOUSE NO. 349 GROUND FLOOR, BLOCK-C, SEC-1 LANDMARK NEAR DURGA MATA MANDIR, AVANTIK, A, ROHINI, दिल्ली	India
S2-635762835	FOOT &  ANKLE PAHYSIBINAS PC	4765A OAKWOOD STREET, LAKESIDE, AZ	US
S2-529886358	RED BIKE	MORRIS ST, ALBANY, NY	US
S2-160449396	gulftrustedhighlandcom	556 DIXIE ROAD, MAUCKPORT, IN	US
S2-714250256	M/s Kpm Hawk Private Ltd	1-1-89, SIDDARTH NAGAR REC POST, WARANGAL, Telangana	India
S2-449016034	Esther Dmgod Apple [Group]	N76W24766 RIDGEFIELD DRIVE, SUSSEX, WI	US
S2-718429204	Atlantic Wíreless Associates, LLC	313 DARVANY DR, DALLAS, TX	US
S2-933046511	PEDIATRIC MEDICINE L.L.C.	110-112 WILD BASIN ROAD, AUSTIN, TX	US
S2-481651619	PUBLIC ASTRON OPPORTUNITIES LIMITED	#G-3566, BANGALORE, Karnataka	India
S2-14372278	Mr Namami (India) Sales Private	FTNO.G-07 TOWER-2, PRANEETH PRANAV FLORA, TIRUMALAGIRI, Andhra Pradesh	India
S2-198524157	Scholarship Council	0010436 NC41, FAIRMONT, NC	US
S2-137719503	विजन कंसल्टेंसी प्राइवेट लिमिटेड	FLAT NO-A-007 SHIVPRERNA, APT NR ABHINAV SCHOOL, KALYAN, THANE, Maharashtra	India
S2-575119560	Relay Limited Service	NO: 1666, 2ND FLOOR, I BLOCK, 6TH AVENUE, ANNA NAGAR, CHENNAI, Tamil Nadu	India
S2-197938858	... north coca llc	9971 WOODLAND CT, TERRE HAUTE, IN	US
S2-390684115	Georgianne Brúmfield Supreme Iii, Inc	3623 NAGAWICKA SHORES DRIVE, CITY OF DELAFIELD, WI	US
S2-414646663	Webb, Thayer & Benavidez	4448 INDIAN VALLEY CIRCLE, TX, PORT ARTHUR	US
S2-949859378	NONAEX  LLC	4131 COBBLESTONE LN, CITY OF JANESVILLE, WI	US
S2-563843442	INC EAR NÓSE & THROAT PHYSICIANS	5 LAMBIANCE COURT, CLARKSTOWN, NY	US
S2-973977753	Rev It Up Pizza!	272D ROBBINS DRIVE, GREENWOOD, IN	US
S2-804332641	Ear Nose  + Throat Heritage Partners	156 FLAT SHOALS AVE, ATL, GA	US
S2-784973653	N R Alexander Industries	59 SOMERSET DR, WINDSOR, CT	US
S2-990679372	DELTA MÁDISON	GOODYEAR, 15455. LOWER BUCKEYE PKWY, AZ	US
S2-186464168	Service Clean LLC	3120 XYLER STREET, TULSA, OK	US
S2-748263023	Mountain Clear		US
S2-450472609	Wolf  Navios	852 COUNTY ROAD 3479A, CLEVELAND, TX	US
S2-529266054	SYNDER BIG, ÍNC	OK, ##454 Summerside Lane, VINITA	US
S2-816704772	Richards0n Elite Krakacquisition LLC	139  CONCORD ST, ASHLAND, MA	US
S2-641754569	Ectociraarc	01605 RIVER RD, LAVAA, AR	US
S2-227910001	Parr0w, Ringo & Rndnmboild Alphabet L.L.C.	LITTLE JOHN LOOP, ALEXANDER CITY, AL	US
S2-423723567	DESERT FÚND		US
S2-228604205	सुप्रीम फूड्स प्राइवेट लिमिटेड	F NO. 28 TF/B, NAGPUR REGION, NAGPUR, Maharashtra	India
S2-904860392	Holy  Zion	54 DYKES PARK RD, CLARKSTOWN, NY	US
S2-250976917	WALKER BETTER BNB	236 STREET, ROSEDALE, NY	US
S2-517507881	Mr SHAGUN-LAB		India
S2-813865575	pacificcenter.com	152ND STREET, N/A, SEATAC, WA	US
S2-6345500	Georgianne  Brumfield Supreme Iii,	3623 Nagawicka Shores Dr, HARTLAND, WI	US
S2-427100831	Clyora Mitsubishi	001236 FAIRWAY RIDGE DR, <NULL>, WEST JEFFERSON, NC	US
S2-7566950	Sri Lambodar  Softwares	B-702, SHREEJI ARCADE B/H BHULKABHAVAN SCHOOL, ANAND MAHAL ROA, D, ADAJAN, SURAT, Gujarat	India
S2-367638246	Regional Alliance Inc	411 MAIN AVE, PMB 8014, HANKINSON, ND	US
S2-87498652	ब्लू मीडिया प्रा. लि.	H-19/157, SECTOR-7 ROHINI, NEW DELHI, दिल्ली	India
S2-592977215	#shivtraders	35/387, SAAF SQUARE, POOVATHIL BUILDING, FIRST FLOOR, NEAR CHILTON TOWERS, KOONAMTHAI, N/A, Kerala	India
S2-904896126	POLEBRIDGE REGIONAL REGIONAL CHURCH LLC	135-B RAINBOW DR, POLEBRIDGE, MT	US
S2-916349822	@westernvalue	306 LOCUST STREET, PALMYRA, IL	US
S2-24644197	ANIMAL WELFARE PREMIER TRUST INC.	1107 40ST ST, AUSTIN, TX	US
S2-826424741	Punjab Pvt Ltd Services	GILL ROADMILLERGANG LUDHIANA, PUNJAB, Punjab	India
S2-126007365	Mcmnan Corporation P.C.	3224 PORT ROYALE LN, PHOENIX, AZ	US
S2-667868585	ఎస్‌ఎస్ ఎస్టేట్ ప్రైవేట్ లిమిటెడ్	PLOT NO #1, SY.NO 87 PART, MAALAXMI RESIDENCY, BEHIND CHANDRA REDDY GARDENS, KOMPALLY, HYDERABAD, Telangana	India
S2-759483197	Acumen Crown Limited Services	Telangana, PLOT NO 1788, WEAVERS COLONY, KAPRA, SECUNDERABAD	India
S2-545975487	FORTUNEONEDEVELOPERS.COM	#18 KNO 334 THUBERAHALLI, BANGALORE, Karnataka	India
S2-421392238	Ashish Pens Partners Limited	117/N/496, RANI GANJ, KAKADEO, KANPUR, Uttar Pradesh	India
S2-884864031	സൺ ലോജിസ്റ്റിക്സ് പ്രൈവറ്റ് ലിമിറ്റഡ്	34, BHAGYADHARA LANE, PALARIVATTOM, Keralam	India
S2-193933459	Mr Minerva Private Limited Service	H.NO #49 , COMMERCIAL MANDI NEAR CAT SQUARE, RING ROAD, मध्य प्रदेश	India
S2-867716255	PC Cunningham Dynamix	109 SHORE DR, GREENSVILLE COUNTY, VA	US
S2-545043036	Bright Private  Limited Services	#74 401, TAMBE APARTMENT, DR. ANSARI ROAD, THANE, महाराष्ट्र	India
S2-401390202	Olsen, Thompson & Abreu	MEAD, WA, 15111 CHRONICLE RD	US
S2-808986471	Platinum Green Boral P.L.L.C.	5047 XENOPHON COURT, DAKOTA RIDGE, CO	US
S2-973404452	SONALI MANAGEMENT PRIVATE LIMITED	G-1, BEJOD NIWAS, BUILDING NO 03, KALYAN, महाराष्ट्र	India
S2-348030512	Supreme  It Private Limited	OFFICE NO S 07 82HAWARE, CENTURION PLT88-91 SEC19A, THANE, Maharashtra	India
S2-986296875	KELLYGAUGER.COM	OSAGE BEACH, 1734 SPRING LN, MO	US
S2-128066698	Physical Care Therapy	5606 90, MOBILE, AL	US
S2-164103336	emiliasterneliberty.com	240 First Street, LUVERNE, AL	US
S2-652931552	Esther Domd Apple  Group	RIDGEFIELD DRIVE, SUSSEX, WI	US
S2-268892471	Samartha Trading Pvt.		India
S2-985312141	TJ Consultants Private Límited	5A, NARENDRA CHANDRA DUTTA SARANI 2ND FLOOR, UNIT NO. 205, KOLKATA, KOLKATA, West Bengal	India
S2-88733727	United Initiative	1096 ROYAL ST, JACKSON, TN	US
S2-576062485	Green Robotics International	11830 KERR PARKWAY, LAK EOSWEGO CDP, OR	US
S2-65995029	प्रीमियर फाइनेंस लिमिटेड	PLOT NO. 32, LANE NO. -4, MATOSHREE APARTMENT, RAJARAM PATIL NAGAR, KHARADI, Maharashtra, PUNE, SR.NO.63/1/8, URALI DEVACHI	India
S2-748691171	Rapid Transit Lab0ratories Cáre	8201 HIGHPOINT RD, CURTIS BAY, MD	US
S2-975202599	SARASVA (INDIA) (INDIA)	9/1/3. KASUNDIA 2ND BYE LANE LP-224/24/1, SANTRAGACHI, HOWRAH, পশ্চিমবঙ্গ	India
S2-798322301	MORBI RAM PRIVATE LTD	PLOT NO. 24P, PRUTHVIRAJ, PLOT, NEAR SHAKTI ICE, MORBI, Gujarat	India
S2-914732150	Mackie & (Jimenez)	15 PENNEWELL DRIVE, EDGEMOOR, DE	US
S2-154793870	MARSHFIELD INNOVATIVE [ASHFORD]	MORAINE STREET, MARSHFIELD, MA	US
S2-18185067	Four Exports	HN ##494 SITE NO. 33, SHOBHA, WEST HIL, SF NO. 48, COIMBATORE SOUTH, Tamil Nadu	India
S2-919462206	നോർത്ത് കെയർ പ്രൈവറ്റ് ലിമിറ്റഡ്	H.NO 713 AMBILY BLDGS HOSPITAL JN, KUNDARA, KOLLAM, KUNDARA, കേരളം	India
S2-253941311	Grace Church	1929 ROOSEVELT AVE, INDIANAPOLIS, IN	US
S2-594505489	Vargas Total Printing Corporation	5. SILVA STREET, CARVER, MA	US
S2-553850973	A1lied Auto	108 ESTHER LN, MILAN, TN	US
S2-562887227	Hagaman Efollntmonc Development Trust	30 HAGAMAN AVE, AMSTERDAM, NY	US
S2-876116173	Jodhpur Csbs LLP | www.jodhpurcs.com	NO. 512. HOUSE NO -1, SIGMA COMMERZONE, NR GALOPS MALL ISCON CROSS ROAD, S G HIGHWAY, JODHPUR, Gujarat	India
S2-676314535	Keystone Jansen Top	185 Plainview Drive, BOLINGBROOK, IL	US
S2-922155003	THOMAS INTERESTS	754 MONTE BRAZIL DR, SACRAMENTO, CA	US
S2-519806810	LLC Mohammed, Stites and Óhmer	NM, ALBUQUERQUE, 5321 VERONICA DR	US
S2-43961885	Crew Global	SHOP NO. 4, VATERNARY APAPER ASSOCITENT, GONDHALI GALLI BESIDE VETARNORY OFFICE, BELAGAVI GONDHALI GALLI BESIDE VETARNORY OFFICE, BELGAUM CSD-3, BELGAUM, Karnataka	India
S2-584501236	ASTRON OPPORTUNITIES PUBLIC	NO G-3566 , HAL II STAGE INDIRANAGAR, BENGALURU, Karnataka	India
S2-126359577	Hardin Grand Origin Inc.	4430 DEWEY AVENUE, GREECE, NY	US
S2-550362465	Mountain Cer Webster		US
S2-422419760	GREAT CENTER MEDICAL MEDICAL	3719 BROOK SHADOW DRIVE, KINGWOOD, TX	US
S2-618526119	Murliwala  International School Ltd	#27 NEW G T ROAD, GROUND FLOOR UTTARPARA, HOOGHLY, West Bengal	India
S2-886979044	இண்டோ சர்வீசஸ் லிமிடெட்	H.NO 1-04, CHENNAI, Tamil Nadu	India
S2-282534288	Domaia Corp	10290 GALENA RD, BRISTOL, IL	US
S2-882922533	Jones's-Tire Shop	4319 OAKLEAF DRIVE, TOPEKA, KS	US
S2-971669168	INCORPORATED DESERT SOCIETY	#4038 TALMADGE RD, TOLEDO, OH	US
S2-155053697	BENTLEYEMPIREFREIGHT.COM	2224 LAKELET DR, MCKINNEY, TX	US
S2-315563241	-- Sparrow Real Pvt  Limited	H.NO 55 BABAR ROAD, CENTRAL DELHI, NEW DELHI, दिल्ली	India
S2-391451332	The Emilia Sterne  Liberty Boral LLC	240 1ST STREET, LUVERNE, AL	US
S2-761674240	क्लासिक इंजीनियरिंग प्राइवेट लिमिटेड	Maharashtra, MUMBAI, #42. MAHAVIR IND ESTATEOFF ANDHERI KURLA ROAD SAKINAKA, MUMBAI	India
S2-380173072	LLC CAPITAL TRIUMPH	700 ADELYNN LANE, GREENSBORO, NC	US
S2-413981780	Pvt Runway Trading Ltd	C-230, SOLARIS I SAKIVIHAR ROAD POWAI, MUMBAI, MUMBAI, MUMBAI CITY, Maharashtra	India
S2-969313389	గురు కన్‌స్ట్రక్షన్స్ ప్రైవేట్ లిమిటెడ్	715 05-055/49/C/NR, TIRUMALAGIRI, HYDERABAD, తెలంగాణ	India
S2-394680308	Mccoy Iron Co	EASTHAMPTON, MA, 29A STRONG SAINT	US
S2-596857687	D.O., FRANNIE BLAKE,	657 COMPETITION AVE, BILLINGS, MT	US
S2-405833229	Pune Bio Private	Maharashtra, C3 PRATHAMA NAGARIPRASHANT SOCIETY S.NO128/2B/ 12 SUS ROAD PASHAN, PUNE	India
S2-628557962	Industries Trio  Note	51/6, HO-CHI-MINH SARANI, FLAT 10, FOURTH FLOOR, KOLKATA, KOLKATA, West Bengal	India
S2-918082374	Sdhynno LLC	1594 MERIDIAN ST, GREENWOOD, IN	US
S2-371341338	JULITA'S SUPPLY LTD	WASHINGTON AVE, MD, KENT COUNTY	US
S2-938115929	LUMBRIX	29/12-NA, BLOCK-29 SHAKTI NAGAR, BLOCK 29, DELHI, दिल्ली	India
S2-418891173	Womens 5pecialists of Chandler [Partners]	510 JENTILLY LANE, CHANDLER, AZ	US
S2-950376731	Rbr International Service	H.NO 4-A RIZVI PARK 5-AALTAMOUNT ROAD, MUMBAI, Maharashtra	India
S2-856334855	Capital (Western,)	7408 BEACON HILL LN, CHARLOTTE, NC	US
S2-118853015	Jeanette Fisher Álliance LLC	4314  COBBLEWOOD CT, INDEPENDENCE, KY	US
S2-713722016	United Bóards	NO 801 SWAPNAPURTI, JEEVANSHEELA CHS LTD, JOGGERS PARK, GOVERNMENT COLONY, MUMBAI, Maharashtra	India
S2-271021609	Oncology Allied Specialists Corp	985 SERENDIPITY DR, AURORA, IL	US
S2-911009428	M/s gmp ga1lery private limited	B-1, FLAT NO. 1904, OPAL, YOGODHAM, PHASE-3, GAURIP, KALYAN, महाराष्ट्र	India
S2-332720252	Midwest Vitutts LLC	607 WALSTON LANE, HOUSTON, TX	US
S2-908351516	Dynamic Optimal Third (Inc)	117. SPRING ST, AL, BESSEMER	US
S2-399256284	Aryama Enterprises Co	17/2 BARA MOHALLA, NEAR CITY THANA, HISAR, Haryana	India
S2-78028863	Cardiology Center [Inc]	763 ALXE WAY, CAMBRIDGE, MD	US
S2-821251373	lakshmihealthcare.com	കേരളം, SREERANGAMTEMPLEROAD, ALUVA	India
S2-792297882	cbs beverage pvt ltd		India
S2-476632394	healthysons.com	MEDREICH HOUSE, 12/8, SARASWATHI AMMAL STREET, MARUTHI SEVANAGAR, BANGALORE, ಕರ್ನಾಟಕ	India
S2-11800211	Clyora  Mitsubishi		US
S2-834025533	International Cloud Global	300-C MORTON AVENUE, RIPLEY, OK	US
S2-352815905	flintchain.com	1573 EHLEY STREET, N/A, EAST PALESTINE, OH	US
S2-843241601	LIMITED MY ZIPS PRIVATE	MUMBAI, 9 FLOOR 3 PLOT 78/80 ABBAS MANZIL, Maharashtra, MUMBAI CITY	India
S2-39376761	ggprivate.com	B-1, FLAT NO. 1904, OPAL, YOGODHAM, PHASE-3, GAURIP, KALYAN, THANE, Maharashtra	India
S2-661830080	PEDIATRIC DENTISTRY	112 ROLLING ACRES LN, CLINTON, TN	US
S2-335287996	Ace Trasntit Systems LLC		US
S2-756518923	Saltsman Martin Inc.	739 HEBRON DRIVE, EVANSVILLE, IN	US
S2-120557165	*** Gonzalez's Dental Inc.	9506 RIVERLAND LANE, HOUSTON, TX	US
S2-142652351	Cevernet Signature	1559 HEMLOCK DRIVE, OAK HARBOR, WA	US
S2-70737960	Collete Miller	CHESAPEAKE  CITY, MD, 984 TOWN POINT RD	US
S2-325425418	ब्राइट एनर्जी प्राइवेट लिमिटेड	DOOR NO 357 302, VILLA GRAND, HIRANANDANI ESTATE, PATLIPADA, OFF. GHODBUNDER ROAD, THANE (, NORTH GOA, THANE, Maharashtra	India
S2-11988924	Aguayo Delta Center		US
S2-445151765	QA Biotech Private	SHOP NO. -005 RAJ AVENUE, TAKI ROAD SARVODAYA VASAH, VASAI, Maharashtra	India
S2-942260468	പെർഫെക്റ്റ് ഐടി പ്രൈവറ്റ് ലിമിറ്റഡ്	Kerala, ERNAKULAM, COCHIN, 3RD FLOOR, SYAMA DYNAMIC, VYTILA JUNCTION, DOOR NO. 52/3028 D	India
S2-466885860	Janessa Phe1ps Public	31144 99E, SHEDD, OR	US
S2-992988527	#96489 Greenwood Electric Keystone-LLC	2423 COKER STREET, GREENWOOD, AR	US
S2-327450884	Dee Films Private Limited	C-1302, TOWER-3, INDIABULLS FINANCE CENTER SB MARG, ELPHINSTONE ROAD (WEST), MUMBAI, Maharashtra	India
S2-920189333	M/s Rivet Industries Ltd	KOHINOOR, 54/2967-C1 REMPLE ROAD, ELAMKULAM, KADAVANTHRA P O, KOCHI, Kerala	India
S2-156630406	Eastern & Partners-Company	PLOT NO. B3/7 , MARWAH ESTATE SAKI VIHAR ROAD, ANDHERI (EAST), MUMBAI, Maharashtra	India
S2-742966706	Mr Optima Ltd Center	5A/526C, CALD WELL COLONY, THOOTHUKUDI, தமிழ்நாடு	India
S2-788224506	UNIQUE & SONS LIMITED SERVICE	#118 , 119 SYNO:190, IP CHANDANVELLY, RANGAREDDY, తెలంగాణ	India
S2-512140859	United Initiative	1096 ROYAL ST, JACKSON, TN	US
S2-849455370	UJJAORA FINANCE  PVT LTD	#325 LAXMIKRUPA ODHAV CHS LTD ARBUDANAGAR NR CHHAGANBHAI-S WELL ODHAV, AHMEDABAD, Gujarat	India
S2-363458611	Balrampur Travel Pvt. #49365	Uttar Pradesh, POT 4 MEWALAL TALAB BALRAMPUR, BALRAMPUR	India
S2-791923863	PEDIATRICCOASTALMEDICINE.COM	RIVERSIDE DR, PO BOX 5660, LORAIN, OH	US
S2-462533010	Tactical Services Services (India) [Ltd]		India
S2-573443469	A1lied Heritage Pineapple LLC #33313	4804 ELM ST, PMB 4349, SPOKANE, WA	US
S2-843953469	Sri Sungold Foundation		India
S2-486613716	apex r0botics services	WEST MEMPHIS, AR, 3992  SERVICE ROAD	US
S2-443910448	Direct Defense Union  Inc.	560 ST RTE 60, GREENWWICH, OH	US
S2-591052971	6-Legaegd D0g	8929-8933 MIDWAY RD, DALLAS, TX	US
S2-894449430	Davies Preparatory Academy Commission	MD, SHADOWRIDGE TER, OLNEY	US
S2-964517425	ALL PRODUCER PRIAVTAE  LIMITED	05 , A BDA, COMPLEX, HUZUR, Madhya Pradesh	India
S2-216085222	TRANSCONTINENTAL SOLUTIONS LLC-SERVICES	09 OLD STONEHOUSE ROAD, SILVER SPRING TOWNSHIP, PA	US
S2-138923972	OCO SYSTEMS PRIVATE LTD	D 35 KESHAV NAGAR, NUMAISH CAMP, SAHARANPUR, उत्तर प्रदेश	India
S2-902603143	Patriot College	105. HILL STREET, NORALK, WI	US
S2-890777700	NSCFT	00215 OTTAVIANO WAY, HUTTO, TX	US
S2-64307360	Pioneer Estate Private	59 A/2, KALU SARAI, NEW DELHI, Delhi	India
S2-155249924	LLC CARDIOLOGY CARE,	593 Woodmere Blvd, WOOMERE, NY	US
S2-84049246	Relay Limited Partners	NO: 1666, 2ND FLOOR, I BLOCK, 6TH AVENUE, ANNA NAGAR, CHENNAI, Tamil Nadu	India
S2-445510033	Mars Mars Institute of Technology Limited	BLOCK C-C-254 2-55, CHINNA GOLKONDA, SHAMSHABAD, KV RANGA REDDY, SHAMSHABAD, తెలంగాణ	India
S2-160067551	UPPER OPDTlMAL  MATERIALS LLC	1117-D IRELAND DR, VILLAGE OF WAUNAKEE, WI	US
S2-936517371	Hall, Smith & Delacruz Inc.	0733 WATERVLIET SHAKER RD, LATHAM, NY	US
S2-137729815	Capital 0ptimal Mckinley Inc		US
S2-679028360	Smt Damani & Ltd Sons	Haryana, NO 692 1697, HSIIDC RAI SECTOR-38, SONEPAT	India
S2-85346894	Ehresman,-Zola H., DO, DDS Inc	147 NORTHVILLE ROAD, EDINBURG, NY	US
S2-514112501	B0nheur Nursing Home LLP	7/150- 101TH STREET 15TH, SECTOR, CHENNAI, Tamil Nadu	India
S2-403590623	Wildlife Federation VI Inc.	58 BARBERRY DRIVE, BEREA, OH	US
S2-702668554	LTD. MILIND BROTHERS	116/1, 6TH FLR, FLY DESK, SRI THEAGARAYA ROAD, CHENNAI, தமிழ்நாடு	India
S2-509391343	सुपर लॉजिस्टिक्स प्राइवेट लिमिटेड	PLOT 806 C-565 & C-565 B, UTTAMNAGAR, NEW DELHI, Delhi	India
S2-917343348	Choice Research	10925 61ST ST, <NULL>, DOUGLAS COUNTY, NE	US
S2-927105480	Super Private Logistics Limited	Delhi, PLOT 806 C-565 & C-565 B, OLD N-10, G/F SHOP, KH NO. 116/10/1, MAHAVIR ENCLAVE PART-3, UTTAMNAGAR	India
S2-445422886	FRANNIE BLAKE, D.O. LP	657 Competition Ave, BILLINGS, MT	US
S2-883271267	Astron Opportunities Ptslntic Limited	DOOR NO G-3566 , HAL II STAGE INDIRANAGAR, BENGALURU, ಕರ್ನಾಟಕ	India
S2-113246948	choicetelephone.com	10814 STAFFORD ST, PO BOX 5352, WICHITA, KS	US
S2-621577890	Ram Educational Society	महाराष्ट्र, NO 009 HUDA MANSION1ST FLOOR KOLSA SDREET PAIDHONIE, MUMBAI	India
S2-586509695	Agro Services	DOOR NO 634 PLOT NO. X-0037, ANSAL SUSHANT CITY-II BLOCK-X, VILLAGE- MANCHWA, KALWAD ROAD, JAIPUR, Rajasthan	India
S2-856858797	Great Services	SILVER SPRING, MD, 3402 PENDLETON DRIVE	US
S2-784705777	শ্রী লক্ষ্মী ইনভেস্টমেন্টস প্রাইভেট লিমিটেড	583 NANDAN NAGAR, KOLKATA REGION, NORTH 24 PARGANAS, West Bengal	India
S2-523947532	प्रीमियर गोल्ड सर्विसेज प्राइवेट लिमिटेड	KHASRA 295/296, LUCKNOW, Uttar Pradesh	India
S2-7448861	अल्फा फूड्स प्राइवेट लिमिटेड	UNIT NO. 966-974, 9TH FLOOR, VEGAS OFFICE TOWER, BLOCK B, PLOT NO. 6, SECTOR 14 (NORTH), DWARKA, SOUTH WEST DELHI, NEW DELHI, Delhi	India
S2-561803999	JULITA'S SUPPLY LLC	86 WASHINGTON AVE, KENT COUNTY, MD	US
S2-829442781	@scholarshipcouncil	0010436 NC41, FAIRMONT, NC	US
S2-149858467	LEOR LLC	KATY CITY, 2846 NORTHWOOD PINES LN, TX	US
S2-763307859	Vision Foods-Limited	C/O SARITA KUMARI MEENA, BASANT VIHAR COLONY, JAIPUR, Rajasthan	India
S2-733547261	Milo Pizza-Agssciafates	8100 CAMELBACK RD, SCOTTSDALE, AZ	US
S2-769118236	Sands LLC Stánley,	IA, OGDEN, 361 SOUTHEAST 4TH ST	US
S2-487321451	Trusted Holdings Telecom	null, MIDDLETOWN, 797 BEXHILL DRIVE, OH	US
S2-542735091	E 4 Value Inc. Services	400 32ND AVENUE, FARGO, ND	US
S2-723413644	Lattin Certified Starlink PLLC	HAPPY VALLEY, OR, 16698 MULTNOMAH FALLS DRIVE	US
S2-962278102	ఫార్చూన్ లోటస్ కేర్ ప్రైవేట్ లిమిటెడ్	PLOT 703 7-70/10, AYYAPPA COLONY DAMMAIGUDA, NAGARAM POST, KESARA MANDAL, SECUNDERABAD, KEESARA, Telangana	India
S2-681257627	શ્યામ ક્રિષ્ના હોસ્પિટાલિટી	B-103, 1ST FLOOR, ELENZA CREST, SINDHUBHAVAN ROAD, BODAKDEV, AHMADABAD CITY, AHMEDABAD, Gujarat	India
S2-434751720	गुजरात एंटरप्राइजेज प्राइवेट लिमिटेड	PLOT NO. 8 F/F, NEW DELHI, SOUTH WEST DELHI, Delhi	India
S2-437768334	Ariaectokor	16844 CEDAR KEY AVENUE, BATOON ROUGE CITY, LA	US
S2-478615011	yzlsoftware.com	BLOCK D-505 S NO 199/1, 2/5 GALA NO 04 NR SUNDARA PALACE SAIKRUPA TRADE CENTER, MALEGAON, Maharashtra	India
S2-681499079	Indrraj Farms Pvt Ltd	B3/693 A-1/296, JANAKPURI NEW DELHI, दिल्ली	India
S2-545210554	Allied Auto	Esther Lane, MILAN, TN	US
S2-951099563	uibny.com	43 WINDMILL LANE, CLARKSTOWN, NY	US
S2-565018817	HONESTY GAS (INDIA)	NO 1 , 2 FLOOR, ANGEL COMPLEX, 1ST MAIN ROAD, BRAMARAMBA EXTENSIN, CHAMARAJANAGAR, CHAMARAJANAGARA, ಕರ್ನಾಟಕ	India
S2-561689276	Garner and Palacios Vernal-Fargo Corp	137 E PRAIRIEWOOD DR, FARGO, ND	US
S2-742188287	VANET LLC REIT	3291 HILLCREST PL, ADAMSVILLE, AL	US
S2-263792121	शिव इन्वेस्टमेंट प्राइवेट लिमिटेड	DOOR NO 113 9/2347, KAILASH NAGAR, DELHI	India
S2-703655075	Martin, Hildegaard Great LLC Service	AMITY STREET, CT, MERIDEN	US
S2-901850698	ORTHOPEDIC [PRIME]	2608 OCCIDENTAL DRIVE, VIENA, VA	US
S2-767994882	LITTLE  & CORNELIO	533  32ND STREET, TULSA, OK	US
S2-117417274	Kinlaw LLC Watson (&)	SLEEPY HOLLOW DR, FRANKLIN COUNTY, VA	US
S2-614141033	நியூ எண்டர்பிரைசஸ் பிரைவேட் லிமிடெட்	DCOR NO 549 S.F.NO.62/1, SALEM MAIN ROAD, ATTHANUR - VILLAGE, ATTHANUR - POST, ATTHANUR, தமிழ்நாடு	India
S2-143772764	Engineering Arlli Trading Center	DOCR NO 902 C-9, MAHARANI BAGH, Delhi	India
S2-959011375	Silver Trading Private Ltd	3 RD-FR;FL-F, 17K/18 DAKSHINDARI ROAD, PATIPUKUR, West Bengal	India
S2-428151156	FRAGOSO VISTA  LTD	105 FOURTH AVE, MURFREESBORO, TN	US
S2-706127527	Dental All Care Associates LLC Society	5805 WEST GATE BLVD, TX, AUSTIN	US
S2-59410522	ಸುಪ್ರೀಮ್ ಸಾಫ್ಟ್‌ವೇರ್ ಎಲ್ಎಲ್‌ಪಿ	PLOT 715 1-266/1, MATHRUSHREE, BELLAIRU GRAMA, KS RAO NAGAR, KARNAD, MANGALORE, DAKSHINA KANNADA, Karnataka	India
S2-694269525	Frontier Braves	5109 EAGLE RIDGE, SPRINGFIELD, IL	US
S2-670870279	EAST  P1ANET	5204 MEADOW VISTA COURT, FLAGSTAFF CITY, AZ	US
S2-826052648	Allied Trusted Trusted Optics Inc	TAYLOR ROAD, NEW WINDSOR, NY	US
S2-21235428	OBSIDIAN UTILITY	11578  Laguna St, ADELANTO, CA	US
S2-385514410	CENIIFY CONSULTANTS CO		US
S2-505848764	Quiroz Reliable Alchemy	PAPINEAU, 116 PAPINEAU ST, IL	US
S2-643063069	-- Cabrera Fleming	2656 JASPER BUTTE DR, SAN TAN VALLEY, AZ	US
S2-620647555	CAPITAL LLC SERVICE	GREENSBORO, 700 ADELYNN LN, NC	US
S2-315792070	HYDERABAD SOLUTIONS (PRIVATE)	PLOT NO.1-41 , FLAT NO.301 SB RESIDENCY, SNEHAPURI COLONY, MOTINAGA, R, HYDERABAD, Telangana	India
S2-249306686	Uptown Bakery	REDLANDS, 490 ALABAMA ST, CA	US
S2-93236931	Physical Therapy	5606 90, AL, MOBILE	US
S2-856949574	Lewis Ribbon | www.lewisribb.com	2724 ALAMEDA DRIVE, VA, VIRGINIA BEACH	US
S2-186308719	Nirbhai Parks  Private Limited	105, SAHAJANAND COMPLEX, B/H BHAGWATI CHAMBERS, NR. SWASTIK CROSS ROADS, NAVRANGPURA, Gujarat	India
S2-34840844	HUSSAIN, CARTER  AND GOODWIN	605 HALL ST, REDGRANITEE CITY, WI	US
S2-43399576	Saving Investments	137 GANGA NAGAR, HOUSING, PROPERTY, NAWABGANJ, NAWABGANJ, Uttar Pradesh	India
S2-601940829	Leo Glorbal LLC	26941A LOCUST GROVE RD, CREOLA, OH	US
S2-90911163	Technology Ramling Private Limited Center	BE-#372, FIRST FOLOR HARI NAGAR, NEW DELHI, Delhi	India
S2-594632862	राम मार्केटिंग	2 B G/F BLOCK K-2, NEW DELHI, SOUTH WEST DELHI, Delhi	India
S2-849871051	Katerine Wright, MD, M.D., (P.C.)	116 ORLEANS PL, ALEXANDRIA CITY, VA	US
S2-317096646	तिरुपति सॉल्यूशंस एलएलपी	NO 01103 A-TOWER, THANE, BHAYANDER EAST, Maharashtra	India
S2-5876629	SREE FINANCE LTD	C-102/B-2 FIRST FLOOR, KRISHNA VANDANA COMPLEX, VICHUMBE, NEAR PILLAY COLLEGE, NEW PANVE, L-(E), NEW PANVEL, Maharashtra	India
S2-242907655	FW Fuels Private  Limited	NO 824 / 6 & 7, BYRAMANGALAM VILLAGE KELAMANGALAM ROAD, DENKANIKOTTAI TALUK, KRISHNAGIRI, தமிழ்நாடு	India
S2-204554700	Rev It Up Pizza! Llc	272D ROBBINS DRIVE, IN, GREENWOOD	US
S2-240337725	jeri kleinschmidt liberty care	60 KING PHILIP ROAD, BREWSTER, MA, PMB 9374	US
S2-824821547	Mays lnvestments LLC	TAYLOR LN, TIGARD, OR	US
S2-145363215	Malone's Technologies	23-25 FLORA WAY, NORMAL, IL	US
S2-124302100	Lambodar Softwares	B-702, SHREEJI ARCADE B/H BHULKABHAVAN SCHOOL, ANAND MAHAL ROA, D, ADAJAN, SURAT, Gujarat	India
S2-818120103	Global Machine Works Incorporated	8891- MOORE ROAD, WEST SPARTA, NY	US
S2-209358015	LLC 2237 MOUNTAIN VIEW COURT OHERS CORP	357 OAK ST, MARION, OH	US
S2-867981755	2223 PARK AVENUE COMPANY	BEACH STREET, BOSTON, MA	US
S2-181153213	Prosser Americas Co	551 MEMORICL DRIVE, TULSA, OK	US
S2-770332645	New Enterprises Private Ltd	NO. 549 S.F.NO.62/1, SALEM MAIN ROAD, ATTHANUR - VILLAGE, ATTHANUR - POST, தமிழ்நாடு	India
S2-404602803	National Lithium Llc Llc	200 2ND AVE, JONESBOROUGH, TN	US
S2-385559885	TOWSLEY, CLARY INNOVATIVE LLC	7980 NELSON RD, MILLIGNTON, TN	US
S2-8541135	Dorthy Moore Global Plus Corp	214 SUGAR CREEK ROAD, MOCKSVILLE, NC	US
S2-805530862	Total Printing Digital Pllc	VT, CREAMERY STREET, LINCOLN	US
S2-163619632	Mccoy Iron LP	29A STRONG STREET, EASTHAMPTON, MA	US
S2-150463561	భారత్ వన్ కన్సల్టెంట్స్ ప్రైవేట్ లిమిటెడ్	HYDERABAD, SHAIKPET, KISMATHPUR, L B PRASAD EYE INSTITUTE, Telangana, VILLA NO ##47	India
S2-929177211	Celka Pierce,	3 SOGA PLACE, HOT SPRINGS VILLAGE, AR	US
S2-600492677	Starline Trading Ltd	HOUSE NO 6488 SHOP NO PVT, PLOT NO D-16 GROUND FLOOR, DELHI, Delhi	India
S2-398016982	KORCIRAVIO	H.NO 188 CMC-4-1804, GAUTAM BUDDHA NAGAR, GHAZIABD, उत्तर प्रदेश	India
S2-52349120	116 MADISON PROPERTIES LLC	AL, 0029651 181, DAPHNE	US
S2-138989213	RIVERA COLONIAL STANDARD LLC		US
S2-976162864	बाबा इंफोटेक प्राइवेट लिमिटेड	HN 1-991 B-513, 1ST FLOOR GREEN FIELD COLONY, FARIDABAD, Haryana	India
S2-37729470	Valley Bsndlo	202 SPENCER ROAD, OAKHAM, MA	US
S2-928843551	PRÍAATE ADITYA TECH LIMITED	P-9-5, STUDIO ANJANEYA, ONE AVIGHNA PARK, MAHADEV PALAV MARG, PAREL, MUMBAI, महाराष्ट्र	India
S2-469969282	Pediatric Coastal Medicine  LLC	4113-D RIVERSIDE DR, LORAIN, OH	US
S2-911327610	INNOVATIVE WIRELESS	13560 MASON DRIVE, IN, TELL CITY	US
S2-986020812	GANDY, CHEREY PH.D.	18 Fair Oaks Dr, SAINT LOUIS, MO	US
S2-876111758	Ajit Prívate Limited Center	A-B3/202, 2ND FLOOR, CHANDRAVIJAY SOCIETY, MAHATMA PHULE ROAD, MULUND, महाराष्ट्र	India
S2-270698824	1084 HIGHLAND BLVD PROPERTIES PC	2916 MCKINLEY ST, N/A, ANDERSON, IN	US
S2-495635994	Malone's Technologies	23-25 FLORA WAY, NORMAL, IL	US
S2-624049107	Solmiralyra	PLOT NO 225, JAIPUR, AMBABARI, राजस्थान	India
S2-833255570	Mr SS CONSULTING LIMITED CENTER	1/83/A, RABINDRA NAGAR RABINDRA NAGAR, KOLKATA, KOLKATA, West Bengal	India
S2-631388756	The Ehresman, Zola H., DO, DDS PC	147 NORTHVILLE RD, EDINBURG, NY	US
S2-609927808	लक्ष्मी ट्रेडिंग प्राइवेट लिमिटेड	H.NO 1205/8 SHIVAJI NAGAR GANGA YAMUNA FLAT NO 6, PUNE, महाराष्ट्र	India
S2-949487663	fami1ypartners.com	9707 230TH PL, KENT CITY, WA	US
S2-446475258	Services Satnam Technologies Private	NO.7, GROUND FLOOR, TST, COMPLEX, IMPERIAL ROAD, CUDDALORE, Tamil Nadu	India
S2-774012148	*** Satya Services Private Ltd	NO 53 120, null, COIMBATORE, Tamil Nadu	India
S2-703459741	MARTINEZ TSAKOS	8969 SOUTHWEST VILLAGE LOOP, CHANHASSEN, MN	US
S2-610997751	Pediatric Medicine-of Cimarron Hills Co	7245 24, CIMARRON HILLS, CO	US
S2-159527867	Womens Health Rocky Care  Associates Inc Foundation		US
S2-952931049	Satya  Services Private Limited	NO 53 120, SOWRIPALAYAM ROAD KRISHNASWAMY NAGAR, COIMBATORE, null, Tamil Nadu	India
S2-938415624	PROSSER AMERBGCAS	551 MEMORIAL DRIVE, TULSA, OK	US
S2-12873838	रॉयल फूड प्राइवेट लिमिटेड	S-4/110 OLD NO WZ143A/13 PLOT NO. 55 OLD MAHAVIR NAGAR, NEW DELHI, <NULL>, दिल्ली	India
S2-482656217	Sunlord Abgo LLP	NEAR RAILWAY STATIONWEST KASARGOD, KASARGOD, കേരളം	India
S2-13157842	Best Mobility Global	4926 DISCOVERY RIDGE COURT, SILVERDALE, WA	US
S2-563099768	CLEMONS, SHEARER AND GREEN  MANUFACTURING LLC	314 SYCAMORE ST, LIVERPOOL OTWNSHIP, NY	US
S2-7591338	PKR (INDIA) GROUP SERVICES	H.NO 102 STRAFT LUXURIA OPP SAURABH GARDEN NR VIJAY CHAR RASTA, AHMEDABAD, Gujarat	India
S2-888964719	Prairie Initiative	68 APPLE TERE LN, WEYMOUTH, MA	US
S2-402884146	SRUJAN PLASMA (INDIA) LLP	C-A-502 MAHIMA'S PANORAMA NEAR SRN INTERNATIONAL SCHOOL, JAGATPURA, JAIPUR, Rajasthan	India
S2-649036726	ലക്ഷ്മി ഹെൽത്ത്‌കെയർ പ്രൈവറ്റ് ലിമിറ്റഡ്	ERNAKULAM, Kerala, SREERANGAMTEMPLEROAD, ALUVA	India
S2-18893232	Elsa Young, D.C.	90- HIGH TOWER ROAD, SOUTH WINDSOR, CT	US
S2-881194702	Pragati & Assoiates Corporation	C/O, MD. ALI MOLLA, VILL-, P.O.- ELAHIPUR, DIST: HOO, SERAMPORE, West Bengal	India
S2-73574992	cardiologycareassociates.com	1809C 25st Street, NEWPORT NEWS CITY, VA	US
S2-522404034	MUMBAI  TARIG PRIVATE LIMITED	12MITTALTOWERA'WING, 5THFLOOR210NARIMANPOINT, MUMBAI, महाराष्ट्र	India
S2-901140582	ESTELE'S CONSULTANTS	TUCSON, 853 TRENTON PL, AZ	US
S2-469193766	#brightelectric	1644 ROSEMOET DRIVE, BATON ROUGE, LA	US
S2-471568297	Eastern Total-Eye Care Inc	704 DUBUQUE DRIVE, MONTGOMERY, AL	US
S2-925048346	साउथ सिस्टम्स प्राइवेट लिमिटेड	VISHWAS GARDEN, H. 4, PL. NO. 63, SEC.16, PCNDTA, PUNE CITY, PUNE, Maharashtra	India
S2-114551768	साउथ सिस्टम्स प्राइवेट लिमिटेड	VISHWAS GARDEN, PUNE CITY, PUNE, महाराष्ट्र	India
S2-259147701	Ear Nose & Throat Mountain Partners-Chicago  Inc.	2101 KILDARE AVE, CHICAGOC ITY, IL	US
S2-331465156	5MART VISTA INC	1063 Fairmount Avenue, NULL, BALTIMORE, MD	US
S2-143123232	Dna  Career	5/274 , DARUL AMEEN, PULIKKALTHAZHAM, KOZHIKODE, Kerala	India
S2-55456636	LIMITED SUMAN TECHNOLOGOES	SOUTH DELHI, दिल्ली, N-98-BSOUTH AVENUE SAINIK FARM, NEW DELHI	India
S2-444979364	Cfl Pvt. Systems Ltd.	#51 , SECOND FLOOR, BOOTSTART CO WORK, RISHAB ARCADE, SANJAY NAGAR, BANGALORE NORTH, Karnataka	India
S2-773051266	SS INVESTMENTS PRIVATE [LIMITED]	A 32 GROUND FLOOR, SECTOR 69 NOIDA, NOIDA, Uttar Pradesh	India
S2-14773876	Let Peoples (India) Private	SULTANPUR ROAD, KAPURTHALA, ਪੰਜਾਬ	India
S2-914938495	Clemons, Shearer and Green Manufacturing Llc	314 Sycamore St, LIVERPOOL OTWNSHIP, NY	US
S2-6800983	NATIONAL FELLOWSHIP	9404A LONA LN, ALBUQUERQUE, NM	US
S2-906773930	Zephyr	10243 OCCIDENTAL AVENUE, SEATTLE, WA	US
S2-485306122	OLSEN, THOMPSON & ABREU ABREU CO	WA, CHRONICLE RD, MEAD	US
S2-686289569	Melonie Rodriguez  Debt	2815 Dellwood Dr, PARMA, OH	US
S2-208696906	redbikeshop.com	50 Morris Street, ALBANY, NY	US
S2-285738926	सन हाई हॉस्पिटैलिटी प्राइवेट लिमिटेड	HN 818- P-125, 123, VEDYA REALTORS SHAHBERI, NEAR SAI MANDIR GREATER NOIDA WEST TEHSIL, GB NAGAR, GAUTAM BUDDHA NAGAR, Uttar Pradesh	India
S2-531865374	LIMITED VISI0N FOODS	C/O SARITA KUMARI MEENA, JAIPUR, Rajasthan	India
S2-902661374	CLARYTOWSLEYINNOVATIVE.COM	7980 NELSON ROAD, MILLIGNTON, TN	US
S2-217730043	LIMITED PUNE BHARAT	CHITRADURGA, Karnataka, CHITRADURGA, NULL, BLOCK F-507 165	India
S2-323352666	बॉम्बे आईटी प्राइवेट लिमिटेड	HOUSE NO. 15, KAUSHALYA PARK HAUZ KHAS, NEW DELHI, NEW DELHI, SOUTH DELHI, Delhi	India
S2-121035724	Mohammed, Stites and Ohmer Llc	5321 VERONICA DRIVE, ALBUQUERQUE, NM	US
S2-105902270	EVEREST ASSET ÍNC.	IN, 3217 48th Street, INDIANAPOLIS	US
S2-929018230	p v & h qdro inc	540 CABO DRIVE, WASHINGTON, NC	US
S2-724170944	Upper Optimal	IRELAND DR, VILLAGE OF WAUNAKEE, WI	US
S2-373948778	INTERNAL MEDICINE REGIONAL	5408 CINPHANY COURT, HIHG RIDGE TOWNSHIP, MO	US
S2-907008976	Grand Connecticut	CALUMET CITY, 351 HOXIE AVE, N/A, IL	US
S2-109752314	Smart Inc Services	1063 FAIRMOUNT AVENUE, NULL, BALTIMORE, MD	US
S2-581935874	Anderson Electric Llc	8 OLIVER ST, WORCESTER, MA	US
S2-656803883	Engineering Anil Trading Center Corporation	902 C-9, MAHARANI BAGH, Delhi	India
S2-87950807	Jaipur Construction Pvt	PLOT NO 225, ARYA NAGAR, JAIPUR, राजस्थान	India
S2-108959754	Smt PARAS CENTER	C/O P.MANIKANTHA, PO-CHARAMULA, TELENGASHI, NABARANGPUR, Odisha	India
S2-799640185	Medicine Internal Gcer Center	5126  LYPTUS LN, KLAMATH FALLS, OR	US
S2-630468881	WOMENS HEALTH SPECIALISTS	510 JENTILLY LN, CHANDLER, AZ	US
S2-109737739	TOWSLEY, CLARY lNNOVATIVE LLC	7980 NELSON ROAD, MILLIGNTON, TN	US
S2-214355088	ଗାଲାକ୍ସି ଫ୍ୟୁଚର୍ ଇଣ୍ଟରନ୍ୟାସନାଲ୍ ପ୍ରାଇଭେଟ୍ ଲିମିଟେଡ୍	H.NO 386 A/2 BHAGABANPURINDUSTRIAL ESTATE PATRAPARA, BHUBANESWAR, KHORDHA, ଓଡ଼ିଶା	India
S2-913861791	Internal Medicine Csrt of Charlotte Inc.	#2347 TRYON SAINT, CHARLOTTE, NC	US
S2-560642064	WHlTE (FINANCIAL)	18036 PHEASANT LAKE DRIHE, IL, TINLEY PARK CITY	US
S2-590581	HAYES AND SOHHRV LLC	862 RIGHT FORK OF JESSE FORK ROAD, WV, SAINT ALBANS	US
S2-287318824	OV Workforce Límited	12-13-1274, C 204 TARNAKA, HYDERABAD, Telangana	India
S2-734629441	OD Total Bdc Incorporated		US
S2-895994240	PRIVATE SANJHI (INDIA) LTD	TRUST NO 615/20/28/1-1, null, BANGALORE NORTH, BANGALORE, Karnataka	India
S2-386277872	Cardiology  Care Associates	VA, 1809C 25ST STREET, PMB 1147, NEWPORT NEWS	US
S2-967233122	GARNER AND PALACIOS CENTER	137 E PRAIRIEWOOD DR, FARGO, ND	US
S2-898592422	United  Fuel (LLC)	OR, 9001 DRUMMOND AVE, PORTLAND, NULL	US
S2-515278957	American Preferred Generating L.L.C.	##2731 AR 351 HWY, JONESBORO, AR	US
S2-451590904	Ellis0n  Aspen	1713-1715 Howard Avenue, WATERLOO, IA	US
S2-79986659	MALONE'S TECHNOLOGIES LLC	23-25 FLORA WAY, NORMAL, IL	US
S2-665557304	LUXORA (lNDIA) FEEDS PRIVATE LIMITED	THE SPIRE OFFICE NO. 409, B, 150 FT RING ROAD, RAJKOT, Gujarat	India
S2-7657580	Mendez's Excavation	914 CHARLOTTE DRIVE, ANOKA, MN	US
S2-736774177	Essex Suoie		US
S2-36465480	Shri Mars Institute Of Technology	BLOCK C-C-254 2-55, CHINNA GOLKNODA, SHAMSHABAD, KV RANGA REDDY, SHAMSHABAD, తెలంగాణ	India
S2-836525365	Aman-Emart	FLAT-SHREE 1008 PLOT-164, SECTOR 4 KARANJADE PANVEL, PANVEL, महाराष्ट्र	India
S2-120623131	Starline Trading	HOUSE NO 6488 SHOP NO PVT, PLOT NO D-16 GROUND FLOOR, DELHI, Delhi	India
S2-457678950	peninsula clinic	HN 40 SR NO 223/1, H NO. 1309, PAREEJAT H SOCY, HADAPSAR, PUNE, महाराष्ट्र	India
S2-179681069	Grace Church Co	1929 ROOSEVELT AVENUE, INDIANAPOLIS, IN	US
S2-96185126	Noida Limited Services	Uttar Pradesh, B-300 SECTOR-20, NOIDA	India
S2-132670593	summitprogram.com	17220 SILVER MAPLE COURT, CHESTERFIELD COUNTY, VA	US
S2-616219976	DELTA SAFE INC  EASTERN	7143 176, DRAKESBBORO TOWNSHIP, KY	US
S2-504892554	Urban International School Ltd Ltd	SF-03, 2ND FLOOR, SOUTHERN PARK, PLOT NO.D-2, DISTRICT CENTRE, SAKET, Delhi	India
S2-520363188	फ्यूचर ग्लोबल एस्टेट लिमिटेड	PLOT ##15 MUNNI STREET AMROHA GATE MORADABAD IN, MORADABAD, उत्तर प्रदेश	India
S2-172693166	ईस्टर्न इन्वेस्टमेंट एलएलपी	PLOT 437 C/O PRAMOD KUMAR DUBEY, VILLAGE BARAGAON, PINDRA, VARANASI, Uttar Pradesh	India
S2-803139182	Patriot College	105. HILL STREET, NORALK, WI	US
S2-899606969	Family Pranars LLC	9707 230TH PL, KENT CITY, WA	US
S2-274067392	JI  Center	C26 CC COLONY, NEW DELHI, Delhi	India
S2-34354030	Gulf Cústom Athena LLC	4909 PARKVIEW DRIVE, LAKE OSWEGO CDP, OR	US
S2-261000453	क्लासिक इंजीनियरिंग प्राइवेट लिमिटेड	42. MAHAVIR IND ESTATEOFF ANDHERI KURLA ROAD SAKINAKA, महाराष्ट्र, MUMBAI	India
S2-717458514	Deepkiran Contracting-Pvt. Limited	Maharashtra, P. NO. 12, GUT NO 45, ANAND NAGAR, PADEGAON, AURANGABAD	India
S2-132728602	Junina A. Bborden, P.A.	PMB 6102, IL, 6520 173RD PL, TINLEY PARK	US
S2-56519747	Dandy Alliancebernstein	18313 1/2 WINTER PARK COURT, GAITHHERSBURG, MD	US
S2-668639127	Summit Program Corporation	CHESTERFIELD COUNTY, VA, 17220 Silver Maple Court	US
S2-761094400	L.L.C. American Preferred Generating	##2731 AR 351 HWY, JONESBORO, AR	US
S2-508261673	Bernadette Pace,  Ph.D.	NY, 4225 REGENTS PARK, HAMBUURG	US
S2-442627035	Private Prastuti Hospitality (India) Private	#3022 S/F KUCHA NIL KANT DARYAGANJ, DELHI, CENTRAL DELHI, दिल्ली	India
S2-809442773	PRIVATE STAR TRADERS LTD	C-C-21 BASEMENT, NEW DELHI, SOUTH DELHI, Delhi	India
S2-364842103	Aguilar Advertising Center	151 SHORELINE DR, PA, CANONSBURG	US
S2-328080189	Vanet Reit LLC	3291 HILLCREST PLACE, ADAMSVILLE, AL	US
S2-847807752	Healthy-& Sons LLP	MEDREICH HOUSE, 12/8, SARASWATHI AMMAL STREET, MARUTHI SEVANAGAR, BANGALORE, Karnataka	India
S2-916177071	Internal Médicine Center Of Charlotte Inc.	#2347 TRYON ST, CHARLOTTE, NC	US
S2-738870603	aryama enterprises company	DOOR NO 17/2 BARA MOHALLA, NEAR CITY THANA, HISAR, Haryana	India
S2-226739566	Premier  Tax LLC		US
S2-407524980	DAVIS FAMILY OFFICE	OLIVE CIR, LEBANON, TN	US
S2-136628286	Prime Fargo Ltd Ltd	100 NORWOOD DRIVE, GEORGETOWN, TX	US
S2-135340534	bestfood.com	PLOT 110 707, LEVEL 6 & 7, MAKER, MAXITY NO. 4 NORTH AVENUE, MUMBAI, महाराष्ट्र	India
S2-210296535	Super Enterprises	DOOR NO A-6 & 7, SECTOR D, INDUSTRIAL AREA, GOVINDPURA, HUZUR, Madhya Pradesh	India
S2-482898791	VALLEY LLC CENTER	003043 CHESTERFIELD AVE, BALTIMORE, MD	US
S2-963342562	FOODS STEPIN SERVICES PRIVATE LTD	PLOT NO. #32 , SY. NO. 12, NAVODAYA CO-OPERATIVE HOUSING SOCIETY, ROAD NO. 14, BANJARA HILLS, KHAIRATABAD, Telangana	India
S2-16208231	péttijohnsfreight.com	11215 DITMAN AVE, MO, KANSAS CITY	US
S2-530082928	Mccorvey & Tumer Chemical	5616 HERRING PINT CIR, SEYMOUR, TX	US
S2-968989641	Bike Cozy Shop	##3300 SOUTHERN OAKS DRIVE, BLOOMINGTON, IN	US
S2-220908217	Keston Distribution Ltd	814 CHURCH STREET, NASHVILLE CITY, TN	US
S2-785380536	IJ Technologies	DR. AMBAR PARE NATUROPATHY CENTRE, VILLAGE - DULIYA, HARDA, Madhya Pradesh	India
S2-462148816	ominfotech.com	FIRST FLOOR, UNIVERSAL PLAZA 13/20, W.E.A, Delhi, SHOP NO. 0103, KAROL BAGH, NEW DELHI	India
S2-844096534	TJ Consultants Private Ltd	5A, NARENDRA CHANDRA DUTTA SRANI 2ND FLOOR, UNIT NO. 205, KOLKATA, KOLKATA, West Bengal	India
S2-345612237	Hung's Printing Gróup	AR, 4621 U ST, FORT SMITH	US
S2-802104234	Jain Hospitality	B-54, KARNI NAGAR, NEAR KARNI BHAWAN PALACE HOTEL, LALGARH, BIKANER, Rajasthan	India
S2-1358949	Clemons, Sehgarer and Green Manufacturing LLC	LIVERPOOL OTWNSHIP, NY, 314 SYCAMORE STREET	US
S2-641563491	Kelly, Gauger & Kubat LLC	1734 SPMING LN, OSAGE BEACH, MO	US
S2-916818983	Jvp	OFFICE NO. 305., NAVRANG, SHOPPING ACRADE GOKHALERD, MUMBAI, Maharashtra	India
S2-751996089	OCO SYSTEMS PRIVATE LIMITED		India
S2-158285194	Newsome Focus | www.newsomefo.com	#3040 MILLERS WAY, SEVIEVILLE, TN	US
S2-467326160	PHDGANDYCHEREY.COM	18 FAIR OAKS DR, SAINT LOUIS, MO	US
S2-131830193	Internal Medicine First Care Associates (Corp)	##120 MOUNTAIN LAUREL ROAD, WETUMMPKA, AL	US
S2-829276791	jsmproductscom	NO 7, 3RD FLOOR, 80 FT ROAD, BANGALORE SOUTH, Karnataka	India
S2-31771667	URGENT  CARE	65 AGAMENTICUS AVENUE, CAPE NEDDICK, ME	US
S2-257711771	Best Global Mobility	4926 Discovery Ridge Ct, SILVERDALE, WA	US
S2-102414370	Tulsa Professionals Professionals Private	C-3/6., SCH-7 SHASTRI NAGAR, MEERUT, उत्तर प्रदेश	India
S2-103317911	Division  of Transportation Center	369 BROWN ST, BLUFF CITY, TN	US
S2-67366641	[Corp] Patsy's Vanguard Advertising	3710 CAMELBACK ROAD, MARYVALE, AZ	US
S2-669973504	internalgreenmedicine.com	5126  LYPTUS LANE, OR, KLAMATH FALLS	US
S2-921849161	Future Global Limited Estate	PLOT ##15 MUNNI STREET AMROHA GATE MORADABAD IN, MORADABAD, उत्तर प्रदेश	India
S2-647325328	Germain and Eckr Good Inc	12 MAPLE RD, BELMONT, ME	US
S2-930683465	FIRST PRESBYTERIAN  CHURCH LP	1071, TYNER, KY	US
S2-493847838	Complete Rapid Muniyield, Incorporated	12556-B YORKSHIRE DR, APPLE VALLEY, CA	US
S2-177541103	International Cloud-Global LLC	300-C MORTON AVENUE, RIPLEY, OK	US
S2-412251378	Surgical Health	00380 CENTRAL STREET, LEOMINSTER, MA	US
S2-822972035	PEDIATRIC PHYSICIANS INC.	7350 TENEFLY ROAD, PIKE, NY	US
S2-818405788	Dr Narayan Shopping  Associates	HN 15 C-804 IMPERIAL HEIGHTS 150 FEET RING ROAD - OPP. BIG BAZAR, RAJKOT, ગુજરાત	India
S2-521619615	Casper Companies	349-351 BRIAR BRAE RD, PMB 4825, STAMFORD, CT	US
S2-407923955	श्री फाइनेंस लिमिटेड	C-102/B-2 FIRST FLOOR, NEW PANVEL, RAIGARH, Maharashtra	India
S2-106967998	RANDOLPH, ROLLS AND ZACHARIAS  (CARE)	403 WILSON DRIVE, MIDWEST CITY, OK	US
S2-319448758	DAISEY'S VENTURES	HEARTWOOD CT, PO BOX 2966, GLEN BURNIE, MD	US
S2-116655288	Lewis and Fink Dynamix (LLC)		US
S2-597158912	Electric-LLC Greenwood Keystone Electric-LLC	COKER STREET, GREENWOOD, AR	US
S2-634768802	Creative Alpha Investment Private Ltd	C/O RADHESHYAM GHANSHIRAM MARAN KARMACHARI COLONY MANDI, KALAPIPAL, SHAJAPUR, Madhya Pradesh	India
S2-540639725	Chiropractic Specialists Corporation	508 7ST STREET, BRAINERD, MN	US
S2-884841494	Atlantic Warhlsss Associates, LLC	313 DARVANY DRIVE, DALLAS, TX	US
S2-555453578	George  Innovative	CINCINNATI, OH, 2572 Duck Creek Rd	US
S2-975076974	Pediatric Medicine of Cimarron Hills Authority	7245 24, CIMARRON HILLS, CO	US
S2-69715454	Pvt Indrraj Farms Limited	DOOR NO B3/693 A-1/296, JANAKPURI NEW DELHI, NEW DELHI, दिल्ली	India
S2-719621453	ಬ್ಲ್ಯಾಕ್ ಕೇರ್ ಪ್ರೈವೇಟ್ ಲಿಮಿಟೆಡ್	3-A, DOD BALLAPUR, NAGADENAHALLI, KASABA, DODDABALLAPURA, Karnataka	India
S2-594603947	Allied-Trusted Optics Optics Inc	TAYLOR ROAD, NEW IWNDSOR, NY	US
S2-978968308	AMES KEEN  (LLC)	STEELHORSE DR, FUQUAY VARINA CITY, NC	US
S2-6257913	Chastity Gowans American (Mission)	LA VERNIA, TX, 3321 307	US
S2-207501664	Tri-State  Newbury Group	1021 AMITY RD, BETHANY, CT	US
S2-958939959	Yolanda Chaudhry All	10808 MASSASOIT AVE, CHICAGO RIDGE, IL	US
S2-968743170	Frontier Braves Co	SPRINGFIELD, 5109 Eagle Ridge, IL	US
S2-380840599	Ceniify Consultants	1443 TENEIGHTH WAY, SACRAMENTO, CA	US
S2-868658492	Tatiana Bingham Kpet  LLC	1275 R CAPITOL AVENUE, ATLLANTA TOWNSHIP, GA	US
S2-841457265	Tigadi Farming		India
S2-656974158	Vrisa Sonsltos Ltd	49-4-12/122, AADARSH COLONY, VIJAYAWADA (URBAN), ఆంధ్రప్రదేశ్	India
S2-229954095	Dawn Industries Group [Private]	1-175 , VITTAMRAJUPALLE VILLAGE VINUKONDA MANDAL, GUNTUR, Andhra Pradesh	India
S2-484536898	Honesty  Gas (India) Co	NO 1 , 2 FLOOR, ANGEL COMPLEX, 1ST MAIN ROAD, BRAMARAMBA EXTENSIN, CHAMARAJANAGAR, CHAMARAJANAGARA, Karnataka	India
S2-862209619	TATAUM CORP - 3278556128	8, LEXINGTON, NC	US
S2-906575194	GOBLE ENTERPRISES LP	1008 THIRD STREET, LINCOLN, IL	US
S2-139554318	Mohammed, Stites & Omhefr (LLC)	5321 Veronica Dr, ALBUQUERQUE, NM	US
S2-148703501	Seor Stárling LLC-Services	1410 MIDPARK DRIVE, CITY OF APPLETON, WI	US
S2-101790119	Services Orno Fuels Private Limited	1026. , SECTOR-15 PART -II, GURUGRAM, Haryana	India
S2-357687512	VANGUARD MOBILITY ALLIANCE (INC)	BIG POOL, 10307 NATIONAL PIKE, MD	US
S2-246082212	Great Médical Center	3719 BROOK SHADOW DRIVE, KINGWOOD, TX	US
S2-586963633	यूनाइटेड फाइनेंस प्राइवेट लिमिटेड	#405, DIVA DISTRICT THANE, DAHISAR N V, Maharashtra	India
S2-906612532	Kipp Martinez Aspac Ltd	1100, MATTOON, IL	US
S2-858796787	Pediatric Physicians	7350 Tenefly Rd, PIKE, NY	US
S2-531369725	CHIROPRACTIC CARE ASSOCIATES CENTER	2405 MORNING GLORY CT, CROWN POINT, IN	US
S2-283436892	Wingate's Tire Shop Llc	8106 MAPLEGATE PL, GLENN DALE, MD	US
S2-591717705	Polebridge  Regional	135-B RAINBOW DR, POLEBRIDGE, MT	US
S2-776914714	vwbprimelive.com	10156 YOUNG ROAD, BREMEN, OH	US
S2-72156421	Torre and Tegeler LLC		US
S2-486345635	COMPLETE RAPID MUNIYIELD,	12556-B YORKSHIRE DRIVE, APPLE VALLEY, CA	US
S2-397450420	Birch LLC	16844 CEDAR KEY AVE, BATOON ROUGE CITY, LA	US
S2-80598269	innovativewirelessinnovations.com	13560 MASON DRIVE, IN, TELL CITY	US
S2-274470740	capital triumph llc	GREENSBORO, NC, ADELYNN LN	US
S2-640624184	యూనిక్ విజయ్ టెక్నాలజీ ప్రైవేట్ లిమిటెడ్	H NO.19-1-455 & 456 KAMATI PURA, HYDERABAD, Telangana	India
S2-390962682	Olson Rogers Inc Center	##1129 22ND ST, FARGO, ND	US
S2-953367122	Basalt Compania Inc.	#8935 SR 26, LAWRENCE TWP, OH	US
S2-922118662	रियल केयर प्रा. लि.	301, FRAZER ROAD, PATNA, Bihar	India
S2-626966354	RAMCHANDRA (INDIA) POULTRIES PRIVATE	D -2/125/8 VIBHOOTI KHAND, GOMTI NAGAR, LUCKNOW, Uttar Pradesh	India
S2-138842988	Clark, Patton & Hensley (LLC)	KASOTA, MN, 440  WEBSTER STREET	US
S2-764322915	Ujjaksh  Lrrnhs LLP	B-03, JAI RESIDENCY, EVERSHINE CITY NEAR SECTOR 7, VASAI EAST, Maharashtra	India
S2-814470453	Bhilwara Commercial Private Ltd	NEAR GURUJI KI HOTEL PUR ROAD, BHILWARA, Rajasthan	India
S2-792007600	Anspach-Spa,	PALMERSTON DRIVE, CINCINNATI, OH	US
S2-209088132	Briney G. Lyons, L.C.S.W. LLC	3941 DUNHAAN RD, GREENVILLE, NC	US
S2-28731866	Womens Health Rocky Care Associates [Inc]	38641  SHILLING DRIVE, SCIO, OR	US
S2-495055935	Srujan Plasma (India) Llp	C-A-502 MAHIMA'S PANORAMA NEAR SRN INTERNATIONAL SCHOOL, JAGATPURA, JAIPUR, Rajasthan	India
S2-463531150	INTERNATIONAL AHMED  HEALTH CORPORATION	C/O PRAMOD KUMARSECTOR-18, SABJI MANDI SARHAUL- GURU, PALAM ROAD, Haryana	India
S2-809389228	DENTAL ALL CARE ASSOCIATES LLC	5805 WEST GATE BLVD, AUSTIN, TX	US
S2-544535752	Gonzalez, Parise & Rosa	3236 -300-3240 SILVER SANDS CIR, VIRGINIA BEACH CITY, VA	US
S2-908469452	Delta Safe	7143 176, DRAKESBBORO TOWNSHIP, KY	US
S2-500093587	Lucky Tavern Services | www.luckytave.com	4804- SHORE DR, MCHENRY, IL	US
S2-13503960	ऑल फूड प्राइवेट लिमिटेड	MUMBAI (SUBURBAN), Maharashtra, FLAT 4	India
S2-4046991	OV Limited Workforce	12-13-1274, C 204 TARNAKA, HYDERAGAD, Telangana	India
S2-427600484	Chastity Gowans American Mission LLC	3321 307, LA VERNIA, TX	US
S2-567629099	ROYAL INVESTMENT VENTURES INC.	68 1/2 WOODRUFF AVE, BROOKLYN, NY	US
S2-37639594	Big Cre LLC		US
S2-517363027	Krishna Foundation Private	NEAR TO GOVT. GIRLS. S. S. SCHOOL, MUDKI, Punjab	India
S2-879765932	Denava  Express	75 CAROUSEL LANE, SPRINGVILLE CITY, AL	US
S2-43171933	LOTUS MY	NO 560 S-103, FIRST FLOOR PARAM PURI, UTTAM NAGAR, NEW DELHI, दिल्ली	India
S2-505890771	Magruder Prairie Services	TX, 30124 NICHOLS SWMILL ROAD, MAGNOLIA	US
S2-58222492	jones's shop tire	4319 OKALEAF DR, TOPEKA, KS	US
S2-308592473	Capital Optimal Mckinley	2115 MARYLAND AVE, WASHINGTON, DC	US
S2-621361248	SILVER  SOLUTIONS	#2PLOT NO 2 GROUND FLOOR KAMRVDDIN NAGAR, NEW DELHI, Delhi	India
S2-476388130	Campos, Tovar & [Miller]	MAR LOOP, EUGENE, OR	US
S2-752959615	बालाजी हॉस्पिटैलिटी प्राइवेट लिमिटेड	H.HO.C-169, F/F, VILLAGE- ALI, K MPUR NEAR DSIIDC COMPLE, DELHI, CENTRAL DELHI, Delhi	India
S2-655645547	Optimal Ggf Chile	953-955 BIERSDORF ST, CARBONDALE, IL	US
S2-23052336	Nonaex LLC	CITY OF JANESVILLE, 4131 COBBLESTONE LN, WI	US
S2-977940350	merenda & [mancino]	12670 CABLE RD, PATASKALA TOWNSHIP, OH	US
S2-579310224	Ltd Foundation Otysy Cable	PLOT NO - D/17, AT/PO - SRANIKETA DARINGBADI, DARINGBADI, KANDHAMAL, ଓଡ଼ିଶା	India
S2-241570244	Mercado Averin LLC	520 17TH ST, MURPHYSBORO, IL	US
S2-604934884	Mccormick Apex [Supply]	19 RRLLING HILLS DR, NO BRANFORD, CT	US
S2-348921348	AGUIRRE EVO GROUP	4949 DEER TRAIL, PRESCOTT, AZ	US
S2-770364051	Goble Enterprises	3TH ST, LINCOLN, IL	US
S2-901656683	ऑल प्रोड्यूसर प्राइवेट लिमिटेड	H.NO 05, HUZUR, BHOPAL, Madhya Pradesh	India
S2-85276422	PDRITE FW FUELS LIMITED	NO.824 / 6 & 7, KRISHNAGIRI, Tamil Nadu	India
S2-403125820	PRAIRIE CAPITAL PLLC-PARTNERS	120. Autumn Woods Boulevard, MOUNT HOLLY, NC	US
S2-85665807	Dorthy Moore Plus-Services	214 SUGAR CREEK RD, MOCKSVILLE, NC	US
S2-924082921	Cindie's Painting LP	5400 SABELLE LANE, PO BOX 2631, HALTOM CITY CDP, TX	US
S2-476856832	american committee	1701 Audubon Ave, ROCHESTER, IN	US
S2-180379864	Ketech Incorporated	1310 BAGLEY DRIEV, KOKOOM, IN	US
S2-710566252	morenospublishing.com	609 HLMES BLVD, YORK COUNTY, VA	US
S2-253860714	Irigildbelo	PLOT ##347 R NO 126 RAHUL NAGAR OPP, Maharashtra, MUMBAI, GURU KRUPA STORES CHEMBUR	India
S2-331620621	SMART VISTA	1063 FAIRMOUNT AVE, NULL, BALTIMORE, MD	US
S2-307468146	Railway Road Éngineering LLP	PDS 11, PARAS DEWS, SEC 106 DWARKA EXRPESSWAY, RAILWAY ROAD, Haryana	India
S2-654338728	Tais Trust  LP	4 1/2 PARK DRIVE, PLEASANT VALLEY, NY	US
S2-436449818	ઇન્ટરનેશનલ બાબા એનર્જી પ્રાઇવેટ લિમિટેડ	705 KAIVANNANR PANCHVATI ELLISBRIDGE, AHMEDABAD, ગુજરાત	India
S2-740847263	होटल इंजीनियरिंग प्रा. लि.	S 6 PLOT NO 32 SECTOR 6 VAISHALI, Uttar Pradesh, GHAZIABAD	India
S2-166558129	Kipp Martinez Center	1100, MATTOON, IL	US
S2-883872849	Preferred Fresenius Llc	1819 OSAGE STREET, INDEPENDENCE, MO	US
S2-816707121	Golden Golden Business Partners	AZ, 4555 TONTO ROAD, ELOY	US
S2-103226456	Doralyn Frankel		US
S2-720413333	KETECH  INC.		US
S2-589576588	WILDLIFE FECRETAMNO VI INC	58 BARBRRY DRIVE, BEREA, OH	US
S2-150693213	NANICE ESPINAL	42241 VENN ROAD, CHANNEL LAKE, IL	US
S2-544023231	Polebridge Regional Church (LLC)	135-B RAINBOW DR, POLEBRIDGE, MT	US
S2-365168422	Delta  Coinshares	CHARLOTTE, NC, 3725 WATDRTON LEAS COURT	US
S2-819240437	GOLDEN BlSTRO	124 DIERDRE DRIVE, IRONDEQUOIT, NY	US
S2-929267481	premier tankers tri-state	119 MOUNTAIN IVY LN, BOONE, NC	US
S2-142674026	Hunter Managed Corporation	##550 ASBURY ROAD, CANDLER CITY, NC	US
S2-900627715	Peak Smart lntegrated	ESSEX ST, EAST HAMPTON, NY	US
S2-415968678	SILVER PIZZA! LLC	0328 CHILDS AVE, PMB 4650, OGDEN CITY, UT	US
S2-901517519	Mendenhall Bceul  Top	311 1/2- COLLEGE DR, DECORAH, IA	US
S2-836076590	Anderson Egdcinhrc LLC	OLIVER ST, WORCESTER, MA	US
S2-701045319	Pvt Ulike Greaeenh Ltd	10-1064-Z-29-A, MARKAPUR, PRAKASAM, Andhra Pradesh	India
S2-75491135	N R Industries LLC Services		US
S2-914884248	PRIVATE UNITED FINANCE LIMITED	FLAT NO. 405, GREATER MUMBAI, Maharashtra	India
S2-919749975	DERMATOLOGY SUMMIT PHYSICIANS	317 CIRCLE DR, SALEM, IL	US
S2-260008382	बाबा इंफोटेक प्राइवेट लिमिटेड	HN 1-991 B-513, 1ST FLOOR GREEN FIELD COLONY, FARIDABAD, Haryana	India
S2-548032358	Rocky  Cayson	5467 LAKE ROAD, GENEVA, OH	US
S2-486853235	Patsy's-Vegugard Advertising Corporation	3710 Camelback Rd, PHOENIX, AZ	US
S2-179872975	Morissa's Gulf Couriers Corporation	2970 MILITARY AVE, BAXTER SPRINGS, KS	US
S2-234643630	Citadel	38 DEER COURT DRIVE, NY, MIDDLETOWN	US
S2-363525059	Tatiana Bingrbim Kpet	1275 R CAPITOL AVENUE, ATLLANTA TOWNSHIP, GA	US
S2-40370188	Royal Investment Inc. Ventures	68 1/2 WOODRUFF AVENUE, BROOKLYN, NY	US
S2-949000420	Star Traders  Private Limited	C-C-21 BASEMENT, RIGHT SIDE PANCHSHEEL VIHAR, MALVIYA NAGAR, NEW DELHI, Delhi	India
S2-456739464	ಸ್ಟಾರ್ ಡೈನಾಮಿಕ್ ಇಂಜಿನಿಯರಿಂಗ್ ಪ್ರೈವೇಟ್ ಲಿಮಿಟೆಡ್	C/O. KARNATAKA INDUSTRIES, #56 NTY LAYOUT MYSORE RD., BANGALORE SOUTH, BANGALORE, Karnataka	India
S2-927865780	Big Cf LLC	11571 CHRISTMAS CHOLLA DRIVE, SCOTTSDALE, AZ	US
S2-542083228	तिरुपति सॉल्यूशंस एलएलपी	1ST PODIUM, SAMRIDDHI (S), INDRALOK, Maharashtra, BHAYANDER EAST, 01103 A-TOWER, THANE	India
S2-650918283	Basalt Center	#8935 SR 26, MARIETTA, OH	US
S2-775197773	Pragati &	C/O, MD. ALI MOLLA, VILL-, P.O.- ELAHIPUR, DIST: HOO, SERAMPORE, West Bengal	India
S2-916961998	Mccorvey and Turner Chemical LLC	5616 HERRING POINT CIRCLE, SEYMOUR, TX	US
S2-711304076	DIVISIONCLINICTRANSPORTATION.COM	369 BROWN STREET, BLUFF CITY, TN	US
S2-149316494	Nr  Estates Private-Limited	##77 BASUNDHARA COLONY TONK ROAD, JAIPUR, Rajasthan	India
S2-104786839	Garner and Palacios Vernal-Fargo Corp	137 E PRAIRIEWOOD DR, PO BOX 5227, FARGO, ND	US
S2-793698695	राम मार्केटिंग	DOOR NO 2 B G/F BLOCK K-2, NEW DELHI, SOUTH WEST DELHI, Delhi	India
S2-602158729	Optima Cóllege Ltd	5A/526C, CALD WELL COLONY, THOOTHUKUDI, Tamil Nadu	India
S2-704697535	limited sarasva india	9/1/3. KASUNDIA 2ND BYE LANE LP-224/24/1, HOWRAH, West Bengal	India
S2-48150903	Haveli Warehousing Care	SNO 118/26- BALAJI, CHOWKSUS ROAD PASHAN, HAVELI, Maharashtra	India
S2-113559348	Kameko's  Service	CORNELL AVE, REDLANDS, CA	US
S2-989330184	Leo-Global	26941A LOCUST GROVE ROAD, CREOLA, OH	US
S2-670543988	ಕ್ರಿಯೇಟಿವ್ ಕನ್ಸಲ್ಟೆಂಟ್ಸ್ ಪ್ರೈವೇಟ್ ಲಿಮಿಟೆಡ್	Karnataka, NO. 311/26, I FLOOR, 6TH CROSS I STAGE, I PHASE, MATHIKERE, BENGALURU	India
S2-405292143	NR  ESTATES PGIAVTE LIMITED	##77 BASUNDHARA COLONY TONK ROAD, JAIUPR, Rajasthan	India
S2-602058988	एसएस इन्वेस्टमेंट्स प्राइवेट लिमिटेड	A 32 GROUND FLOOR, NOIDA, GAUTAM BUDDHA NAGAR, Uttar Pradesh	India
S2-502481708	Underwood, Stowe & Monroe	5018 WADDELL ST, TX, FORT WORTH	US
S2-100391381	Pediatric All Halclht LLC	001410 FOREST DRIVE, ANNAPOLIS, MD	US
S2-90115750	Paras &-Partners Co	C/O BRIJ KISHORE, PADARA ROAD, FARIDPUR, Uttar Pradesh	India
S2-625791861	सुपर इंजीनियरिंग प्राइवेट लिमिटेड	H.NO 847 3/56, VINAMRA KHAND GOMTI NAGAR, LUCKNOW, Uttar Pradesh	India
S2-60832180	*** EQUINOX SERVICES	HOSUTON, TX, 11703 PLUMPOINT DRIVE	US
S2-114138550	Internal Medicine Associates	#4900 SCARSDALE DRIVE, AUSTIN, TX	US
S2-879138344	... NATIONAL LIHSBM (LLC)	200 Second Ave, JONESBOROUGH, TN	US
S2-291996297	Chastity Gowans American Mission (LLC)	3321 307, PMB 7555, LA VERNIA, TX	US
S2-834883633	LATTIN CERTIFIED  STARLINK	16698 MULTNOMAH FALLS DRIVE, HAPPY VALLEY, OR	US
S2-101747831	Huzur Cold L.L.P.	###886 H NO DHV-5/85, DANISH HILLS VIEW COLONY, HUZUR, Madhya Pradesh	India
S2-56113577	Nénaia		US
S2-248394213	BRIGHT  ELECTRIC P.L.L.C.	1644 Rosemont Drive, BATON ROUGE CITY, LA	US
S2-537434583	frankeldoralyn.com	742A GRANT AVENUE, SPRINGFIELD CDP, MO	US
S2-348416163	PARAS ENERGY COMPANY	C/O P.MANIKANTHA, PO-CHARAMULA, TELENGASHI, NABARANGPUR, ଓଡ଼ିଶା	India
S2-754029543	होटल एग्रो प्राइवेट लिमिटेड	202, FLOOR-2, PLOT-30, TOWERNO.4, STRATA PLANET GODREJ KESHAVRAO KHADYE MARG, SAAT RASTA, JACOB, CIRCLE, MUMBAI CITY, MUMBAI, महाराष्ट्र	India
S2-316052622	Shri ASHA CO  &	FLAT NO-8178, TOWER 8, BEGUR KOPPA ROAD, BANGALORE SOUTH, Karnataka	India
S2-431436252	[LLC] Od0nnell and Love	49C 107TH AVE, KILLDEER, ND	US
S2-598791675	Group Diversified Telecom Dynamics	##1857 4TH AVENUE, SACRAMENTO, CA	US
S2-631087818	Rabun Biogaol LLC	0226 87 ST, PO BOX 3995, NEW YORK, NY	US
S2-473545022	[Services] First Baptist	28 14ST ST, NEWARK, OH	US
S2-626606594	mccormick apex supply l.l.c.	19 ROLLING HILLS DRIVE, NO BRANFORD, CT	US
S2-716193151	YOKE TECHNOLOGIES  PRIVATE LTD	C/O LATE SADHU CHARAN, BANKATWA, GORAKHPUR, GORAKHPUR, उत्तर प्रदेश	India
S2-540966738	Kolkata India Private	PLOT 122 VILL & P.O.-RASAPUNJA, P.S.-BISHNUPUR B.H. ROAD, KOLKATA, West Bengal	India
S2-496908633	[L.L.C.] JONES CITIZENS	NC, FAETTEVILLE, PO BOX 654, GOODEN DRIVE	US
S2-875327982	Clairvoyant Rcdbr Private Limited	7-1ST FLOOR, TAMRAKARMALL, NEW BUS STAND, SEHORE, Madhya Pradesh	India
S2-277852637	VALLEY  BOND	202 SPENCER RD, OAKHAM, MA	US
S2-956982693	Delta (Madison)	15455. LOWER BUCKEYE PKWY, GOODYEAR, AZ	US
S2-568955109	Nylagildvantage	1932 AVE P, PMB 1036, SCOTTSBLUFF, NE	US
S2-531751331	Ear Nose and  Throat Mountain Partners-Chicago	2101 KILDARE AVE, CHICAGOC ITY, IL	US
S2-919197669	Tiertza Litten  Flex Inc	2562D M PLACE, AUBURN, WA	US
S2-711692531	गुड हाईटेक एस्टेट प्राइवेट लिमिटेड	14, MUMBAI, KARJAT, Maharashtra	India
S2-674683963	Service Gore Inc	OK, EDMOND CDDP, ##1704 GLACIER LN	US
S2-436946851	Solutions  Adafro Farms Pvt Ltd	PLOT NO-130., AT SARUA, BAGHAMARI, KHORDHA, Odisha	India
S2-833120766	Sri Satya Services Private	H.NO 53 120, SOWRIPALAYAM ROAD KRISHNASWAMY NAGAR, COIMBATORE, null, தமிழ்நாடு	India
S2-464144076	Anil  State Corporation	8, HUZEFA APARTMENT, 2ND FLOOR NR. JAMALI MASJID, VOHRAWAD, AMLI FALIYA, GODHARA, Gujarat	India
S2-829502676	LLC Young Optimal Strategy	127 NEDRA CT, SACRAMENTO, CA	US
S2-686749732	Ltd Disha B1end	105/28, SANTOSHI APTT, NEAR INCOME TAX OFFICE, ERANDAWNA, PUNE, Maharashtra	India
S2-976676551	Danit Rowland, CPA  LP	3556- SUMMERFIELD LN, WINSTON-SALEM, NC	US
S2-629235320	TRICHYTECHNOLOGIES.COM	NO:379, SECOND STREET, AMMAN NAGAR, EAST EXTENSION, KATTUR, TRICHY, Tamil Nadu	India
S2-954131440	Birch L.L.C.	LA, BATOON ROUGE CITY, 16844 CEDAR KEY AVENUE	US
S2-285446463	Coastal Services Security	00908 WOODTICK RD, N/A, WATERBURY, CT	US
S2-229917275	trccomputers.com	MALANI HOUSE, MURTIZAPUR, Maharashtra	India
S2-800996489	Pediatric Coastal Medicine	4113-D RIVERSIDE DR, LORAIN, OH	US
S2-437414419	Rodriguez 8etter Group	3971 REBEL ROAD, LINDEN, NC	US
S2-745187312	डायनामिक प्रोड्यूसर प्राइवेट लिमिटेड	DOOR NO 10 GROUND FLOOR GAUTAM NAGAR, DELHI, SOUTH DELHI, Delhi	India
S2-591825552	Herrera Plalinum  Research	107 OCALA CT, CARY, NC	US
S2-1366262	ESTELE'S CENTER	853 TRENTON PLACE, ORO VALLEY, AZ	US
S2-214296497	Allied Pan Ínc	112 1/2 JEFFERSON STREET, WILLIAMSBURG CITY, VA	US
S2-435363168	बाबा Technology	B-A-303, PUNE, HADAPSAR, Maharashtra	India
S2-221988027	uniquesons.com	118 , 119 SYNO:190, IP CHANDANVELLY, RANGAREDDY, Telangana	India
S2-290544669	Shiv-Paint Pvt. Ltd.	PLOT 184 FLAT NO C 303 JAI GALAXY APPARTMENT KODIGEHALLI MAIN ROAD BANGALORE, BANGALORE, Karnataka	India
S2-824936103	Unique Vimy Technology Private Limited	H.NO 19-1-455 & 456 KAMATI PURA, HYDERABAD, Telangana	India
S2-822448179	Olson  & Rogers Inc	##1129 22nd Street, FARGO, ND	US
S2-69491551	ओम इंफोटेक प्राइवेट लिमिटेड	FIRST FLOOR, UNIVERSAL PLAZA 13/20, W.E.A, #0103, KAROL BAGH, Delhi, NEW DELHI	India
S2-509225075	Huzur Cóld LLP	###886 H NO DHV-5/85, DANISH HILLS VIEW COLONY, HUZUR, Madhya Pradesh	India
S2-153950533	Family Fellowship Inc III	104 FLEMING AVENUE, GENEVA CDP, AL	US
S2-380445991	QQ  ROCKY FEDERAL	798 ORANGE TWP RD 944, ASHAND, OH	US
S2-317453612	Julita's Súpply	MD, 86 WASHINGTON AVENUE, KENT COUNTY	US
S2-920304832	PEDIATRIC PHSYIAS-LLC	4229 CRTINA RD, LYSANDER, NY	US
S2-549671053	Katharine's Green  Soafwtbre	1 ALPENA AVENUE, PMB 7206, WOBURN, MA	US
S2-605976812	HUSSAIN, CARTER  AND GOODWIN	605 HALL STREET, REDGRANITEE CITY, WI	US
S2-526281796	The Atlantic Foundation	3425 BERET LN, SILVER SPRING, MD	US
S2-31561982	तिरुपति सॉल्यूशंस एलएलपी	महाराष्ट्र, BHAYANDER EAST, 1ST PODIUM, SAMRIDDHI (S), INDRALOK, H.NO 01103 A-TOWER, THANE	India
S2-244871232	Dynamic Global Private Private	306 RAJENDRA APARTMENTS, 158 BERACAH ROAD, PERAMBUR PURASAWALKAM, Tamil Nadu	India
S2-852280731	3763 Cómpany Boulevard Lake	504 REDBIRD CIRCLE, TOWN OF LEDGEVIEW, WI	US
S2-4702910	SSUA, MARI PEARL LLC	114 Main St, NORRISTOWN, PA	US
S2-183124145	Suman Technologies Limited	N-98-BSOUTH AVENE SAINIK FARM, NEW DELHI, Delhi	India
S2-654065063	The Vergara Federal Clean	NY, 297 SCHODACK VALLEY ROAD, SCHODACK	US
S2-276977725	MODERN FLAHERTY INC.	MESQUITE DR, SUGAR LAND, TX	US
S2-406317010	Mr Kpm Hawk  Private	1-1-89, SIDDARTH NAGAR REC POST, WARNAGAL, Telangana	India
S2-913472995	FRESH TWO, INCORPORATED	TX, 2958 SIR IAN BLAKE DR, CONROE	US
S2-94515380	86/87 Associates Center	211 OAK FOREST DR, ORANGE, TX	US
S2-786742071	BRIGHTCARE.COM	#74 401, TAMBE APARTMENT, DR. ANSARI ROAD, THANE, Maharashtra	India
S2-211596680	United Fuel LLC	9001 Drummond Ave, NULL, PORTLAND, OR	US
S2-913347193	HALSEY & COXN INC.	SPRING STREET, SPRINGFIELD, IL	US
S2-259438652	Shiv Arihant Trading Private Ltd Ltd	01/264 HOUSING BOARD, 1ST FLOOR, SRIGANGANAGAR, राजस्थान	India
S2-352124719	Ketech-Inc	BAGLEY DR, KOKOOM, IN	US
S2-554846016	WF All Greenfire Inc.	157 JOHN HENRY CIR, FOLSOM, CA	US
S2-953144555	Premier LLC [Services]	201-205 CURIEL ST, ELOY, AZ	US
S2-190963562	Sri RAMMARKETING.COM	NO 2 B G/F BLOCK K-2, MAHIPALPUR EXTN, NEW DELHI, Delhi	India
S2-866395461	Verity Consultants Private-Ltd	BHANU NILAYAM, PLOT NO. 159, PHASE-III IDA CHERLAPLLY, HYDERABAD, Telangana	India
S2-33614696	Dorthy Moore Global Plús	214 SUGAR CREEK RD, MOCKSVILLE, NC	US
S2-218079582	Jere Mohr Inc Services	646 KARA CT, LEBANON, IN	US
S2-868864702	preferredconsultants.com	684 FOOTHILL BLVD, RIALTO, CA	US
S2-121940766	Spam (India) Credit Private-Ltd		India
S2-656603794	UJJAORA  FINANCE PVT LTD	#325 LAXMIKRUPA ODHAV CHS LTD ARBUDANAGAR NR CHHAGANBHAI-S WELL ODHAV, AHMEDABAD, Gujarat	India
S2-765318695	Thomas Interests	754 MONTE BRAZIL DR, SACRAMENTO, CA	US
S2-154913370	Daugherty Charter-(School)	8411 ADA STREET, CHICAGO, IL	US
S2-552596705	-- tri-state newbury group	CT, 1021 AMITY ROAD, BETHANY	US
S2-299164733	Fami1y Empire Partners Partners LLC	2716 VALDEZ DR, TEMPLE, TX	US
S2-474338323	Benigno Rocket (LLC)	680 OHIO STCEET, VAN CDP, TX	US
S2-140562178	Rosiles Interstate	05401 BUS HWY 83, HARLINGEN, TX	US
S2-938971563	Reliable Clgrtod Enterprises  LLC	006513 22ND AVENUE, PHOENIX, AZ	US
S2-492005141	Mceachern, Ansesrea, CPA, DDS PC	6515. CHRISTMAS TREE RD, CAMPBELLSBURG, IN	US
S2-562663819	VANGUARD CULTURE-GLOBAL	ALVERNON WAY, NULL, TUCSON, AZ	US
S2-128206969	Celka Pierce, DMD	3 SOGA PLACE, PO BOX 192, HOT SPRINGS VILLAGE, AR	US
S2-126563777	Martinez [Tsakos] (ID: 65207)	8969 SW VILLAGE LOOP, CHANHASSEN, MN	US
S2-134049508	TEDYNE PC	ANGELICA, 240 ALLEN BACHMAN WAY, NY	US
S2-340797399	Integrated Rénaissancere	NORFOLK, 1838 OCEAN VIEW AVE, VA	US
S2-194169428	Vsg Scientific Private Ltd	தமிழ்நாடு, NO 570/2 , SAIBABA NAGAR, THIRUMUDIVAKKAM, SRIPERUMBUDUR	India
S2-943152419	Service Ace Transit LLC	130 REBECCA HAMMOND CT, BROOKLYN, MD	US
S2-620953099	Clary Towsley  Innovative LLC	7980 NELSON RD, MILLIGNTON, TN	US
S2-329805302	ZY Chicago Ínc	Jackson Ave, CORVALLIS, OR	US
S2-342690808	ஸ்ரீ எஸ்எஸ் சிஸ்டம்ஸ் பிரைவேட் லிமிடெட்	H.NO 127B/42, MAJITH STREET, DHARMAPURI, Tamil Nadu	India
S2-497749938	Xyloveoecto	PALATINE, 1317 ARBOR LN, IL	US
S2-909946	O.D. Seelampur Gandhi Nagar Corporate Carfe	Delhi, 9/5184, O.D. SEELAMPUR GANDHI NAGAR	India
S2-62068170	Primary Cee Medicine of Richmond Hill Inc		US
S2-923222822	WALTON LIBERTY EUREKA CORP	929 OAK PARK AVENUE, OAK PARK, IL	US
S2-735876843	ELK  Custom Telefonica	001575 BELMONT AVE, PO BOX 5812, BATTON ROUGE, LA	US
S2-596289012	Milind Brothers-Ltd	NO.116/1, 6TH FLR, FLY DESK, SRI TEAGARAYA ROAD, CHENNAI, Tamil Nadu	India
S2-796486469	Big Cafe Llc Llc	11571 CHRISTMAS CHOLLA DR, SCOTTSDALE, AZ	US
S2-352866222	@cornerstoneinvestments	1475 MANITOAOC RD, CITY OF MENASHA, WI	US
S2-677844213	Smart Vsita Inc	1063 FAIRMOUNT AVENUE, NULL, MD, BALTIMORE	US
S2-573462234	ANDCONSULTANCY BOINCHI LTD	R/O C/O LAXMAN MANDI, DHARAMPUKURPARA, BHONPUR, HOOGHLY, BOINCHI, West Bengal	India
S2-275978645	Cedar Park,-County Of	404- TRUMPET VINE TRL, CEDAR PARK, TX	US
S2-797099823	VERRIUM BITCOIN CLINIC	1678 LANCASTER DR, YOUNGSTOWN, OH	US
S2-69302023	Mr HRV TRADERS-PRIVATE-LIMITED	Uttar Pradesh, 359/8, BARAHANI, CHANDAULI, CHANDAULI	India
S2-517519668	HAGAMAN ÉCONOMIC DEVELOPMENT		US
S2-519643814	Vision Pmretnesr PLLC	TX, TOMBALL, TOBIANO PARK DR	US
S2-149848817	Martinez Tsak0s LLC	8969 SW VILLAGE LOOP, CHANHASSEN, MN	US
S2-554757013	Ramchandra  (India) Poultries Private Limited	D -2/125/8 VIBHOOTI KHAND, GOMTI NAGAR, LUCKNOW, Uttar Pradesh	India
S2-262929489	Madhapur Pvt Ltd Center	#368 SERINITY SQUARE, PLOT NO: 37, & 38 OPP.THE WESTIN HOTEL, RAHEJA MIND SPACE, HITEC CITY, MADHAPUR, Telangana	India
S2-342684193	IJ Technologies Associates LLP	DR. AMBAR PARE NATUROPATHY CENTRE, VILLAGE - DULIYA, HARDA, Madhya Pradesh	India
S2-932696182	Rivera-Colonial	469 CHICAGO AVENUE, CHICAGO, IL	US
S2-458001284	Great Project	3402 PENDLETON DR, SILVER SPRING, MD	US
S2-142843750	Lotus My  Builders Corporation	Delhi, H.NO 560 S-103, FIRST FLOOR PARAM PURI, UTTAM NAGAR, NEW DELHI	India
S2-387165318	Internal Medicine Center of  Charlotte	PO BOX 2521, 2307 TRYON STREET, NC, CHARLOTTE	US
S2-414241629	Mendez's-Excavation PLLC	914 CHARLOTTE DRIVE, ANOKA, MN	US
S2-580054089	Baon Inc.	740 LANOIR STREET, EAST RIDGE, TN	US
S2-234859408	Let Peoples Private  (India) Limited	SULTANPUR ROAD, KAPURTHALA, Punjab	India
S2-339356009	Thg Air Pvt. Ltd.	FLAT NO:101, -POOL, HYDERABAD, తెలంగాణ	India
S2-787938026	Limited Maa Udyog Services	DOOR NO 2023., SECTOR D, PKT 1, VASANT KUNJ, NEW DELHI, Delhi	India
S2-952851011	Unique & 5ons Pirave Limited	PLOT NO.118, 119 SYNO:190, IP CHANDANVELLY, RANGAREDDY, Telangana	India
S2-213722801	Youth Center	3012 AMBER WAY, IN, SCHERERVILLE	US
S2-557746033	East Planet	5204 MEADOW VISTA CT, FLAGSTAFF CITY, AZ	US
S2-619485390	Namami (India) Sales  Private	FTNO.G-07 TOWER2-, PRANEETH PRANAV FLORA, TIRUMALAGIRI, Andhra Pradesh	India
S2-72187248	6-Legged D0g	8929-8933 MIDWAY RD, DALLAS, TX	US
S2-112049632	unified semiconductor holdings inc.	503 LAKESIDE WAY, MATTAWA, WA	US
S2-499003695	MORRIS  & SOTELO	555 A 1/2 SUMMER ST, LYNN, MA	US
S2-567613612	OV  Workforce Limited	12-13-1274, C 204 TARNAKA, HYDERABAD, Telangana	India
S2-377657212	Dr RELAY-SERVICES	NO: 1666, 2ND FLOOR, I BLOCK, 6TH AVENUE, ANNA NAGAR, CHENNAI, Tamil Nadu	India
S2-768398229	Hussain, Carter and Goodwin Ltd	HALL ST, REDGRANITEE CITY, WI	US
S2-788546730	Medina Pioneer Inc Center #19919		US
S2-76549885	Anchor Páymént Labs LLC	6224-B STAFFORD STREET, PRESCOTT VALLEY, AZ	US
S2-750554850	Unified Semic0nductor  Holdings	MATTAWA, 503 LAKESIDE WAY, WA	US
S2-668982676	Ujjain Network Ltd	27/3- UDHYOGPURI AGAR ROAD, R2 KPZ-5216, UJJAIN, Madhya Pradesh	India
S2-947390530	Tedyne PC	240 ALLEN BACHMAN WAY, ALLEN, NY	US
S2-562745713	SUMMIT PROGRAM CORP	SILVER MAPLE COURT, MOSELEY, VA	US
S2-94446806	Service Fresh Inc	SIR IAN BLAKE DR, CONROE, TX	US
S2-612988517	Womens Health Rocky Care Associates	38641  SHILLING DR, OR, SCIO	US
S2-33859155	... Germain Inc Ecker Good Good and	MORRILL, 12 Maple Road, ME	US
S2-236816546	KT LAB,	354 6RD AVENUE, GUIN, AL	US
S2-437201022	Held Franze & Reynolds Lending	771-775 HARVEST POINTE DRIVE, FORT MILL, SC	US
S2-147085664	mazzolaholdings.com	217 252 STREET, BRONX, NY	US
S2-212916025	VASOFT INC		US
S2-260372420	Big Cafe  LLC	11571 CHRISTMAS CHOLLA DR, SCOTTSDALE KACHINA, AZ	US
S2-440063466	Preferred Research Llc	1131 HIDDEN RIDGE, IRVING, TX	US
S2-459098533	KOLKATA  SOLUTIONS LTD	ACROPOLIS, 1858/1, RAJDANGA MAIN ROAD 5TH FLOOR, UNIT NO 5/12, KOLKATA, KOLKATA, West Bengal	India
S2-335577103	Allied  Auto	108 ESTHER LANE, MILAN, TN	US
S2-983872543	VJG-Informatics Private-Limited	B3/355, KIADB INDUSTRIAL AREA AUTO NAGAR, KANBARGI, BELGAUM, Karnataka	India
S2-740809822	DIRECTDEFENSEUNION.COM	SAINT RTE 60, GREENWWICH, OH	US
S2-166803794	SERVICES ORION FUELS PRIVATE LIMITED	Haryana, #1026. , SECTOR-15 PART -II, GURUGRAM	India
S2-983114731	Primary-Care Optimal Physicians LLC	41 GEORGE URBAN BOULEVARD, N/A, BUFALO, NY	US
S2-65897865	Límited Sree Finance	C-102/B-2 FIRST FLOOR, NEW PANVEL, RAIGARH, Maharashtra	India
S2-726624592	davis & adams corp	2734-2738 Wallcrest Blvd, COLUMBUS, OH	US
S2-903188739	Lyrasol	357 OAK STREET, OH, MARION	US
S2-2665470	UJJAIN NHGWORK LIMITED	27/3- UDHYOGPURI AGAR ROAD, R2 KPZ-5216, UJJAIN, Madhya Pradesh	India
S2-450211071	SANJEEVANI COLLEGE	Madhya Pradesh, 22, ASHISH NAGAR KANADIA ROAD, INDORE	India
S2-942816725	Ernakulam Agro Private Ltd		India
S2-900562499	HE Shetkari Pvt Ltd.		India
S2-18205713	Odum Industries	8939 G AVE, HESPERIA, CA	US
S2-454444888	FINEX-HOSPITALITY GROUP	Maharashtra, H.NO 83 , SAI BABA NAGAR, NAGPUR	India
S2-125848432	NENAIA CO	1932 AVE P, PMB 1036, SCOTTSBLUFF, NE	US
S2-457265179	bombaymedia.com	#2 & 3, ZAVER ARCADE, SEWARAM LALWANI ROAD, MULUND (WEST), null, Maharashtra	India
S2-129154544	Piedmont College Corporation	TEMPE, 122 LOMA VISTA DR, AZ	US
S2-197107828	polebridge regional church (llc)	MT, POLEBRIDGE, 135-B RAINBOW DRIVE	US
S2-545287063	Yorktown Holdings	744 YKT SLICKFIELD RD, <NULL>, YORKTOWN, TX	US
S2-833102881	Royal Value Tower Ltd		US
S2-903370428	PVT. ENGINEERING JIS TRADING LIMITED	VAGHELA HOUSE, SANAND, Gujarat	India
S2-611639737	Primary Care Medicine of Richmond  Hill Inc	#136-06 87 Ave, RICHMOND HILL, NY	US
S2-233734305	teamair.com	FLAT NO:101, ANUSKA TOWERS, OPP. MERCEDES BENZ SHOW ROOM, LAKDI- KA, -POOL, Telangana	India
S2-722611864	Skeen Paper (Inc)	2100 COLUMBIA AVE, HYATTSVILLE, MD	US
S2-664242876	Olson & Rogers Inc.	FARGO, ND, 22ND ST	US
S2-27491925	Lyryx-Lacfh	410  VILLAGE CIRCLE, NEW ALBANY, IN	US
S2-155199333	Mcmann Corporation	3224 PORT ROYALE LANE, PHOENIX, AZ	US
S2-982458565	Shri ÁCUMENCROWNCOM	PLOT NO 1788, WEAVERS COLONY, KAPRA, SECUNDERABAD, తెలంగాణ	India
S2-935571519	International Ahmed Health Córporation	C/O PRAMOD KUMARSECTOR-18, SABJI MANDI SARHAUL- GURU, PALAM ROAD, Haryana	India
S2-88118127	Pacific Trading L.L.P.	68-5-1, GANDHIPURAM -4 LALACHERUVU, RAJAHMUNDRY, Andhra Pradesh	India
S2-628486356	Private Services Satnam Technologies Ltd	DOLR NO 7, CUDDALORE, Tamil Nadu	India
S2-915212785	Jaipur Private Limited Partners	P-309, GALI NO. 6, PATRAKAR COLONY, JAIPUR, Rajasthan	India
S2-505185779	Kinlaw & Watson	706 SLEEPY HOLLOW DR, WIRTZ, VA	US
S2-102911781	Clairvoyant Ride Private (Limited)	NO 7-1ST FLOOR, TAMRAKARMALL, NEW BUS STAND, SEHORE, Madhya Pradesh	India
S2-416293788	Valley Institute	4378 BELLA VISTA ROAD, SAN TAN VALLEY OWNSHIP, AZ	US
S2-558509921	Huzur Cold	###886 H NO DHV-5/85, DANISH HILLS VIEW COLONY, HUZUR, मध्य प्रदेश	India
S2-661462795	RCP Group		India
S2-915507279	Seor Preferred Starling L.L.C. - 1326824353	1410 MIDPARK DR, APPLETON, WI	US
S2-71660805	Inc Allied Pan	112 1/2 JEFFERSON STREET, WILLIAMSBURG CITY, VA	US
S2-38219733	PREFERRED DEFENSE VENTURES, LLC	1802 CRUISER LN, BELGRADE, MT	US
S2-480552116	SCHOOLURBANINTL.COM	SF-03, 2ND FLOOR, SOUTHERN PARK, PLOT NO.D-2, DISTRICT CENTRE, SAKET, MALVIYA NAGAR, Delhi	India
S2-881495665	Primary-Care Optimal Physicians LLC	N/A, GEORGE URBAN BLVD, NY, BUFALO	US
S2-472138456	NDSE II CONSTRUCTIONS PIRSATE LIMITED - 6816942322	D-10, THIRD FLOOR, NDSE II, दिल्ली	India
S2-527024579	ग्रेट इम्पेक्स प्रा. लि.	H.NO 567 MAKAN NO 4 PUMARTH BLISS, 1 MANGLIYA SULAKHEDI, INDORE, Madhya Pradesh	India
S2-372634346	Mendez's Excavation	914 CHARLOTTE DR, ANOKA, MN	US
S2-551720990	Preferred  Consultants	684 FOOTHILL BLVD, RIALTO, CA	US
S2-852095562	JAINLOGI5TICS.COM - 6613828978	#626 C - 5A, BJB NAGAR BHUBANESWAR, BHUBANESWAR, Odisha	India
S2-414865361	Deleon Clear Harmony Inc.	3595 VALLEY VIEW BLVD, WILLIAMS, AZ	US
S2-37915840	Diamond Wealth Technologies Inc	24 ADAMS AVE, EVERETT, MA	US
S2-442651907	Eastern Marketing Private Ltd	SCO - 29 1ST FLOOR MUGAL CANAL ABOVE CANARA BANK, KARNAL, Haryana	India
S2-185764297	Torres LLC Tegeler and	SAINT PAUL, MN, 120 LAWSON AVE	US
S2-29192141	3763 lake company boulevard	TOWN OF LEDGEVIEW, 504 Redbird Cir, WI	US
S2-910346582	rcstandard.com	469 CHICAGO AVE, CHICAGO, IL	US
S2-745551995	COLLETE-MILLER KEYCORP LLC	984 TOWN POINT ROAD, CHESAPEAKE  CITY, MD	US
S2-346172643	PATRIOT PATRIOT AVIATION	2323- CEDAR BAYOU LYNCHBURG RD, BAYTOOWN, TX	US
S2-201904363	Preferred Fresenius	1819 OSAGE ST, INDEPENDENCE, MO	US
S2-263751885	reinhart colonial gravity, pc	825 SUMPTER STREET, MEXIA TOWNSHIP, TX	US
S2-987754856	Foundation Odyssey Cable Limited	PLOT NO - D/17, AT/PO - SRANIKETA DARINGBADI, DARINGBADI, Odisha	India
S2-352101577	Rcj Chandra Pvt.	#986 A 19 PRATAP NAGAR, POST MANAS NAGAR, LUCKNOW, Uttar Pradesh	India
S2-513790793	Astron 0pportunities	#G-3566 , HAL II STAGE INDIRANAGAR, BENGALURU, Karnataka	India
S2-260875704	grorigin.com	801 8ST AVE, EDMONDS, WA	US
S2-16133756	PETERSON AND YOUNG P.C.	419  FIFTH ST, BLAINE, WA	US
S2-768014389	डायनामिक प्रोड्यूसर प्राइवेट लिमिटेड	NO 10 GROUND FLOOR GAUTAM NAGAR, DELHI, SOUTH DELHI, Delhi	India
S2-760397294	Pro Coninetal North	11422 45TH AVE, VILLAGE OF LAKE HALLIE, WI	US
S2-72852491	Espina1, Nanice Center	41956B VENN RD, CHANNEL LAKE, IL	US
S2-3447832	Paras-& Pártners	C/O BRIJ KISHORE, PADARA ROAD, FARIDPUR, Uttar Pradesh	India
S2-105444602	Surjit Technologies Pvt.	DOOR NO 140 B-226, STREET NO.-11 BHAJANPURA, DELHI, दिल्ली	India
S2-530192820	Honeywell-Creations Co	தமிழ்நாடு, 21 , MATHI TOWER VASU STREET, KILPAUK, CHENNAI	India
S2-943596339	Forge	45 CENTRAL PARK, NEW YORK, NY	US
S2-814891358	... Division Of Parks And Recreation Franklin	188 CHAPEL HILL DRIVE, PMB 1783, FRANKLIN, NC	US
S2-80827494	#youngmcknight	525 ROSE DRIVE, WAVERLY, OH	US
S2-41813175	Law Bonzer Chámbers	110, GH-12, SECTOR 21 D, LALLESHWARI VATIKA, FARIDABAD, Haryana	India
S2-660466141	anileshlabs.com	Gujarat, 310, KINARA APARTMENT, BEHIND SHREE APARTMENT, SURDT	India
S2-763394237	FH BUSINESS PVT LIMITED	602, 6TH FLOOR, CRYSTAL MALL, BANI PARK, JAIPUR, राजस्थान	India
S2-808449005	METRO FORTUNE LLC	6020 78TH STREET COURT, LAKWOOD, WA	US
S2-880282626	YRN  ADVERTISERS PIVTAE LIMITED	MMB 1/171, SITAPUR RD, LUCKNOW, Uttar Pradesh	India
S2-380783129	Buckner & Rowe Consulting LP	231 10TH ST, NEWARK, OH	US
S2-254163749	INDIA SEVA ÍNNOVATIONS PVT. (LTD.)	C/O SHOBHNATH YADAV, VILL MALAK INSIDE RAJA RAHUL CITY PO NILMATHA, LUCKNOW, Uttar Pradesh	India
S2-184385135	Innovative Cloud Technology LLC	001714 JENKINS RD, PASADENA, TX	US
S2-340966299	Sc Nidhi Private Limited	SHOP RZ B-C-4 RAGHU NAGAR, NEW DELHI, दिल्ली	India
S2-273536609	QA Biotech Private	SHOP NO. -005 RAJ AVENUE, TAKI ROAD SARVODAYA VASAH, VASAI, Maharashtra	India
S2-810268417	GOBLE ÉNTEBPROIES LP	1008 TMIRD ST, LINCOLN, IL	US
S2-842757782	മൈ ഹെൽത്ത്‌കെയർ പ്രൈവറ്റ് ലിമിറ്റഡ്	ROOM NO: XXI/610, CHALAKUDY MUNCIPALITY CHUNGATH BUILDERS AND DEVELOPERS PVT LTD, CHALAKUDY, THRISSUR, കേരളം	India
S2-16911130	GREAT ISFUANE LTD	13219 ANNIKA DR, LITCHFIELD PARK, AZ	US
S2-508238250	Bay VI, Guild LLC	1550 Worcester Rd, FRAMINGHAM, MA	US
S2-965442097	#scholarshipcouncil	0010436 NC41, FAIRMONT, NC	US
S2-426388647	Carey, Tropp & Chadwick	7ST ST, COTTAGE GROVE, OR	US
S2-437126754	Mercado Averin,	520 17TH ST, MURPHYSBORO, IL	US
S2-19416567	Silver  Trading Private Limited	DOTR NO 3 RD-FR;FL-F, 17K/18 DAKSHINDARI ROAD, PATIPUKUR, West Bengal	India
S2-584844513	स्मार्ट मैनेजमेंट प्राइवेट लिमिटेड	C-15-E MIG FLAT, NEW DELHI, MAYA PURI, Delhi	India
S2-670481148	Atlantic Foundation	MD, BERET LANE, SILVER SPRING	US
S2-400753781	STARMARKETINGUNION.COM (ID: 45782)	MA, WORCESTER, 321 ST NICHOLAS AVE	US
S2-480961684	Bright [Bakery]	1104-1106 BIEMERET STREET, CITY OF GREEN BAY, WI	US
S2-689940798	Mari Sousa Pearl	NORRISTOWN, PA, 114 Main Street	US
S2-300993520	-- Saltsman  Martin Inc	EVANSVILLE, 739 HEBRON DRIVE, IN	US
S2-450532326	Midwest  Assets, Inc	TX, 18222 STOCKTON SPRINGS DRIVE, SPRING	US
S2-598512682	Leo 6lobal	26941A LOCUST GROVE ROAD, CREOLA, OH	US
S2-251092923	Services Grocery Chakra Company	496, D8, GRAND CAG CENTRAL, AVINASHI ROAD, NORTH ZONE WARD-039, COIMBATORE SOUTH, Tamil Nadu	India
S2-208100528	6-Legged Dog Dog	TX, DALLAS, 8929-8933 MIDWAY ROAD	US
S2-303187143	reliable cloud enterprises llc	006513 22ND AVE, AZ, PHOENIX	US
S2-456994101	CHARLES BROWN,	Loloa Dr, KINGSVILLE, MD	US
S2-309432151	mccoy iron	29A STRONG ST, MA, EASTHAMPTON	US
S2-944410437	HOTEL FOOD	H.NO 663 92, G.I.D.C., MOTIPURA, HIMATNAGAR, ગુજરાત	India
S2-352672629	Cozy Bike	##3300 SOUTHERN OAKS DRIVE, BLOOMINGTON, IN	US
S2-235593819	Private All Food Límited	FLAT 4, MUMBAI (SUBURBAN), Maharashtra	India
S2-768424026	लोटस फाउंडेशन प्राइवेट लिमिटेड	1/2234, RAM NAGAR SHAHDARA, NEAR PANDIT CHOWK, DELHI, DELHI, EAST DELHI, Delhi	India
S2-144962083	Liberty Insbdtute of Technology	2023 BAJA CIR, LOS FRESNOS, TX	US
S2-348842653	BRIDGETTE RIVAS INTERNET INTERNET PRINCE EDWARD COUNTY - 2343061530	105 HASKINS LN, RICE, VA	US
S2-782529986	Tiyne PC	ALLEN BACHMAN WAY, ALLEN, NY	US
S2-787960435	#Sef1oify Republic  [LLC]	N2261 PRAIRIE RIVER AVENUE, TOWN OF MERRILL, WI	US
S2-638893609	RCJ CHANDRA PVT.	H.NO 986 A 19 PRATAP NAGAR, POST MANAS NAGAR, LUCKNOW, Uttar Pradesh	India
S2-12029274	Davis Family Offie	88 OLIVE CIR, LEBANON, TN	US
S2-566938075	International Global LLC Service	300-C MORTON AVE, RIPLEY, OK	US
S2-3727192	Oyster Marketing Private Limited	HN 747 S.NO 46/C, H.NO. 1/2, GALA NO. 112, JRT IND. ETAT VASAI PALGHAR VASAI-VIRAR CITY, VASAI, Maharashtra	India
S2-703274758	Jeri Kleinschmidt Liberty Cáre	BREWSTER, MA, 60 King Philip Road	US
S2-762667266	Inc Complete Rend Muniyield,	APPLE VALLEY, YORKSHIRE DRIVE, CA	US
S2-50297039	Baon Inc.	740 LANOIR ST, EAST RIDGE, TN	US
S2-935498364	Honeywell Creations	Tamil Nadu, NO 21, MATHI TOWER VASU STREET, KILPAUK, CHENNAI	India
S2-655700541	Prosser Americas Ltd		US
S2-77112782	Capital  Lafayette Partners	406 E BRECKINRIDGE ST, LOUISVILLE, KY	US
S2-813168227	Dawn Industries Group Private Ltd	1-175 , VITTAMRAJUPALLE VILLAGE VINUKONDA MANDAL, GUNTUR, Andhra Pradesh	India
S2-842391201	YZL  SOFTWARE LTD. PVT.	BLOCK D-505 S NO 199/1, 2/5 GALA NO 04 NR SUNDARA PALACE SAIKRUPA TRADE CENTER, MALEGAON, Maharashtra	India
S2-419117992	Atlantic Idnitiatirve	14020 BLACK CANYON HIGHWAY, PHOENIX, AZ	US
S2-236716492	Prastuti Hospitality (India) [Private]	H.NO 3022 S/F KUCHA NIL KANT DARYAGANJ, DELHI, Delhi	India
S2-928470717	UI Bny Ltd	43 WINDMILL LN, CLARKSTOWN, NY	US
S2-559556513	west integrated generation inc	4776 4865, WEST VALLEY CITY, UT	US
S2-247259392	systransitace.com	MD, 130 REBECCA HAMMOND COURT, BROOKLYN	US
S2-767811350	EMILIA STERNE LIBERTY BORAL (LLC)	240 1ST STREET, LUVERNE, AL	US
S2-126012527	Great Origin LLC (Partners)	801 Eighth Ave, EDMONDS, WA	US
S2-896461354	Inc. WF All Greenfire	CA, 157 JOHN HENRY CIR, FOLSOM	US
S2-197215418	KOZHIKODE CENTER CREATIVE	29/505, T K COMPLEX, KODUVALLY, KOZHIKODE, Kerala	India
S2-774788166	রেড মিডিয়া প্রাইভেট লিমিটেড	JUTIKA APARTMENT, TWO-FR, FL-2D, 11/1 SUNNY PARK, KOLKATA, CALCUTTA, METRO, West Bengal	India
S2-327143187	@odtotal	2265 JOYNER BRIDGE ROAD, FOUR OAKS, NC	US
S2-251221883	Smt nature building private limited	NO 18-A MALL ROAD, R B RATTAN CHAND AMRITSAR GPO MARG, AMRITSAR, N/A, ਪੰਜਾਬ	India
S2-583513122	Ujjain Network	27/3- UDHYOGPURI AGAR ROAD, R2 KPZ-5216, UJJAIN, Madhya Pradesh	India
S2-215659853	72 Hóur Homecare	8725 209TH STREET, LAKEVILLE, MN	US
S2-425668991	LLC North Coca	9971 WOODLAND COURT, TERRE HAUTE, IN	US
S2-469402929	1  800 FSLGSOWERS	1003 4390 RD, FT TOWSON, OK	US
S2-56528490	NEW DELHI INDUSTRIAL	Delhi, BLOCK A-218 CP-116 FIRST FLOOR MAURYA ENCLAVE PITAMPURA, NEW DELHI	India
S2-808718017	American Preferred Geferatogieng LLC	##2731 AR 351 HWY, JONESBORO, AR	US
S2-345387900	Foye Piedmont  Paceline LLC	8820 LUCAS AND HUNT ROAD, MO, SAINT LOUIS	US
S2-657877656	Germain and Ecker Good	12 MAPLE RD, MORRILL, ME	US
S2-729224815	Shiv Arihant Trading Private Ltd	01/264 HOUSING BOARD, 1ST FLOOR, SRIGANGANAGAR, Rajasthan	India
S2-467221654	Vision Pártners PLLC	19331 TOBIANO PARK DR, TOMBALL, TX	US
S2-122907468	lnternational Ahmed  Health Corporation	C/O PRAMOD KUMARSECTOR-18, SABJI MANDI SARHAUL- GURU, PALAM ROAD, GURGAON, हरियाणा	India
S2-560663387	balajihospitality.com	H.HO.C-169, F/F, VILLAGE- ALI, K MPUR NEAR DSIIDC COMPLE, DELHI, दिल्ली	India
S2-293555719	alindiamercantile.com	INDICON VIVA, 3RD FLOOR 53A, LEELA ROY SARANI, GARIAHAT, KOLKATA, BALLYGUNGE, West Bengal	India
S2-509116615	Jalna Chem  LLP	AT H. NO 211, BHAMBERI TQ. AMBAD S/DN DIST JALNA, JALNA, Maharashtra	India
S2-122910674	KINLAW & WATSON LLC		US
S2-738396662	H/X-Controls LLC	28103-28105 FM 2978, MAGNOLIA, TX	US
S2-621069228	East-Inc. Center	200 COVE WAY, QUINCY, MA	US
S2-972516303	Lambodar Sfocwares		India
S2-858132442	Lakhani Dígital Pvt. Ltd.	Kerala, <NULL>, TC 57/459-1-, SOWPARNIKA, VAYANASHALA JN, PUNCHAKKARI, THIRUVANANTHAPURAM, THIRUVANANTHAPURAM	India
S2-838801290	Verrium Bitcoin Clínic	LANCASTER DR, YOUNGSTOWN, OH	US
S2-871537495	FIRST PRESBYTERIAN-CHURCH	1685. 1071, TYNER, KY	US
S2-370509312	सिटी हॉस्पिटैलिटी प्राइवेट लिमिटेड	FIRST FLOOR, 74/8, 9-C, JASMEET NAGAR, AMBALA CITY, AMBALA, Haryana	India
S2-114088131	VSG SCIENTIFIC PRÍVATE LIMITED	NO 570/2 , SAIBABA NAGAR, THIRUMUDIVAKKAM, SRIPERUMBUDUR, Tamil Nadu	India
S2-433164325	మై కన్‌స్ట్రక్షన్ ప్రైవేట్ లిమిటెడ్	H. NO 1-1-742/3, G1, PET RESIDENCY NARMADA NURSING HOME LINE, GANDHI NAGAR, HYDERABAD, తెలంగాణ	India
S2-497767169	Cooper Clean Calisa Inc.	911 1/2 FIFTH STREET, CHICKASHA, OK	US
S2-871819872	Womens Health First Clinic Llc	LUBBOCK, TX, PO BOX 508, 3508 38ST ST	US
S2-263064661	POPPY PUBLIC SCHOOL CO	H.NO 188 CMC-4-1804, GH-01/A, SUPERTECH CAPETOWN, SEC-74, NOIDA, उत्तर प्रदेश	India
S2-76682929	Sri New Enterprises Private Ltd	H.NO 549 S.F.NO.62/1, SALEM MAIN ROAD, ATTHANUR - VILLAGE, ATTHANUR - POST, Tamil Nadu	India
S2-977532332	Jaipur Technologies Limited Services	P-309, GALI NO. 6, PATRAKAR COLONY, JAIPUR, Rajasthan	India
S2-250250598	Dragon Williams of Jacksonville-Corp	JACKSONVILLE, NC, 201 HARTFODR LANE	US
S2-566883221	KOLKATA ENER6Y PVT LIMITED	পশ্চিমবঙ্গ, 94 GIRISH GHOSH ROAD, 5TH FLOOR, FLAT A BELUR, KOLKATA	India
S2-129102183	सुपर इंजीनियरिंग प्राइवेट लिमिटेड	#847 3/56, VINAMRA KHAND GOMTI NAGAR, LUCKNOW, Uttar Pradesh	India
S2-481804821	Alfreda-Wheat Great Inc Productions	10207 Greenside Dr, COCKEYSVILLE, MD	US
S2-267724380	Premier  Tax LLC	AZ, 201-205 CURIEL ST, ELOY	US
S2-807647266	cornerstone investments l.l.c.	MANITOWOC RD, MENASHA, WI	US
S2-261270509	National Fellowship VI  LLC	9404A LONA LN, ALBUQUERQUE, NM	US
S2-732857415	Dalton, Hanson & Pierce Pierce	FAIR OAKS, 9245 WINDING OAK DRIVE, CA	US
S2-514898039	Health Bay Coalition	935 GARDNER RD, WYTHE COUNTY, VA	US
S2-669712899	Jenn Thomas Capital Grade Llc	7622  CAMELBACK ROAD, SCOTTSDALE, AZ	US
S2-571253425	Consultancy Classic Réalty Private Limited	1303-B 13TH FLOOR HEMKUNT CHAMBER 89 NEHRU PLACE, NEW DELHI, Delhi	India
S2-607190484	Maharshi Frobod LLP	HN 801 B 21 AKSHAR INDUSTRIAL PARK B/H VSHALA ESTATE, SP RING ROAD, ODHAV, AHMEDABAD, ગુજરાત	India
S2-851533890	86/87 Kárman Associates	TX, 211 OAK FOREST DR, ORANGE	US
S2-682615208	Nesoft	00215 OTTAVIANO WAY, HUTTO, TX	US
S2-593370525	ARYAMA COMPANY PARTNERS	NO 17/2 BARA MOHALLA, NEAR CITY THANA, HISAR, Haryana	India
S2-701861284	vanguard mobility alliance inc	10307 NATIONAL PIKE, BIG POOL, MD	US
S2-208952260	Metro, Elysia Mendoza Dte	1574 COLONY ROAD, PASADENA, MD	US
S2-916585467	Young Strategy LLC Center	CA, 127 NEDRA CT, SACRAMENTO	US
S2-634589436	Johnson,  Guthrie and Meadows LLC	BATTERY SAINT, BOSTON, MA	US
S2-869024527	Ndse Constructions Private Limited Services	D-10, THIRD FLOOR, NDSE II, दिल्ली	India
S2-337059663	DORALYN FRANKEL SIDDHI, INC	MO, SPRINGFIELD CDP, 742A GRANT AVE	US
S2-254133600	Piedmont College LLC Enterprises		US
S2-671679696	Urgent Care Direct	CAPE NEDDICK, ME, 65 AGAMENTICUS AVENUE	US
S2-517711964	BUREAU OF-SERVICES	#3063 MAIN STREET, N/A, CUSTER, WA	US
S2-334019354	Xyloquoevo	0226 87 ST, NEW YORK, NY	US
S2-92981733	Mr Cbs Beverihea  Pvt Ltd	RS.NO.77 OPP. PLOT NO.124, SOSIYA YARD, TALAJA, Gujarat	India
S2-387150004	Kipp Martinzf Aspac	5158 1100, MATTOON, IL	US
S2-301106101	JI Consultancy	C26 CC COLONY, NEW DELHI, Delhi	India
S2-813617935	Nonaex LLC	4131 COBBLESTONE LN, CITY OF JANESVILLE, WI	US
S2-634116840	YNES FOX MÓUNTAIN [WHOLESALE]	1665-D BRAMPTON WAY, SALT LAKE CITY, UT	US
S2-270511366	Pioneer Power Private Ltd	D 149/7 INUDSTRIAL AREAPHASE VII MOHALI ROPAR, PUNJAB, Punjab	India
